시도코드,시도명,시군구코드,시군구명,기준연도,연도,과거대비인구변화,최근인구변화,과거대비사업체변화,최근사업체변화,노후건축물비율
11,서울특별시,11110,서울특별시 종로구,2024,2024,-42.58109324,5,-8.181544935,3,82.5997762
11,서울특별시,11140,서울특별시 중구,2024,2024,-37.67103626,3,-12.69834978,3,88.08075688
11,서울특별시,11170,서울특별시 용산구,2024,2024,-31.15945377,4,-12.13065783,2,87.57969654
11,서울특별시,11200,서울특별시 성동구,2024,2024,-32.16392604,5,-4.196892492,3,85.65817896
11,서울특별시,11215,서울특별시 광진구,2024,2024,-13.11818279,5,-7.729540769,3,84.60974537
11,서울특별시,11230,서울특별시 동대문구,2024,2024,-34.08085913,3,-2.766142025,3,85.04203176
11,서울특별시,11260,서울특별시 중랑구,2024,2024,-15.64084837,5,1.357323232,0,79.93706378
11,서울특별시,11290,서울특별시 성북구,2024,2024,-22.88954564,5,0.826549781,1,82.71777003
11,서울특별시,11305,서울특별시 강북구,2024,2024,-24.5342857,5,-3.858031045,2,84.07729548
11,서울특별시,11320,서울특별시 도봉구,2024,2024,-15.15095629,5,-3.899916131,2,83.55267788
11,서울특별시,11350,서울특별시 노원구,2024,2024,-16.5168191,5,1.387632917,1,81.77505606
11,서울특별시,11380,서울특별시 은평구,2024,2024,-5.84911609,3,-0.70220826,1,74.66264266
11,서울특별시,11410,서울특별시 서대문구,2024,2024,-21.74874512,2,-6.085918854,3,83.89094759
11,서울특별시,11440,서울특별시 마포구,2024,2024,-18.99318229,5,-7.296979895,3,76.20449416
11,서울특별시,11470,서울특별시 양천구,2024,2024,-11.67767584,5,-2.580991268,3,78.92201144
11,서울특별시,11500,서울특별시 강서구,2024,2024,-1.158465904,5,-2.583012291,1,74.48566985
11,서울특별시,11530,서울특별시 구로구,2024,2024,-9.567057088,5,-6.132056653,3,79.60677459
11,서울특별시,11545,서울특별시 금천구,2024,2024,-29.87264944,5,-1.613043289,1,78.72936109
11,서울특별시,11560,서울특별시 영등포구,2024,2024,-24.13482831,4,-3.416455046,1,83.64248731
11,서울특별시,11590,서울특별시 동작구,2024,2024,-10.80034464,5,-5.203603067,2,79.89886907
11,서울특별시,11620,서울특별시 관악구,2024,2024,-16.66681178,2,-5.627402025,2,78.14949076
11,서울특별시,11650,서울특별시 서초구,2024,2024,-4.681951679,3,-10.37132563,3,70.41284404
11,서울특별시,11680,서울특별시 강남구,2024,2024,-6.707572505,3,-11.14306254,3,72.69773487
11,서울특별시,11710,서울특별시 송파구,2024,2024,-2.155277679,2,-6.150878994,3,75.79488701
11,서울특별시,11740,서울특별시 강동구,2024,2024,-17.76532766,2,0.588685621,1,71.57800526
26,부산광역시,26110,부산광역시 중구,2024,2024,-49.29681239,5,-19.9691637,3,86.74509804
26,부산광역시,26140,부산광역시 서구,2024,2024,-49.36977577,2,-9.729681346,3,88.79586488
26,부산광역시,26170,부산광역시 동구,2024,2024,-53.92514239,2,-13.76950452,3,91.15656604
26,부산광역시,26200,부산광역시 영도구,2024,2024,-46.12313409,5,-0.018288222,1,87.50717743
26,부산광역시,26230,부산광역시 부산진구,2024,2024,-32.36967957,1,-5.129688332,3,86.38367644
26,부산광역시,26260,부산광역시 동래구,2024,2024,-21.50054079,2,-2.195121951,1,84.59357765
26,부산광역시,26290,부산광역시 남구,2024,2024,-22.67197288,4,-11.76723582,3,84.72032742
26,부산광역시,26320,부산광역시 북구,2024,2024,-15.81090437,5,-5.620094192,2,84.11298882
26,부산광역시,26350,부산광역시 해운대구,2024,2024,-6.166785342,5,-4.038867983,2,84.13842482
26,부산광역시,26380,부산광역시 사하구,2024,2024,-19.55711622,5,-3.955835039,1,86.74925741
26,부산광역시,26410,부산광역시 금정구,2024,2024,-27.06432521,5,-11.84164564,3,81.55279226
26,부산광역시,26440,부산광역시 강서구,2024,2024,51.06454336,1,-2.423600305,1,47.5823879
26,부산광역시,26470,부산광역시 연제구,2024,2024,-22.41012546,3,-7.252958386,2,84.39395982
26,부산광역시,26500,부산광역시 수영구,2024,2024,-18.72178688,4,-1.278372032,1,81.99986358
26,부산광역시,26530,부산광역시 사상구,2024,2024,-28.80939424,5,-8.557270282,3,79.52555775
26,부산광역시,26710,부산광역시 기장군,2024,2024,14.54653987,1,0.028253376,0,44.78051392
27,대구광역시,27110,대구광역시 중구,2024,2024,-51.96175188,2,-4.749076355,2,82.23137093
27,대구광역시,27140,대구광역시 동구,2024,2024,-7.980662039,3,-7.140799631,3,74.15701707
27,대구광역시,27170,대구광역시 서구,2024,2024,-58.8179284,3,-6.911691486,3,88.34424128
27,대구광역시,27200,대구광역시 남구,2024,2024,-48.09003773,5,-1.386831032,1,85.60455683
27,대구광역시,27230,대구광역시 북구,2024,2024,-4.353485178,4,-4.991569619,1,73.19778708
27,대구광역시,27260,대구광역시 수성구,2024,2024,-8.519897727,4,-1.966620306,2,77.7411986
27,대구광역시,27290,대구광역시 달서구,2024,2024,-8.594771458,5,-6.941427808,3,75.57899436
27,대구광역시,27710,대구광역시 달성군,2024,2024,37.41711244,2,-3.35165954,3,54.20129562
27,대구광역시,27720,대구광역시 군위군,2024,2024,-41.89559322,2,-2.651966627,1,63.31015447
28,인천광역시,28110,인천광역시 중구,2024,2024,22.888979,0,-11.39558233,1,48.24946057
28,인천광역시,28140,인천광역시 동구,2024,2024,-53.3564132,3,-16.72756439,3,83.11141075
28,인천광역시,28177,인천광역시 미추홀구,2024,2024,-8.462243692,2,-3.850620693,3,82.98970895
28,인천광역시,28185,인천광역시 연수구,2024,2024,20.07068531,1,4.135031687,0,62.62033341
28,인천광역시,28200,인천광역시 남동구,2024,2024,-0.140986241,5,-1.934372163,1,68.94613023
28,인천광역시,28237,인천광역시 부평구,2024,2024,-12.60245079,2,-0.779593791,1,81.18979279
28,인천광역시,28245,인천광역시 계양구,2024,2024,-14.42776173,5,-2.110734819,1,71.11960393
28,인천광역시,28260,인천광역시 서구,2024,2024,8.216575488,1,1.491274458,1,49.46364337
28,인천광역시,28710,인천광역시 강화군,2024,2024,-9.420208904,1,-2.448337826,1,48.16977136
28,인천광역시,28720,인천광역시 옹진군,2024,2024,3.12228497,2,-0.229095074,1,47.12153518
29,광주광역시,29110,광주광역시 동구,2024,2024,-45.91358559,1,0.08567512,1,78.29981144
29,광주광역시,29140,광주광역시 서구,2024,2024,-6.794365695,5,-0.552311819,2,68.20052188
29,광주광역시,29155,광주광역시 남구,2024,2024,-24.41132807,3,0.675485505,1,76.14698966
29,광주광역시,29170,광주광역시 북구,2024,2024,-9.745635599,4,-6.633364835,3,71.2749213
29,광주광역시,29200,광주광역시 광산구,2024,2024,1.166857934,4,-8.929760856,1,53.42372689
30,대전광역시,30110,대전광역시 동구,2024,2024,-24.18044832,4,-2.326106594,1,78.08286998
30,대전광역시,30140,대전광역시 중구,2024,2024,-22.56534946,4,-6.849415205,3,82.87404
30,대전광역시,30170,대전광역시 서구,2024,2024,-6.913745043,5,1.472059143,2,72.57228388
30,대전광역시,30200,대전광역시 유성구,2024,2024,5.116475453,0,0.380936943,0,43.59877212
30,대전광역시,30230,대전광역시 대덕구,2024,2024,-25.847599,5,-9.233170411,1,77.80606001
31,울산광역시,31110,울산광역시 중구,2024,2024,-10.49822516,3,-4.657478096,3,77.24210623
31,울산광역시,31140,울산광역시 남구,2024,2024,-7.251508697,5,-7.954962673,3,69.25444707
31,울산광역시,31170,울산광역시 동구,2024,2024,-19.52763207,3,-1.073604797,1,69.12906253
31,울산광역시,31200,울산광역시 북구,2024,2024,15.17523774,3,-2.839342816,1,52.22417523
31,울산광역시,31710,울산광역시 울주군,2024,2024,1.628765902,5,-7.312196515,1,48.00392242
36,세종특별자치시,36110,세종특별자치시,2024,2024,73.67709163,0,0.627008142,0,50.26401593
41,경기도,41110,경기도 수원시,2024,2024,0.254103463,2,1.610055053,0,70.70740254
41,경기도,41130,경기도 성남시,2024,2024,-5.616318092,5,-1.614374805,3,76.89777959
41,경기도,41150,경기도 의정부시,2024,2024,6.102364091,1,-1.103991353,2,76.21527778
41,경기도 ,41170,경기도 안양시,2024,2024,-13.19986349,2,-2.935423881,1,76.4206698
41,경기도 ,41190,경기도 부천시,2024,2024,-6.902849694,5,-4.808223201,1,78.57288481
41,경기도,41210,경기도 광명시,2024,2024,-17.24069145,5,-7.376443598,3,72.85063579
41,경기도,41220,경기도 평택시,2024,2024,17.12567668,0,-1.412375923,1,41.47802074
41,경기도,41250,경기도 동두천시,2024,2024,-2.902887925,5,1.433691756,0,65.86608443
41,경기도,41270,경기도 안산시,2024,2024,-12.47682755,4,-0.763869242,1,57.37209241
41,경기도,41280,경기도 고양시,2024,2024,5.499299596,3,2.685762877,0,51.06336923
41,경기도,41290,경기도 과천시,2024,2024,-20.35575581,0,5.824102048,1,51.58648925
41,경기도,41310,경기도 구리시,2024,2024,1.384101508,5,-3.375363725,2,70.27371101
41,경기도,41360,경기도 남양주시,2024,2024,10.35607301,1,-0.12374536,1,37.95128144
41,경기도,41370,경기도 오산시,2024,2024,10.01890822,2,0.463109146,0,45.35626536
41,경기도,41390,경기도 시흥시,2024,2024,18.61013535,1,-3.629260728,1,55.26577889
41,경기도,41410,경기도 군포시,2024,2024,-4.661917485,5,-5.460030166,1,74.02030346
41,경기도,41430,경기도 의왕시,2024,2024,3.625778376,4,-1.892793422,1,54.77114042
41,경기도,41450,경기도 하남시,2024,2024,81.06551523,1,3.278989386,0,46.15435884
41,경기도,41460,경기도 용인시,2024,2024,9.596803487,1,5.434931905,0,39.220845
41,경기도,41480,경기도 파주시,2024,2024,10.60916279,0,0.371219948,0,32.89442873
41,경기도,41500,경기도 이천시,2024,2024,7.228329169,2,-6.175771971,1,45.18419166
41,경기도,41550,경기도 안성시,2024,2024,1.36092346,1,-5.857872006,1,47.27667859
41,경기도,41570,경기도 김포시,2024,2024,34.63503177,1,0.801174839,0,30.0554974
41,경기도,41590,경기도 화성시,2024,2024,45.56307918,0,0.374721851,0,33.41026079
41,경기도,41610,경기도 광주시,2024,2024,24.04894838,1,-0.599012617,1,39.44213409
41,경기도,41630,경기도 양주시,2024,2024,13.81025171,0,4.031318281,0,43.63485525
41,경기도,41650,경기도 포천시,2024,2024,-4.567748597,3,-5.366033561,1,48.64421625
41,경기도,41670,경기도 여주시,2024,2024,2.078833439,0,-19.23547741,1,37.00780471
41,경기도,41800,경기도 연천군,2024,2024,-33.10163656,5,-37.21322537,1,57.63522696
41,경기도,41820,경기도 가평군,2024,2024,2.063734509,3,2.678002125,0,37.75932078
41,경기도,41830,경기도 양평군,2024,2024,11.57176856,0,8.375863104,0,33.941996
43,충청북도,43110,충청북도 청주시,2024,2024,1.953379521,0,0.126216266,1,58.6569116
43,충청북도,43130,충청북도 충주시,2024,2024,-3.136830223,5,-0.539652745,1,59.71650579
43,충청북도,43150,충청북도 제천시,2024,2024,-7.719713312,5,-4.002214226,1,59.77280654
43,충청북도,43720,충청북도 보은군,2024,2024,-41.0112682,5,-3.529958198,1,64.09741987
43,충청북도,43730,충청북도 옥천군,2024,2024,-31.67118209,5,0.560185818,0,62.43792675
43,충청북도,43740,충청북도 영동군,2024,2024,-40.17287615,5,3.272522099,1,45.03657262
43,충청북도,43745,충청북도 증평군,2024,2024,-10.83304425,2,-3.285613706,1,57.38875878
43,충청북도,43750,충청북도 진천군,2024,2024,24.37797899,0,-0.502185437,2,52.30539266
43,충청북도,43760,충청북도 괴산군,2024,2024,-30.33217612,4,4.229223937,1,47.49253731
43,충청북도,43770,충청북도 음성군,2024,2024,-1.56428844,4,-0.292549733,1,49.66429755
43,충청북도,43800,충청북도 단양군,2024,2024,-44.85634847,5,-1.498637602,1,64.34833813
44,충청남도,44130,충청남도 천안시,2024,2024,7.6731087,3,1.282033815,0,56.42148819
44,충청남도,44150,충청남도 공주시,2024,2024,-33.22641665,5,2.416343783,0,62.87854037
44,충청남도,44180,충청남도 보령시,2024,2024,-34.84124158,5,1.998616343,1,49.25108884
44,충청남도,44200,충청남도 아산시,2024,2024,3.341746059,0,-0.177847751,1,47.98142331
44,충청남도,44210,충청남도 서산시,2024,2024,3.471293437,3,-1.320490912,1,54.33998436
44,충청남도,44230,충청남도 논산시,2024,2024,-35.09206154,5,3.069929634,0,63.98351376
44,충청남도,44250,충청남도 계룡시,2024,2024,-2.338181468,1,3.62296592,0,47.17336683
44,충청남도,44270,충청남도 당진시,2024,2024,2.150749427,1,-2.090726,1,41.93043284
44,충청남도,44710,충청남도 금산군,2024,2024,-39.5912638,3,-1.46627566,1,68.78832275
44,충청남도,44760,충청남도 부여군,2024,2024,-46.47072912,5,2.038166948,1,73.20835379
44,충청남도,44770,충청남도 서천군,2024,2024,-51.02690338,5,1.844101491,0,57.70538922
44,충청남도,44790,충청남도 청양군,2024,2024,-45.62046512,5,-7.545986622,1,69.53418661
44,충청남도,44800,충청남도 홍성군,2024,2024,-5.825482215,4,1.045956185,0,49.53183857
44,충청남도,44810,충청남도 예산군,2024,2024,-41.96400134,2,2.138886272,0,63.21930522
44,충청남도,44825,충청남도 태안군,2024,2024,-29.37252225,5,1.899846255,1,47.22068911
46,전라남도,46110,전라남도 목포시,2024,2024,-12.09078569,5,-6.775853323,2,82.00005791
46,전라남도,46130,전라남도 여수시,2024,2024,-15.55742286,5,-5.073212224,1,65.92009079
46,전라남도,46150,전라남도 순천시,2024,2024,-0.681254097,4,-1.765120451,2,65.7415672
46,전라남도,46170,전라남도 나주시,2024,2024,-30.88556047,1,-2.244003095,1,67.83099319
46,전라남도,46230,전라남도 광양시,2024,2024,-5.7002748,2,-6.925382552,1,58.82411859
46,전라남도,46710,전라남도 담양군,2024,2024,-41.94570442,5,-4.238038984,1,54.01358832
46,전라남도,46720,전라남도 곡성군,2024,2024,-46.30333756,5,-4.049586777,2,64.54370003
46,전라남도,46730,전라남도 구례군,2024,2024,-42.98275279,5,3.305269722,0,65.40144107
46,전라남도,46770,전라남도 고흥군,2024,2024,-56.30482374,5,4.354023584,1,66.94113973
46,전라남도,46780,전라남도 보성군,2024,2024,-65.07091866,5,0.560112022,1,66.90584593
46,전라남도,46790,전라남도 화순군,2024,2024,-31.89614404,3,-1.491961415,1,63.49391444
46,전라남도,46800,전라남도 장흥군,2024,2024,-49.46400328,5,0.892680024,0,66.03673469
46,전라남도,46810,전라남도 강진군,2024,2024,-54.44526292,5,-5.871692642,2,66.02686289
46,전라남도,46820,전라남도 해남군,2024,2024,-52.85189791,5,1.550902847,1,67.03948334
46,전라남도,46830,전라남도 영암군,2024,2024,-25.66646812,5,-2.391927246,1,63.90153372
46,전라남도,46840,전라남도 무안군,2024,2024,-8.816769431,2,0.010505305,1,65.9084429
46,전라남도,46860,전라남도 함평군,2024,2024,-53.62254521,5,3.972075108,0,52.10993712
46,전라남도,46870,전라남도 영광군,2024,2024,-42.74534118,2,0.101877456,0,56.30510681
46,전라남도,46880,전라남도 장성군,2024,2024,-35.24046703,5,-4.283696846,1,60.26779737
46,전라남도,46890,전라남도 완도군,2024,2024,-47.05601101,5,3.125976868,0,68.61768842
46,전라남도,46900,전라남도 진도군,2024,2024,-49.7921588,4,5.822847274,1,75.36914528
46,전라남도,46910,전라남도 신안군,2024,2024,-66.70409827,3,-0.64061499,1,72.35878441
47,경상북도,47110,경상북도 포항시,2024,2024,-4.424545388,3,-3.719197103,1,59.98148849
47,경상북도,47130,경상북도 경주시,2024,2024,-10.81561184,5,-0.519625128,1,65.43782654
47,경상북도,47150,경상북도 김천시,2024,2024,-10.53850456,5,0.951729286,0,63.69283753
47,경상북도,47170,경상북도 안동시,2024,2024,-20.13050885,4,1.31138976,0,68.69175199
47,경상북도,47190,경상북도 구미시,2024,2024,-0.990799546,5,-1.928598883,1,56.35675447
47,경상북도,47210,경상북도 영주시,2024,2024,-27.23136654,5,0.57151566,1,67.13701989
47,경상북도,47230,경상북도 영천시,2024,2024,-20.18828018,5,-7.396449704,2,61.7948608
47,경상북도,47250,경상북도 상주시,2024,2024,-36.45951417,5,0.10904276,0,64.30331894
47,경상북도,47280,경상북도 문경시,2024,2024,-43.68426342,5,3.354807342,1,67.5887788
47,경상북도,47290,경상북도 경산시,2024,2024,-0.144059135,2,-3.715412333,1,58.58103399
47,경상북도,47730,경상북도 의성군,2024,2024,-50.00670815,5,-4.1898527,1,72.24178238
47,경상북도,47750,경상북도 청송군,2024,2024,-46.36164183,5,3.765411529,1,57.2303283
47,경상북도,47760,경상북도 영양군,2024,2024,-50.41706769,5,9.265536723,0,62.0870667
47,경상북도,47770,경상북도 영덕군,2024,2024,-48.61728961,5,0.622665006,0,63.1869244
47,경상북도,47820,경상북도 청도군,2024,2024,-33.93373544,5,-1.254860375,1,69.37952308
47,경상북도,47830,경상북도 고령군,2024,2024,-17.60565363,5,-1.31112686,1,68.91392439
47,경상북도,47840,경상북도 성주군,2024,2024,-25.69797672,5,-6.274404201,1,57.20434063
47,경상북도,47850,경상북도 칠곡군,2024,2024,-5.600115677,5,-3.241289405,1,51.50274931
47,경상북도,47900,경상북도 예천군,2024,2024,-33.14347777,2,2.390852391,0,65.03181526
47,경상북도,47920,경상북도 봉화군,2024,2024,-49.33468574,5,1.987507098,1,66.24146198
47,경상북도,47930,경상북도 울진군,2024,2024,-35.26075154,5,3.279254401,0,71.89041342
47,경상북도,47940,경상북도 울릉군,2024,2024,-46.36524243,2,6.709677419,0,73.22297955
48,경상남도,48120,경상남도 창원시,2024,2024,-6.473106589,5,-2.891480573,3,71.55581778
48,경상남도,48170,경상남도 진주시,2024,2024,0.322735919,4,-3.114717597,1,71.7313
48,경상남도,48220,경상남도 통영시,2024,2024,-11.1690095,5,0.275652953,0,72.03086894
48,경상남도,48240,경상남도 사천시,2024,2024,-7.637169745,5,0.235705596,0,63.54471926
48,경상남도,48250,경상남도 김해시,2024,2024,2.908586447,5,-3.838893336,1,54.12009484
48,경상남도,48270,경상남도 밀양시,2024,2024,-25.30460077,5,-9.099403436,1,61.39288887
48,경상남도,48310,경상남도 거제시,2024,2024,-4.568293457,5,-3.331941157,1,57.62835789
48,경상남도,48330,경상남도 양산시,2024,2024,17.93585416,1,-7.879289585,1,48.74074074
48,경상남도,48720,경상남도 의령군,2024,2024,-48.92522506,5,-8.911542256,2,50.98871332
48,경상남도,48730,경상남도 함안군,2024,2024,-5.975923671,5,-1.363677414,1,38.06929166
48,경상남도,48740,경상남도 창녕군,2024,2024,-31.20879121,5,0.014446692,0,67.08670356
48,경상남도,48820,경상남도 고성군,2024,2024,-28.47598918,5,1.961738003,0,69.56152491
48,경상남도,48840,경상남도 남해군,2024,2024,-43.31888112,5,3.132212331,0,69.85829773
48,경상남도,48850,경상남도 하동군,2024,2024,-37.63018066,5,2.083667254,0,69.04380876
48,경상남도,48860,경상남도 산청군,2024,2024,-34.90105423,5,-2.898550725,1,66.56082663
48,경상남도,48870,경상남도 함양군,2024,2024,-33.60235576,5,4.301075269,0,60.69306167
48,경상남도,48880,경상남도 거창군,2024,2024,-24.11188451,5,1.685618729,1,66.24586093
48,경상남도,48890,경상남도 합천군,2024,2024,-43.10252281,5,2.037414336,0,70.27567874
50,제주특별자치도,50110,제주특별자치도 제주시,2024,2024,7.45750498,2,1.509051326,1,55.0850367
50,제주특별자치도,50130,제주특별자치도 서귀포시,2024,2024,-1.901538213,2,2.119962985,0,60.19433246
51,강원특별자치도,51110,강원특별자치도 춘천시,2024,2024,0.474796233,2,-1.026629182,1,55.48252766
51,강원특별자치도,51130,강원특별자치도 원주시,2024,2024,6.295159732,0,1.198304837,0,52.43302468
51,강원특별자치도,51150,강원특별자치도 강릉시,2024,2024,-6.85298137,5,-0.014315368,1,60.86656139
51,강원특별자치도,51170,강원특별자치도 동해시,2024,2024,-10.45625213,4,0.136524984,0,68.15391526
51,강원특별자치도,51190,강원특별자치도 태백시,2024,2024,-54.17748026,5,2.842327636,0,74.36518929
51,강원특별자치도,51210,강원특별자치도 속초시,2024,2024,-10.64158663,2,2.070952638,0,70.1461039
51,강원특별자치도,51230,강원특별자치도 삼척시,2024,2024,-41.20227575,2,1.072113757,0,63.57845174
51,강원특별자치도,51720,강원특별자치도 홍천군,2024,2024,-16.01305929,4,0.79982937,0,49.85180942
51,강원특별자치도,51730,강원특별자치도 횡성군,2024,2024,-9.800160861,2,2.763561924,0,35.84689621
51,강원특별자치도,51750,강원특별자치도 영월군,2024,2024,-44.44117647,5,3.423255814,0,46.25333073
51,강원특별자치도,51760,강원특별자치도 평창군,2024,2024,-27.51835371,5,1.376856436,0,50.76814189
51,강원특별자치도,51770,강원특별자치도 정선군,2024,2024,-61.38361791,5,-1.393376414,1,50.14336037
51,강원특별자치도,51780,강원특별자치도 철원군,2024,2024,-19.95208306,5,4.711425206,0,60.33111719
51,강원특별자치도,51790,강원특별자치도 화천군,2024,2024,-18.91770245,5,2.116741501,0,50.79772398
51,강원특별자치도,51800,강원특별자치도 양구군,2024,2024,-26.43972627,5,4.197372637,1,47.52694114
51,강원특별자치도,51810,강원특별자치도 인제군,2024,2024,-18.76075731,2,2.706495589,1,39.93291208
51,강원특별자치도,51820,강원특별자치도 고성군,2024,2024,-38.66653627,1,4.757548033,0,60.78973346
51,강원특별자치도,51830,강원특별자치도 양양군,2024,2024,-26.13416379,4,3.089942925,0,45.20628027
52,전북특별자치도,52110,전북특별자치도 전주시,2024,2024,0.537189639,4,-1.233403071,2,66.31662689
52,전북특별자치도,52130,전북특별자치도 군산시,2024,2024,-9.032067025,5,-5.283253143,2,64.05142894
52,전북특별자치도,52140,전북특별자치도 익산시,2024,2024,-13.89088842,5,-2.571136728,1,69.63212066
52,전북특별자치도,52180,전북특별자치도 정읍시,2024,2024,-44.43485158,5,-0.044946706,1,58.5773447
52,전북특별자치도,52190,전북특별자치도 남원시,2024,2024,-38.34923388,5,3.374507698,1,66.59854388
52,전북특별자치도,52210,전북특별자치도 김제시,2024,2024,-48.48822693,2,-0.831959815,2,65.61525577
52,전북특별자치도,52710,전북특별자치도 완주군,2024,2024,-1.437292077,2,-6.859234503,1,54.34690595
52,전북특별자치도,52720,전북특별자치도 진안군,2024,2024,-48.77890738,5,-5.114466634,1,54.77268052
52,전북특별자치도,52730,전북특별자치도 무주군,2024,2024,-39.80585135,5,-1.99033267,1,61.28493951
52,전북특별자치도,52740,전북특별자치도 장수군,2024,2024,-40.35174997,5,5.06897658,1,67.59259259
52,전북특별자치도,52750,전북특별자치도 임실군,2024,2024,-46.90305764,5,1.146953405,0,59.43945003
52,전북특별자치도,52770,전북특별자치도 순창군,2024,2024,-42.57027229,3,8.993576017,1,67.25152572
52,전북특별자치도,52790,전북특별자치도 고창군,2024,2024,-46.37111937,5,5.363069162,0,45.33797399
52,전북특별자치도,52800,전북특별자치도 부안군,2024,2024,-53.07761882,5,2.418054809,1,68.18166389
11,서울특별시,11110,서울특별시 종로구,2023,2023,-42.58109324,5,-6.456266907,2,81.71171671
11,서울특별시,11140,서울특별시 중구,2023,2023,-37.67103626,3,-10.42451147,2,87.43733412
11,서울특별시,11170,서울특별시 용산구,2023,2023,-31.15945377,3,-12.32222872,2,85.63525973
11,서울특별시,11200,서울특별시 성동구,2023,2023,-32.16392604,5,-1.829865207,2,83.99455234
11,서울특별시,11215,서울특별시 광진구,2023,2023,-13.11818279,5,-6.872030835,2,76.25257945
11,서울특별시,11230,서울특별시 동대문구,2023,2023,-34.08085913,4,-2.699219234,2,82.39470517
11,서울특별시,11260,서울특별시 중랑구,2023,2023,-15.64084837,5,1.337675933,1,77.17586362
11,서울특별시,11290,서울특별시 성북구,2023,2023,-22.88954564,4,0.427619167,2,79.90463663
11,서울특별시,11305,서울특별시 강북구,2023,2023,-24.5342857,5,-4.269773953,2,82.95044617
11,서울특별시,11320,서울특별시 도봉구,2023,2023,-24.5342857,5,-5.088062622,2,80.26539417
11,서울특별시,11350,서울특별시 노원구,2023,2023,-16.5168191,5,-0.573762824,1,78.79374419
11,서울특별시,11380,서울특별시 은평구,2023,2023,-5.84911609,4,-1.219624873,1,73.7614557
11,서울특별시,11410,서울특별시 서대문구,2023,2023,-21.74874512,1,-3.583681384,2,81.6246659
11,서울특별시,11440,서울특별시 마포구,2023,2023,-18.99318229,5,-6.287356926,2,72.95107101
11,서울특별시,11470,서울특별시 양천구,2023,2023,-11.67767584,5,-0.387446726,2,77.38033821
11,서울특별시,11500,서울특별시 강서구,2023,2023,-1.158465904,5,-1.612548156,1,69.94916895
11,서울특별시,11530,서울특별시 구로구,2023,2023,-9.567057088,4,-3.271494115,2,76.67420592
11,서울특별시,11545,서울특별시 금천구,2023,2023,-29.87264944,5,0.466759728,0,76.58500471
11,서울특별시,11560,서울특별시 영등포구,2023,2023,-24.13482831,3,0.3900645,2,81.15057261
11,서울특별시,11590,서울특별시 동작구,2023,2023,-10.80034464,5,-6.212312961,2,74.88386362
11,서울특별시,11620,서울특별시 관악구,2023,2023,-16.66681178,3,-7.899683003,2,73.15222866
11,서울특별시,11650,서울특별시 서초구,2023,2023,-4.681951679,4,-7.734953534,2,67.60057061
11,서울특별시,11680,서울특별시 강남구,2023,2023,-6.707572505,3,-7.364415844,2,68.69347374
11,서울특별시,11710,서울특별시 송파구,2023,2023,-2.155277679,2,-4.002997045,2,67.08930076
11,서울특별시,11740,서울특별시 강동구,2023,2023,-17.76532766,2,1.191398424,2,69.68556701
26,부산광역시,26110,부산광역시 중구,2023,2023,-49.29681239,5,-4.689244511,2,85.84673605
26,부산광역시,26140,부산광역시 서구,2023,2023,-49.36977577,3,-4.341210168,2,88.29491114
26,부산광역시,26170,부산광역시 동구,2023,2023,-53.92514239,2,-4.013139885,2,90.49339922
26,부산광역시,26200,부산광역시 영도구,2023,2023,-46.12313409,5,1.976874301,0,86.80650068
26,부산광역시,26230,부산광역시 부산진구,2023,2023,-32.36967957,1,-2.572942456,2,85.38100448
26,부산광역시,26260,부산광역시 동래구,2023,2023,-21.50054079,2,-1.516768293,1,83.64353076
26,부산광역시,26290,부산광역시 남구,2023,2023,-22.67197288,5,-3.337490861,2,83.57334142
26,부산광역시,26320,부산광역시 북구,2023,2023,-15.81090437,5,-2.564102564,1,82.29975194
26,부산광역시,26350,부산광역시 해운대구,2023,2023,-6.166785342,5,-0.945925048,1,82.45924546
26,부산광역시,26380,부산광역시 사하구,2023,2023,-19.55711622,5,-0.182801989,1,85.53090107
26,부산광역시,26410,부산광역시 금정구,2023,2023,-27.06432521,3,-2.359790413,2,80.64654987
26,부산광역시,26440,부산광역시 강서구,2023,2023,51.06454336,1,2.327551159,0,46.09854921
26,부산광역시,26470,부산광역시 연제구,2023,2023,-22.41012546,3,-0.930090389,1,83.47355377
26,부산광역시,26500,부산광역시 수영구,2023,2023,-18.72178688,3,1.514910747,0,80.79058257
26,부산광역시,26530,부산광역시 사상구,2023,2023,-28.80939424,5,-2.709896644,2,78.26814379
26,부산광역시,26710,부산광역시 기장군,2023,2023,14.54653987,1,3.105336751,0,43.71005456
27,대구광역시,27110,대구광역시 중구,2023,2023,-51.96175188,3,-4.926108374,2,81.72588832
27,대구광역시,27140,대구광역시 동구,2023,2023,-7.980662039,4,-2.87187464,2,73.13390953
27,대구광역시,27170,대구광역시 서구,2023,2023,-58.8179284,4,-3.367582492,2,87.6192716
27,대구광역시,27200,대구광역시 남구,2023,2023,-48.09003773,5,-2.299531796,1,84.87007723
27,대구광역시,27230,대구광역시 북구,2023,2023,-4.353485178,3,-1.519429087,1,71.47702407
27,대구광역시,27260,대구광역시 수성구,2023,2023,-8.519897727,5,-3.847009736,2,76.49077649
27,대구광역시,27290,대구광역시 달서구,2023,2023,-8.594771458,5,-2.474630586,2,74.00701096
27,대구광역시,27710,대구광역시 달성군,2023,2023,37.41711244,1,-1.571981267,2,52.67924292
27,대구광역시,27720,대구광역시 군위군,2023,2023,-41.89559322,3,3.388786198,0,62.23146588
28,인천광역시,28110,인천광역시 중구,2023,2023,22.888979,0,1.949471921,0,47.96377055
28,인천광역시,28140,인천광역시 동구,2023,2023,-53.3564132,4,-7.477051956,2,83.95682389
28,인천광역시,28177,인천광역시 미추홀구,2023,2023,-8.462243692,2,-1.26203319,2,82.16956363
28,인천광역시,28185,인천광역시 연수구,2023,2023,20.07068531,1,4.855582604,0,62.88521661
28,인천광역시,28200,인천광역시 남동구,2023,2023,-0.140986241,5,0.442930787,1,67.07166551
28,인천광역시,28237,인천광역시 부평구,2023,2023,-12.60245079,3,3.699413767,2,80.60713344
28,인천광역시,28245,인천광역시 계양구,2023,2023,-14.42776173,5,-1.279829881,1,69.84177978
28,인천광역시,28260,인천광역시 서구,2023,2023,8.216575488,1,3.855448155,1,46.52102811
28,인천광역시,28710,인천광역시 강화군,2023,2023,-9.420208904,1,0.258979845,0,46.10092364
28,인천광역시,28720,인천광역시 옹진군,2023,2023,3.12228497,3,2.545027408,0,45.09471902
29,광주광역시,29110,광주광역시 동구,2023,2023,-45.91358559,0,-0.245602011,2,76.92307692
29,광주광역시,29140,광주광역시 서구,2023,2023,-6.794365695,5,-0.917889643,2,65.1233087
29,광주광역시,29155,광주광역시 남구,2023,2023,-24.41132807,2,-0.70925978,1,74.9468989
29,광주광역시,29170,광주광역시 북구,2023,2023,-9.745635599,5,-5.551055308,2,69.88677161
29,광주광역시,29200,광주광역시 광산구,2023,2023,1.166857934,3,1.757876555,1,50.87395505
30,대전광역시,30110,대전광역시 동구,2023,2023,-24.18044832,5,-1.350496838,1,77.20523698
30,대전광역시,30140,대전광역시 중구,2023,2023,-22.56534946,5,-6.20248538,2,81.83973447
30,대전광역시,30170,대전광역시 서구,2023,2023,-6.913745043,5,-0.737116765,2,70.87305299
30,대전광역시,30200,대전광역시 유성구,2023,2023,5.116475453,1,3.04852585,0,40.8007335
30,대전광역시,30230,대전광역시 대덕구,2023,2023,-25.847599,5,-1.532016265,1,76.37189963
31,울산광역시,31110,울산광역시 중구,2023,2023,-10.49822516,4,-3.063995491,2,75.67153416
31,울산광역시,31140,울산광역시 남구,2023,2023,-7.251508697,5,-3.918736997,2,67.57054674
31,울산광역시,31170,울산광역시 동구,2023,2023,-19.52763207,4,-1.711964407,1,67.37600678
31,울산광역시,31200,울산광역시 북구,2023,2023,15.17523774,3,6.437415645,0,50.4162686
31,울산광역시,31710,울산광역시 울주군,2023,2023,1.628765902,4,-0.754886359,1,45.51169875
36,세종특별자치시,36110,세종특별자치시 세종시,2023,2023,73.67709163,0,8.25313207,0,48.37271641
41,경기도,41110,경기도 수원시,2023,2023,0.254103463,2,1.600322367,0,67.67579324
41,경기도,41130,경기도 성남시,2023,2023,-5.616318092,5,-0.908085828,2,76.97625427
41,경기도,41150,경기도 의정부시,2023,2023,6.102364091,0,-2.295478525,2,72.8401539
41,경기도,41170,경기도 안양시,2023,2023,-13.19986349,3,1.858323263,0,75.05630372
41,경기도,41190,경기도 부천시,2023,2023,-6.902849694,5,-2.946255507,1,76.80876215
41,경기도,41210,경기도 광명시,2023,2023,-17.24069145,5,-5.420538943,2,73.04637458
41,경기도,41220,경기도 평택시,2023,2023,17.12567668,0,0.612721765,0,38.97884317
41,경기도,41250,경기도 동두천시,2023,2023,-2.902887925,5,0.504322767,0,63.50336101
41,경기도,41270,경기도 안산시,2023,2023,-12.47682755,3,-1.53674031,1,54.49789551
41,경기도,41280,경기도 고양시,2023,2023,5.499299596,2,0.037276342,0,49.90628171
41,경기도,41290,경기도 과천시,2023,2023,-20.35575581,0,1.655007678,1,50.4354317
41,경기도,41310,경기도 구리시,2023,2023,1.384101508,5,-4.888457808,2,69.66767372
41,경기도,41360,경기도 남양주시,2023,2023,10.35607301,2,0.064205457,1,34.12220535
41,경기도,41370,경기도 오산시,2023,2023,10.01890822,2,2.260251857,0,41.64478764
41,경기도,41390,경기도 시흥시,2023,2023,18.61013535,0,2.170899286,0,54.08163265
41,경기도,41410,경기도 군포시,2023,2023,-4.661917485,5,4.224798585,0,71.83763373
41,경기도,41430,경기도 의왕시,2023,2023,3.625778376,3,1.058325494,0,52.10589651
41,경기도,41450,경기도 하남시,2023,2023,81.06551523,0,6.412134232,0,44.82581967
41,경기도,41460,경기도 용인시,2023,2023,9.596803487,1,0.397785132,0,35.84404868
41,경기도,41480,경기도 파주시,2023,2023,10.60916279,0,6.03033735,0,30.3530902
41,경기도,41500,경기도 이천시,2023,2023,7.228329169,2,2.660164043,0,43.22301566
41,경기도,41550,경기도 안성시,2023,2023,1.36092346,1,2.92156625,0,45.9531952
41,경기도,41570,경기도 김포시,2023,2023,34.63503177,1,2.644625331,0,27.67239582
41,경기도,41590,경기도 화성시,2023,2023,45.56307918,0,5.535568352,0,30.59878513
41,경기도,41610,경기도 광주시,2023,2023,24.04894838,1,4.465124808,0,35.71242407
41,경기도,41630,경기도 양주시,2023,2023,13.81025171,0,3.322421643,0,40.86362121
41,경기도,41650,경기도 포천시,2023,2023,-4.567748597,2,-3.131108243,1,46.2113904
41,경기도,41670,경기도 여주시,2023,2023,2.078833439,1,2.808763801,1,34.85292837
41,경기도,41800,경기도 연천군,2023,2023,-33.10163656,5,1.298701299,0,56.18214228
41,경기도,41820,경기도 가평군,2023,2023,2.063734509,4,3.463441451,0,35.48823271
41,경기도,41830,경기도 양평군,2023,2023,11.57176856,0,2.681874229,0,32.42267071
43,충청북도,43110,충청북도 청주시,2023,2023,1.953379521,0,0.142482879,1,56.87515616
43,충청북도,43130,충청북도 충주시,2023,2023,-3.136830223,4,1.123062322,0,58.08665182
43,충청북도,43150,충청북도 제천시,2023,2023,-7.719713312,5,1.483062749,0,58.44438401
43,충청북도,43720,충청북도 보은군,2023,2023,-41.0112682,5,-4.366000929,1,62.90449516
43,충청북도,43730,충청북도 옥천군,2023,2023,-31.67118209,5,2.078103208,0,60.69842006
43,충청북도,43740,충청북도 영동군,2023,2023,-40.17287615,5,-1.993605417,1,43.43552252
43,충청북도,43745,충청북도 증평군,2023,2023,-10.83304425,2,0.542708825,1,56.14648939
43,충청북도,43750,충청북도 진천군,2023,2023,24.37797899,0,-0.074397842,1,50.74308361
43,충청북도,43760,충청북도 괴산군,2023,2023,-30.33217612,3,-0.338337915,1,46.94504016
43,충청북도,43770,충청북도 음성군,2023,2023,-1.56428844,5,3.820194384,0,48.87458919
43,충청북도,43800,충청북도 단양군,2023,2023,-44.85634847,5,0.090909091,0,64.10223145
44,충청남도,44130,충청남도 천안시,2023,2023,7.6731087,3,3.553893905,0,53.84455268
44,충청남도,44150,충청남도 공주시,2023,2023,-33.22641665,5,0.176429076,0,60.76921166
44,충청남도,44180,충청남도 보령시,2023,2023,-34.84124158,5,-0.561149973,1,47.59100828
44,충청남도,44200,충청남도 아산시,2023,2023,3.341746059,0,3.185920578,0,46.17511172
44,충청남도,44210,충청남도 서산시,2023,2023,3.471293437,2,-1.646729843,1,52.98975301
44,충청남도,44230,충청남도 논산시,2023,2023,-35.09206154,5,0.930174093,0,63.10801497
44,충청남도,44250,충청남도 계룡시,2023,2023,-2.338181468,2,2.260596546,0,45.18109269
44,충청남도,44270,충청남도 당진시,2023,2023,-39.5912638,2,2.396150447,0,40.26258206
44,충청남도,44710,충청남도 금산군,2023,2023,-46.47072912,4,0.965018094,0,67.88508264
44,충청남도,44760,충청남도 부여군,2023,2023,-51.02690338,5,-6.413085811,1,71.93583376
44,충청남도,44770,충청남도 서천군,2023,2023,-45.62046512,5,3.39418526,0,56.21529261
44,충청남도,44790,충청남도 청양군,2023,2023,-5.825482215,5,2.793296089,0,68.33655069
44,충청남도,44800,충청남도 홍성군,2023,2023,-41.96400134,5,2.412280702,0,47.64920225
44,충청남도,44810,충청남도 예산군,2023,2023,-29.37252225,3,1.696052127,0,61.38616757
44,충청남도,44825,충청남도 태안군,2023,2023,2.150749427,5,-2.646606633,1,45.00116795
45,전라북도,45110,전라북도 전주시,2023,2023,0.537189639,3,-1.366041761,2,65.18776121
45,전라북도,45130,전라북도 군산시,2023,2023,-9.032067025,5,-2.092193078,1,62.39434227
45,전라북도,45140,전라북도 익산시,2023,2023,-13.89088842,5,1.979166667,0,68.5503275
45,전라북도,45180,전라북도 정읍시,2023,2023,-44.43485158,5,3.495481127,0,57.00672375
45,전라북도,45190,전라북도 남원시,2023,2023,-38.34923388,5,-7.491944146,1,65.53363861
45,전라북도,45210,전라북도 김제시,2023,2023,-48.48822693,3,-0.18836826,1,64.26007485
45,전라북도,45710,전라북도 완주군,2023,2023,-1.437292077,3,0.73747495,0,52.68769188
45,전라북도,45720,전라북도 진안군,2023,2023,-48.77890738,5,12.70930552,0,53.54795986
45,전라북도,45730,전라북도 무주군,2023,2023,-39.80585135,5,3.168084482,0,59.63473467
45,전라북도,45740,전라북도 장수군,2023,2023,-40.35174997,5,-2.694898941,1,65.83190076
45,전라북도,45750,전라북도 임실군,2023,2023,-46.90305764,5,0.697786333,0,58.39822024
45,전라북도,45770,전라북도 순창군,2023,2023,-42.57027229,4,-1.498929336,2,65.71628759
45,전라북도,45790,전라북도 고창군,2023,2023,-46.37111937,5,4.989547038,0,43.41166311
45,전라북도,45800,전라북도 부안군,2023,2023,-53.07761882,5,-0.335840946,1,67.14060032
46,전라남도,46110,전라남도 목포시,2023,2023,-12.09078569,5,-1.474744547,1,80.68643899
46,전라남도,46130,전라남도 여수시,2023,2023,-15.55742286,5,1.090194392,0,64.66909423
46,전라남도,46150,전라남도 순천시,2023,2023,-0.681254097,2,-0.2851102,1,64.26295146
46,전라남도,46170,전라남도 나주시,2023,2023,-30.88556047,1,3.166577967,0,66.58423166
46,전라남도,46230,전라남도 광양시,2023,2023,-5.7002748,2,2.500943244,0,57.49346405
46,전라남도,46710,전라남도 담양군,2023,2023,-41.94570442,5,0.698884758,0,52.58167364
46,전라남도,46720,전라남도 곡성군,2023,2023,-46.30333756,5,-0.303030303,1,63.37527352
46,전라남도,46730,전라남도 구례군,2023,2023,-42.98275279,5,1.359039191,0,64.49136276
46,전라남도,46770,전라남도 고흥군,2023,2023,-56.30482374,5,-3.693145005,1,65.5998856
46,전라남도,46780,전라남도 보성군,2023,2023,-65.07091866,5,-0.560112022,1,65.77636613
46,전라남도,46790,전라남도 화순군,2023,2023,-31.89614404,2,4.587032553,0,62.47437511
46,전라남도,46800,전라남도 장흥군,2023,2023,-49.46400328,5,4.088374974,0,65.09192743
46,전라남도,46810,전라남도 강진군,2023,2023,-54.44526292,5,-0.706777818,1,65.17110935
46,전라남도,46820,전라남도 해남군,2023,2023,-52.85189791,5,-2.891326022,1,65.86155596
46,전라남도,46830,전라남도 영암군,2023,2023,-25.66646812,4,0.45050682,0,62.44838475
46,전라남도,46840,전라남도 무안군,2023,2023,-8.816769431,2,-1.407710894,1,64.54366382
46,전라남도,46860,전라남도 함평군,2023,2023,-53.62254521,5,4.740292486,0,51.06410339
46,전라남도,46870,전라남도 영광군,2023,2023,-42.74534118,3,2.368891538,0,54.76259831
46,전라남도,46880,전라남도 장성군,2023,2023,-35.24046703,5,0.870528648,0,59.24965422
46,전라남도,46890,전라남도 완도군,2023,2023,-47.05601101,5,0.187911055,0,67.80568756
46,전라남도,46900,전라남도 진도군,2023,2023,-49.7921588,3,-0.14803849,1,74.60727464
46,전라남도,46910,전라남도 신안군,2023,2023,-66.70409827,4,4.577936579,1,71.68556248
47,경상북도,47110,경상북도 포항시,2023,2023,-4.424545388,2,0.554966419,0,58.39392538
47,경상북도,47130,경상북도 경주시,2023,2023,-10.81561184,5,0.572370672,1,59.76920961
47,경상북도,47150,경상북도 김천시,2023,2023,-10.53850456,4,4.941575821,0,62.09779962
47,경상북도,47170,경상북도 안동시,2023,2023,-20.13050885,5,0.073198787,0,67.58875226
47,경상북도,47190,경상북도 구미시,2023,2023,-0.990799546,5,0.749430524,1,53.67451812
47,경상북도,47210,경상북도 영주시,2023,2023,-27.23136654,5,-1.318296121,1,66.11781328
47,경상북도,47230,경상북도 영천시,2023,2023,-20.18828018,4,-1.190648001,1,60.24669342
47,경상북도,47250,경상북도 상주시,2023,2023,-36.45951417,4,2.80246617,0,63.27048186
47,경상북도,47280,경상북도 문경시,2023,2023,-43.68426342,4,-0.619910052,1,66.16686954
47,경상북도,47290,경상북도 경산시,2023,2023,-0.144059135,2,2.082032063,0,56.53173775
47,경상북도,47730,경상북도 의성군,2023,2023,-50.00670815,5,0.328407225,0,71.25111907
47,경상북도,47750,경상북도 청송군,2023,2023,-46.36164183,5,-0.599800067,1,56.04068148
47,경상북도,47760,경상북도 영양군,2023,2023,-50.41706769,5,1.782633698,0,60.56096681
47,경상북도,47770,경상북도 영덕군,2023,2023,-48.61728961,5,2.404809619,0,62.15432315
47,경상북도,47820,경상북도 청도군,2023,2023,-33.93373544,5,3.550512445,0,68.32338986
47,경상북도,47830,경상북도 고령군,2023,2023,-17.60565363,5,3.883673845,0,68.02460998
47,경상북도,47840,경상북도 성주군,2023,2023,-25.69797672,5,0.636856369,1,55.4694289
47,경상북도,47850,경상북도 칠곡군,2023,2023,-5.600115677,5,2.896164868,0,49.66692486
47,경상북도,47900,경상북도 예천군,2023,2023,-33.14347777,1,2.777777778,0,64.42143467
47,경상북도,47920,경상북도 봉화군,2023,2023,-49.33468574,5,-2.441794435,1,65.25160768
47,경상북도,47930,경상북도 울진군,2023,2023,-35.26075154,5,1.187565491,0,70.75929637
47,경상북도,47940,경상북도 울릉군,2023,2023,-46.36524243,3,9.00140647,1,71.46868857
48,경상남도,48120,경상남도 창원시,2023,2023,-6.473106589,3,-0.708508485,2,69.55046017
48,경상남도,48170,경상남도 진주시,2023,2023,0.322735919,3,2.865504517,0,70.29073803
48,경상남도,48220,경상남도 통영시,2023,2023,-11.1690095,5,1.009327579,0,70.64594719
48,경상남도,48240,경상남도 사천시,2023,2023,-7.637169745,5,1.10701107,0,62.21260638
48,경상남도,48250,경상남도 김해시,2023,2023,2.908586447,4,2.365235673,0,51.13213976
48,경상남도,48270,경상남도 밀양시,2023,2023,-25.30460077,5,2.572987319,0,59.79315994
48,경상남도,48310,경상남도 거제시,2023,2023,-4.568293457,5,-3.197364147,1,55.07154716
48,경상남도,48330,경상남도 양산시,2023,2023,17.93585416,1,1.018701536,1,46.54631083
48,경상남도,48720,경상남도 의령군,2023,2023,-48.92522506,5,-1.512660309,1,48.47830002
48,경상남도,48730,경상남도 함안군,2023,2023,-5.975923671,5,1.867525299,0,36.21599467
48,경상남도,48740,경상남도 창녕군,2023,2023,-31.20879121,5,0.17366136,0,65.63435999
48,경상남도,48820,경상남도 고성군,2023,2023,-28.47598918,5,1.280788177,0,68.30647176
48,경상남도,48840,경상남도 남해군,2023,2023,-43.31888112,5,5.642633229,0,68.24089328
48,경상남도,48850,경상남도 하동군,2023,2023,-37.63018066,5,1.315362131,0,67.3721979
48,경상남도,48860,경상남도 산청군,2023,2023,-34.90105423,5,0.791235545,0,65.66211996
48,경상남도,48870,경상남도 함양군,2023,2023,-33.60235576,5,2.696963262,0,58.9216551
48,경상남도,48880,경상남도 거창군,2023,2023,-24.11188451,5,-1.471571906,1,64.95285597
48,경상남도,48890,경상남도 합천군,2023,2023,-43.10252281,5,1.695234507,0,69.63422231
50,제주특별자치도,50110,제주특별자치도 제주시,2023,2023,7.45750498,1,-0.055172825,1,53.52843522
50,제주특별자치도,50130,제주특별자치도 서귀포시,2023,2023,-1.901538213,1,0.452106308,0,58.8192324
51,강원특별자치도,51110,강원특별자치도 춘천시,2023,2023,0.474796233,1,0.902020782,0,53.2922166
51,강원특별자치도,51130,강원특별자치도 원주시,2023,2023,6.295159732,0,1.628712871,0,50.03051283
51,강원특별자치도,51150,강원특별자치도 강릉시,2023,2023,-6.85298137,4,0.81541348,0,59.04193361
51,강원특별자치도,51170,강원특별자치도 동해시,2023,2023,-10.45625213,3,0.862939502,0,66.05177257
51,강원특별자치도,51190,강원특별자치도 태백시,2023,2023,-54.17748026,5,1.619828259,1,72.22348657
51,강원특별자치도,51210,강원특별자치도 속초시,2023,2023,-10.64158663,1,0.616053633,0,67.88873834
51,강원특별자치도,51230,강원특별자치도 삼척시,2023,2023,-41.20227575,3,2.486699052,0,61.27427598
51,강원특별자치도,51720,강원특별자치도 홍천군,2023,2023,-16.01305929,3,2.637915937,0,48.09116809
51,강원특별자치도,51730,강원특별자치도 횡성군,2023,2023,-9.800160861,2,4.10229089,0,33.61060143
51,강원특별자치도,51750,강원특별자치도 영월군,2023,2023,-44.44117647,5,1.645234493,0,45.41069017
51,강원특별자치도,51760,강원특별자치도 평창군,2023,2023,-27.51835371,5,1.22142186,0,46.93581781
51,강원특별자치도,51770,강원특별자치도 정선군,2023,2023,-61.38361791,5,-2.827140549,1,46.15766399
51,강원특별자치도,51780,강원특별자치도 철원군,2023,2023,-19.95208306,5,2.950687146,0,58.61754751
51,강원특별자치도,51790,강원특별자치도 화천군,2023,2023,-18.91770245,5,0.548210255,0,48.75692107
51,강원특별자치도,51800,강원특별자치도 양구군,2023,2023,-26.43972627,5,-0.12816405,1,47.06121343
51,강원특별자치도,51810,강원특별자치도 인제군,2023,2023,-18.76075731,1,-0.721732157,1,37.20316623
51,강원특별자치도,51820,강원특별자치도 고성군,2023,2023,-38.66653627,2,2.101821579,0,58.76795906
51,강원특별자치도,51830,강원특별자치도 양양군,2023,2023,-26.13416379,3,4.332648871,0,42.48898495
11,서울특별시,11110,서울특별시 종로구 ,2022,2022,-42.58109324,5,-4.658851818,3,65.5701438
11,서울특별시,11140,서울특별시 중구 ,2022,2022,-37.67103626,3,-7.762231295,3,74.09022207
11,서울특별시,11170,서울특별시 용산구 ,2022,2022,-31.15945377,2,-6.208195337,1,84.04991915
11,서울특별시,11200,서울특별시 성동구 ,2022,2022,-32.16392604,4,-0.645096513,1,88.05151951
11,서울특별시,11215,서울특별시 광진구 ,2022,2022,-13.11818279,5,-5.133108249,3,79.28911176
11,서울특별시,11230,서울특별시 동대문구 ,2022,2022,-34.08085913,5,-1.502044863,3,88.1911332
11,서울특별시,11260,서울특별시 중랑구 ,2022,2022,-15.64084837,5,0.49387767,1,82.50109027
11,서울특별시,11290,서울특별시 성북구 ,2022,2022,-22.88954564,3,-0.427619167,3,77.37350026
11,서울특별시,11305,서울특별시 강북구 ,2022,2022,-24.5342857,5,-2.392226294,2,83.23985095
11,서울특별시,11320,서울특별시 도봉구 ,2022,2022,-24.5342857,5,-3.336128972,2,82.93415128
11,서울특별시,11350,서울특별시 노원구 ,2022,2022,-16.5168191,5,0.240685171,0,79.61721715
11,서울특별시,11380,서울특별시 은평구 ,2022,2022,-5.84911609,5,-1.586128307,1,72.9414811
11,서울특별시,11410,서울특별시 서대문구 ,2022,2022,-21.74874512,2,-1.942869928,2,81.25154344
11,서울특별시,11440,서울특별시 마포구 ,2022,2022,-18.99318229,4,-3.980648893,1,71.70258621
11,서울특별시,11470,서울특별시 양천구 ,2022,2022,-11.67767584,5,-0.146037612,2,82.26094258
11,서울특별시,11500,서울특별시 강서구 ,2022,2022,-1.158465904,5,-3.0177949,1,77.16109338
11,서울특별시,11530,서울특별시 구로구 ,2022,2022,-9.567057088,3,-2.617195292,1,77.64431981
11,서울특별시,11545,서울특별시 금천구 ,2022,2022,-29.87264944,5,0.886786225,0,76.98562784
11,서울특별시,11560,서울특별시 영등포구 ,2022,2022,-24.13482831,2,-0.162991237,3,78.8311247
11,서울특별시,11590,서울특별시 동작구 ,2022,2022,-10.80034464,5,-3.096851038,2,76.66105014
11,서울특별시,11620,서울특별시 관악구 ,2022,2022,-16.66681178,4,-4.440766404,2,75.10770291
11,서울특별시,11650,서울특별시 서초구 ,2022,2022,-4.681951679,5,-5.303322387,1,77.07989567
11,서울특별시,11680,서울특별시 강남구 ,2022,2022,-6.707572505,3,-4.865774754,2,79.19129082
11,서울특별시,11710,서울특별시 송파구 ,2022,2022,-2.155277679,2,-3.482676805,1,69.41760138
11,서울특별시,11740,서울특별시 강동구 ,2022,2022,-17.76532766,1,-0.515560305,3,73.81491058
26,부산광역시,26110,부산광역시 중구 ,2022,2022,-49.29681239,5,-3.477058855,2,66.72902191
26,부산광역시,26140,부산광역시 서구 ,2022,2022,-49.36977577,3,-3.007518797,3,84.94008228
26,부산광역시,26170,부산광역시 동구 ,2022,2022,-53.92514239,2,-2.567752532,1,83.31223472
26,부산광역시,26200,부산광역시 영도구 ,2022,2022,-46.12313409,5,1.716778905,0,70.58657841
26,부산광역시,26230,부산광역시 부산진구 ,2022,2022,-32.36967957,2,-1.841782549,1,82.22625171
26,부산광역시,26260,부산광역시 동래구 ,2022,2022,-21.50054079,2,-1.711128049,1,85.14108206
26,부산광역시,26290,부산광역시 남구 ,2022,2022,-22.67197288,4,-2.279471851,1,78.80980916
26,부산광역시,26320,부산광역시 북구 ,2022,2022,-15.81090437,5,0.785823533,1,82.52173179
26,부산광역시,26350,부산광역시 해운대구 ,2022,2022,-6.166785342,5,1.965834428,0,83.86335709
26,부산광역시,26380,부산광역시 사하구 ,2022,2022,-19.55711622,5,-0.563030126,2,84.74886572
26,부산광역시,26410,부산광역시 금정구 ,2022,2022,-27.06432521,5,-0.954783621,1,76.71086299
26,부산광역시,26440,부산광역시 강서구 ,2022,2022,51.06454336,0,2.600111235,0,52.02672606
26,부산광역시,26470,부산광역시 연제구 ,2022,2022,-22.41012546,3,0.872131436,1,84.91283261
26,부산광역시,26500,부산광역시 수영구 ,2022,2022,-18.72178688,2,0.17510347,0,81.95660698
26,부산광역시,26530,부산광역시 사상구 ,2022,2022,-28.80939424,5,-1.738637973,2,77.20643583
26,부산광역시,26710,부산광역시 기장군 ,2022,2022,14.54653987,1,0.662717729,0,46.71573826
27,대구광역시,27110,대구광역시 중구 ,2022,2022,-51.96175188,3,-3.005695813,1,87.29275915
27,대구광역시,27140,대구광역시 동구 ,2022,2022,-7.980662039,4,-2.696163152,1,84.62314164
27,대구광역시,27170,대구광역시 서구 ,2022,2022,-58.8179284,5,-1.787896619,3,92.76489476
27,대구광역시,27200,대구광역시 남구 ,2022,2022,-48.09003773,5,-2.382504593,1,87.39251856
27,대구광역시,27230,대구광역시 북구 ,2022,2022,-4.353485178,2,-1.607654001,1,79.23489594
27,대구광역시,27260,대구광역시 수성구 ,2022,2022,-8.519897727,5,-2.806675939,1,87.20076859
27,대구광역시,27290,대구광역시 달서구 ,2022,2022,-8.594771458,5,-2.471069966,1,82.7188392
27,대구광역시,27710,대구광역시 달성군 ,2022,2022,37.41711244,0,-1.095499898,1,68.31585136
28,인천광역시,28110,인천광역시 중구 ,2022,2022,22.888979,0,1.105466177,0,48.84972718
28,인천광역시,28140,인천광역시 동구 ,2022,2022,-53.3564132,5,-4.509402014,2,65.98262156
28,인천광역시,28177,인천광역시 미추홀구 ,2022,2022,-8.462243692,3,-0.779415181,1,79.95465259
28,인천광역시,28185,인천광역시 연수구 ,2022,2022,20.07068531,1,3.807669979,0,81.63799551
28,인천광역시,28200,인천광역시 남동구 ,2022,2022,-0.140986241,4,-0.489457131,1,73.32450331
28,인천광역시,28237,인천광역시 부평구 ,2022,2022,-12.60245079,4,0.747797095,2,74.62738452
28,인천광역시,28245,인천광역시 계양구 ,2022,2022,-14.42776173,5,-1.30345751,1,73.62682746
28,인천광역시,28260,인천광역시 서구 ,2022,2022,8.216575488,1,-0.704818395,1,60.1869455
28,인천광역시,28710,인천광역시 강화군 ,2022,2022,-9.420208904,0,3.0397958,0,56.01117988
28,인천광역시,28720,인천광역시 옹진군 ,2022,2022,3.12228497,4,4.45807771,0,53.10855263
29,광주광역시,29110,광주광역시 동구 ,2022,2022,-45.91358559,1,1.395725951,2,72.89497717
29,광주광역시,29140,광주광역시 서구 ,2022,2022,-6.794365695,5,-0.084161801,1,71.38237304
29,광주광역시,29155,광주광역시 남구 ,2022,2022,-24.41132807,1,0.458041167,0,62.45241289
29,광주광역시,29170,광주광역시 북구 ,2022,2022,-9.745635599,4,-3.946717069,1,79.67851471
29,광주광역시,29200,광주광역시 광산구 ,2022,2022,1.166857934,2,-0.415418589,1,65.8959679
30,대전광역시,30110,대전광역시 동구 ,2022,2022,-24.18044832,5,-1.422764228,1,78.58792809
30,대전광역시,30140,대전광역시 중구 ,2022,2022,-22.56534946,5,-4.002192982,1,79.09311299
30,대전광역시,30170,대전광역시 서구 ,2022,2022,-6.913745043,5,-0.410958904,1,76.75838701
30,대전광역시,30200,대전광역시 유성구 ,2022,2022,5.116475453,1,1.274424113,0,45.55754935
30,대전광역시,30230,대전광역시 대덕구 ,2022,2022,-25.847599,5,-1.778453198,2,77.97308904
31,울산광역시,31110,울산광역시 중구 ,2022,2022,-10.49822516,5,-2.300558487,1,83.04837972
31,울산광역시,31140,울산광역시 남구 ,2022,2022,-7.251508697,5,-3.456125321,1,75.88361118
31,울산광역시,31170,울산광역시 동구 ,2022,2022,-19.52763207,5,-2.021472096,2,68.68242273
31,울산광역시,31200,울산광역시 북구 ,2022,2022,15.17523774,2,2.668996265,0,62.00775194
31,울산광역시,31710,울산광역시 울주군 ,2022,2022,1.628765902,3,-1.632186722,1,59.76230019
36,세종특별자치시,36110,세종특별자치시  ,2022,2022,73.67709163,0,6.625139524,0,69.54311574
41,경기도,41110,경기도 수원시 ,2022,2022,0.254103463,4,0.526605133,0,79.14847515
41,경기도,41130,경기도 성남시 ,2022,2022,-5.616318092,5,-0.352071101,1,81.06592861
41,경기도,41150,경기도 의정부시 ,2022,2022,6.102364091,0,-1.891453717,1,80.84667897
41,경기도,41170,경기도 안양시 ,2022,2022,-13.19986349,4,0.533547847,1,81.79849341
41,경기도,41190,경기도 부천시 ,2022,2022,-6.902849694,5,-3.083700441,1,77.40811456
41,경기도,41210,경기도 광명시 ,2022,2022,-17.24069145,5,-4.086790839,2,82.44230769
41,경기도,41220,경기도 평택시 ,2022,2022,17.12567668,0,1.639603821,0,44.40729228
41,경기도,41250,경기도 동두천시 ,2022,2022,-2.902887925,5,0.982175336,0,70.54823995
41,경기도,41270,경기도 안산시 ,2022,2022,-12.47682755,2,-2.542372881,1,61.86495753
41,경기도,41280,경기도 고양시 ,2022,2022,5.499299596,1,1.173967701,0,53.89550177
41,경기도,41290,경기도 과천시 ,2022,2022,-20.35575581,0,-0.887220611,1,59.37133474
41,경기도,41310,경기도 구리시 ,2022,2022,1.384101508,4,-4.621726479,1,72.26357638
41,경기도,41360,경기도 남양주시 ,2022,2022,10.35607301,0,-0.981426278,1,51.95141501
41,경기도,41370,경기도 오산시 ,2022,2022,10.01890822,1,2.981600532,0,56.66698758
41,경기도,41390,경기도 시흥시 ,2022,2022,18.61013535,0,1.432456655,0,68.63979849
41,경기도,41410,경기도 군포시 ,2022,2022,-4.661917485,5,1.983967936,0,82.64810618
41,경기도,41430,경기도 의왕시 ,2022,2022,3.625778376,2,2.581423402,0,64.18029064
41,경기도,41450,경기도 하남시 ,2022,2022,81.06551523,0,1.255685189,0,64.71825757
41,경기도,41460,경기도 용인시 ,2022,2022,9.596803487,1,-62.79756413,1,57.21731466
41,경기도,41480,경기도 파주시 ,2022,2022,10.60916279,0,5.322747805,0,34.50100277
41,경기도,41500,경기도 이천시 ,2022,2022,7.228329169,1,1.663974759,0,52.47158968
41,경기도,41550,경기도 안성시 ,2022,2022,1.36092346,2,3.721865963,0,51.84367911
41,경기도,41570,경기도 김포시 ,2022,2022,34.63503177,1,6.331142811,0,44.16812308
41,경기도,41590,경기도 화성시 ,2022,2022,45.56307918,0,4.36756142,0,47.72033517
41,경기도,41610,경기도 광주시 ,2022,2022,24.04894838,0,2.809002003,0,38.80377136
41,경기도,41630,경기도 양주시 ,2022,2022,13.81025171,0,1.384756237,0,55.84257305
41,경기도,41650,경기도 포천시 ,2022,2022,-4.567748597,3,-3.131108243,1,55.94090489
41,경기도,41670,경기도 여주시 ,2022,2022,2.078833439,2,-0.257422344,1,49.57603333
41,경기도,41800,경기도 연천군 ,2022,2022,-33.10163656,5,2.164804469,0,66.67333734
41,경기도,41820,경기도 가평군 ,2022,2022,2.063734509,5,4.33635425,0,40.99632503
41,경기도,41830,경기도 양평군 ,2022,2022,11.57176856,0,3.542930099,1,46.52939092
42,강원도,42110,강원도 춘천시 ,2022,2022,0.474796233,0,1.261982377,0,58.11668028
42,강원도,42130,강원도 원주시 ,2022,2022,6.295159732,0,4.15323932,0,51.18539064
42,강원도,42150,강원도 강릉시 ,2022,2022,-6.85298137,3,3.160010422,0,67.50627035
42,강원도,42170,강원도 동해시 ,2022,2022,-10.45625213,2,1.984832881,0,66.32191833
42,강원도,42190,강원도 태백시 ,2022,2022,-54.17748026,5,0.667976424,1,68.98576914
42,강원도,42210,강원도 속초시 ,2022,2022,-10.64158663,1,4.014323407,0,64.10164958
42,강원도,42230,강원도 삼척시 ,2022,2022,-41.20227575,4,5.349092238,0,48.52288382
42,강원도,42720,강원도 홍천군 ,2022,2022,-16.01305929,2,3.547546186,0,47.01022224
42,강원도,42730,강원도 횡성군 ,2022,2022,-9.800160861,2,3.511029412,0,38.51408074
42,강원도,42750,강원도 영월군 ,2022,2022,-44.44117647,5,4.238123398,0,36.55941745
42,강원도,42760,강원도 평창군 ,2022,2022,-27.51835371,5,3.95572196,0,43.7248232
42,강원도,42770,강원도 정선군 ,2022,2022,-61.38361791,5,1.330059341,1,40.93695271
42,강원도,42780,강원도 철원군 ,2022,2022,-19.95208306,5,3.840503673,0,56.69343599
42,강원도,42790,강원도 화천군 ,2022,2022,-18.91770245,5,6.673546612,0,54.0312409
42,강원도,42800,강원도 양구군 ,2022,2022,-26.43972627,5,4.17222964,0,45.5085036
42,강원도,42810,강원도 인제군 ,2022,2022,-18.76075731,2,6.28595781,1,44.96947594
42,강원도,42820,강원도 고성군 ,2022,2022,-38.66653627,3,8.956743003,0,54.37679204
42,강원도,42830,강원도 양양군 ,2022,2022,-26.13416379,2,5.800564849,0,40.12162794
43,충청북도,43110,충청북도 청주시 ,2022,2022,1.953379521,0,-0.706669118,1,62.0568276
43,충청북도,43130,충청북도 충주시 ,2022,2022,-3.136830223,3,2.559111003,0,64.294903
43,충청북도,43150,충청북도 제천시 ,2022,2022,-7.719713312,5,2.765269599,0,59.80506175
43,충청북도,43720,충청북도 보은군 ,2022,2022,-41.0112682,5,5.22971652,1,74.79152951
43,충청북도,43730,충청북도 옥천군 ,2022,2022,-31.67118209,5,4.518950437,0,72.84414271
43,충청북도,43740,충청북도 영동군 ,2022,2022,-40.17287615,5,8.157038242,0,30.91508984
43,충청북도,43745,충청북도 증평군 ,2022,2022,-10.83304425,2,-1.76970269,1,62.4355129
43,충청북도,43750,충청북도 진천군 ,2022,2022,24.37797899,0,2.761850153,0,53.6130746
43,충청북도,43760,충청북도 괴산군 ,2022,2022,-30.33217612,2,5.652368186,0,45.96519868
43,충청북도,43770,충청북도 음성군 ,2022,2022,-1.56428844,5,2.313376148,0,55.02618542
43,충청북도,43800,충청북도 단양군 ,2022,2022,-44.85634847,4,2.564102564,0,63.0095377
44,충청남도,44130,충청남도 천안시 ,2022,2022,7.6731087,2,1.486211735,0,59.97845973
44,충청남도,44150,충청남도 공주시 ,2022,2022,-33.22641665,5,6.094639114,0,64.98074996
44,충청남도,44180,충청남도 보령시 ,2022,2022,-34.84124158,5,2.272012579,0,52.37160056
44,충청남도,44200,충청남도 아산시 ,2022,2022,3.341746059,0,1.218026797,0,61.62112303
44,충청남도,44210,충청남도 서산시 ,2022,2022,3.471293437,1,4.197917229,0,58.32893734
44,충청남도,44230,충청남도 논산시 ,2022,2022,-35.09206154,5,3.472718996,0,63.92529567
44,충청남도,44250,충청남도 계룡시 ,2022,2022,-2.338181468,3,2.0506248,0,52.01919232
44,충청남도,44270,충청남도 당진시 ,2022,2022,-39.5912638,2,4.532156239,0,40.11761698
44,충청남도,44710,충청남도 금산군 ,2022,2022,-46.47072912,5,4.599678825,0,78.04391218
44,충청남도,44760,충청남도 부여군 ,2022,2022,-51.02690338,5,3.298913772,2,76.80413836
44,충청남도,44770,충청남도 서천군 ,2022,2022,-45.62046512,5,5.778858532,0,66.07773852
44,충청남도,44790,충청남도 청양군 ,2022,2022,-5.825482215,5,7.160948653,0,67.03269279
44,충청남도,44800,충청남도 홍성군 ,2022,2022,-41.96400134,5,1.446051168,0,46.76276829
44,충청남도,44810,충청남도 예산군 ,2022,2022,-29.37252225,4,3.964933254,0,63.87280301
44,충청남도,44825,충청남도 태안군 ,2022,2022,2.150749427,5,5.186554234,0,42.89223058
45,전라북도,45110,전라북도 전주시 ,2022,2022,0.537189639,2,-1.147256294,1,77.52902745
45,전라북도,45130,전라북도 군산시 ,2022,2022,-9.032067025,5,2.71985205,1,67.61742619
45,전라북도,45140,전라북도 익산시 ,2022,2022,-13.89088842,5,2.420288972,0,78.68947103
45,전라북도,45180,전라북도 정읍시 ,2022,2022,-44.43485158,5,3.657780533,0,69.34367675
45,전라북도,45190,전라북도 남원시 ,2022,2022,-38.34923388,5,1.443748297,0,72.30785843
45,전라북도,45210,전라북도 김제시 ,2022,2022,-48.48822693,4,2.857834827,0,75.68431862
45,전라북도,45710,전라북도 완주군 ,2022,2022,-1.437292077,4,4.577081063,0,60.92275323
45,전라북도,45720,전라북도 진안군 ,2022,2022,-48.77890738,5,15.24833913,0,55.85256218
45,전라북도,45730,전라북도 무주군 ,2022,2022,-39.80585135,5,2.773590594,0,67.22536218
45,전라북도,45740,전라북도 장수군 ,2022,2022,-40.35174997,4,6.856359273,1,58.94025528
45,전라북도,45750,전라북도 임실군 ,2022,2022,-46.90305764,5,4.949494949,1,60.69810252
45,전라북도,45770,전라북도 순창군 ,2022,2022,-42.57027229,5,7.03994761,2,68.7762174
45,전라북도,45790,전라북도 고창군 ,2022,2022,-46.37111937,5,5.005122201,0,52.71950692
45,전라북도,45800,전라북도 부안군 ,2022,2022,-53.07761882,5,2.576822378,1,68.11952868
46,전라남도,46110,전라남도 목포시 ,2022,2022,-12.09078569,5,0.181501379,0,82.37975757
46,전라남도,46130,전라남도 여수시 ,2022,2022,-15.55742286,5,2.078369906,0,71.45026915
46,전라남도,46150,전라남도 순천시 ,2022,2022,-0.681254097,2,2.103162922,0,73.71512482
46,전라남도,46170,전라남도 나주시 ,2022,2022,-30.88556047,1,4.410641106,0,76.9922527
46,전라남도,46230,전라남도 광양시 ,2022,2022,-5.7002748,2,2.367027146,0,64.91102302
46,전라남도,46710,전라남도 담양군 ,2022,2022,-41.94570442,5,1.924825705,0,64.81357367
46,전라남도,46720,전라남도 곡성군 ,2022,2022,-46.30333756,5,3.981667144,1,75.52193646
46,전라남도,46730,전라남도 구례군 ,2022,2022,-42.98275279,5,2.097450791,0,76.13042924
46,전라남도,46770,전라남도 고흥군 ,2022,2022,-56.30482374,5,4.750916248,0,72.92722665
46,전라남도,46780,전라남도 보성군 ,2022,2022,-65.07091866,5,2.187244481,1,70.58130979
46,전라남도,46790,전라남도 화순군 ,2022,2022,-31.89614404,3,2.622860298,0,72.22865355
46,전라남도,46800,전라남도 장흥군 ,2022,2022,-49.46400328,5,3.086419753,0,72.59824273
46,전라남도,46810,전라남도 강진군 ,2022,2022,-54.44526292,5,2.909362178,0,71.6354741
46,전라남도,46820,전라남도 해남군 ,2022,2022,-52.85189791,5,3.639494834,0,68.38435173
46,전라남도,46830,전라남도 영암군 ,2022,2022,-25.66646812,5,4.389288047,0,50.54960866
46,전라남도,46840,전라남도 무안군 ,2022,2022,-8.816769431,2,2.719326643,0,71.49148663
46,전라남도,46860,전라남도 함평군 ,2022,2022,-53.62254521,5,5.901201602,0,68.29962073
46,전라남도,46870,전라남도 영광군 ,2022,2022,-42.74534118,4,3.213901276,0,56.29311388
46,전라남도,46880,전라남도 장성군 ,2022,2022,-35.24046703,5,3.641732283,0,48.95319522
46,전라남도,46890,전라남도 완도군 ,2022,2022,-47.05601101,5,2.372555306,0,71.02607448
46,전라남도,46900,전라남도 진도군 ,2022,2022,-49.7921588,2,3.524904215,0,79.46703109
46,전라남도,46910,전라남도 신안군 ,2022,2022,-66.70409827,5,3.274907749,1,75.53618647
47,경상북도,47110,경상북도 포항시 ,2022,2022,-4.424545388,3,0.404599659,0,56.5033915
47,경상북도,47130,경상북도 경주시 ,2022,2022,-10.81561184,5,-0.35773167,1,64.84702815
47,경상북도,47150,경상북도 김천시 ,2022,2022,-10.53850456,3,8.668511031,0,68.63536577
47,경상북도,47170,경상북도 안동시 ,2022,2022,-20.13050885,5,0.178085062,0,74.86004523
47,경상북도,47190,경상북도 구미시 ,2022,2022,-0.990799546,5,-0.193621868,1,58.96062643
47,경상북도,47210,경상북도 영주시 ,2022,2022,-27.23136654,5,2.732112103,0,69.40672253
47,경상북도,47230,경상북도 영천시 ,2022,2022,-20.18828018,3,3.712019159,1,67.35431472
47,경상북도,47250,경상북도 상주시 ,2022,2022,-36.45951417,3,4.668119343,0,72.20669524
47,경상북도,47280,경상북도 문경시 ,2022,2022,-43.68426342,3,3.393238658,0,68.49084639
47,경상북도,47290,경상북도 경산시 ,2022,2022,-0.144059135,1,0.642592722,0,59.42928337
47,경상북도,47720,경상북도 군위군 ,2022,2022,-41.89559322,4,5.492362691,1,65.5244486
47,경상북도,47730,경상북도 의성군 ,2022,2022,-50.00670815,5,3.448275862,1,77.06847445
47,경상북도,47750,경상북도 청송군 ,2022,2022,-46.36164183,5,2.738788086,1,63.47805485
47,경상북도,47760,경상북도 영양군 ,2022,2022,-50.41706769,5,1.577102804,0,59.83146067
47,경상북도,47770,경상북도 영덕군 ,2022,2022,-48.61728961,5,7.269884698,0,66.27164395
47,경상북도,47820,경상북도 청도군 ,2022,2022,-33.93373544,5,4.634239755,0,70.37305633
47,경상북도,47830,경상북도 고령군 ,2022,2022,-17.60565363,5,4.320276498,0,71.12509073
47,경상북도,47840,경상북도 성주군 ,2022,2022,-25.69797672,5,3.651685393,1,57.19425705
47,경상북도,47850,경상북도 칠곡군 ,2022,2022,-5.600115677,5,0.724682184,0,47.89055773
47,경상북도,47900,경상북도 예천군 ,2022,2022,-33.14347777,0,9.601873536,0,65.69676885
47,경상북도,47920,경상북도 봉화군 ,2022,2022,-49.33468574,5,8.202764977,0,69.64293576
47,경상북도,47930,경상북도 울진군 ,2022,2022,-35.26075154,5,1.795555556,0,70.23565255
47,경상북도,47940,경상북도 울릉군 ,2022,2022,-46.36524243,4,4.789977892,1,75.507801
48,경상남도,48120,경상남도 창원시 ,2022,2022,-6.473106589,5,-0.404861991,1,72.6682821
48,경상남도,48170,경상남도 진주시 ,2022,2022,0.322735919,2,0.439639087,0,76.88458724
48,경상남도,48220,경상남도 통영시 ,2022,2022,-11.1690095,5,0.757469491,0,77.30532085
48,경상남도,48240,경상남도 사천시 ,2022,2022,-7.637169745,5,2.781289507,0,67.46474459
48,경상남도,48250,경상남도 김해시 ,2022,2022,2.908586447,3,1.315645214,0,55.64012106
48,경상남도,48270,경상남도 밀양시 ,2022,2022,-25.30460077,5,4.194192656,0,66.52258867
48,경상남도,48310,경상남도 거제시 ,2022,2022,-4.568293457,5,-3.540767553,1,70
48,경상남도,48330,경상남도 양산시 ,2022,2022,17.93585416,1,-0.57016877,1,63.44246895
48,경상남도,48720,경상남도 의령군 ,2022,2022,-48.92522506,5,2.563237774,1,36.58158078
48,경상남도,48730,경상남도 함안군 ,2022,2022,-5.975923671,5,1.836237587,0,32.45262093
48,경상남도,48740,경상남도 창녕군 ,2022,2022,-31.20879121,5,2.689849903,0,70.72119428
48,경상남도,48820,경상남도 고성군 ,2022,2022,-28.47598918,5,2.611625948,0,73.93913284
48,경상남도,48840,경상남도 남해군 ,2022,2022,-43.31888112,5,6.431881372,0,81.30052383
48,경상남도,48850,경상남도 하동군 ,2022,2022,-37.63018066,5,7.883672039,0,68.6728972
48,경상남도,48860,경상남도 산청군 ,2022,2022,-34.90105423,5,5.863402062,0,68.1906705
48,경상남도,48870,경상남도 함양군 ,2022,2022,-33.60235576,5,6.442133816,0,66.90506633
48,경상남도,48880,경상남도 거창군 ,2022,2022,-24.11188451,5,3.891591383,0,72.85549295
48,경상남도,48890,경상남도 합천군 ,2022,2022,-43.10252281,5,8.635154492,0,79.7591724
50,제주특별자치도,50110,제주특별자치도 제주시 ,2022,2022,7.45750498,0,1.828175772,0,76.61582481
50,제주특별자치도,50130,제주특별자치도 서귀포시 ,2022,2022,-1.901538213,0,3.016453382,0,78.55300536
11,서울특별시,11110,서울특별시 종로구 ,2021,2021,-42.58,4,24.34,4,76.95
11,서울특별시,11140,서울특별시 중구 ,2021,2021,-37.67,2,15.4,4,84.11
11,서울특별시,11170,서울특별시 용산구 ,2021,2021,-31.16,3,52.78,2,82.13
11,서울특별시,11200,서울특별시 성동구 ,2021,2021,-32.16,3,53.97,0,80.59
11,서울특별시,11215,서울특별시 광진구 ,2021,2021,-13.12,4,48.17,3,70.04
11,서울특별시,11230,서울특별시 동대문구 ,2021,2021,-34.08,5,36.01,4,79.56
11,서울특별시,11260,서울특별시 중랑구 ,2021,2021,-15.64,5,54.99,1,73.74
11,서울특별시,11290,서울특별시 성북구 ,2021,2021,-22.89,2,47.24,4,75.54
11,서울특별시,11305,서울특별시 강북구 ,2021,2021,-24.53,5,48.94,1,78.51
11,서울특별시,11320,서울특별시 도봉구 ,2021,2021,-15.15,5,53.64,2,73.19
11,서울특별시,11350,서울특별시 노원구 ,2021,2021,-16.52,5,58.16,0,70.99
11,서울특별시,11380,서울특별시 은평구 ,2021,2021,-5.85,5,64.08,1,66.93
11,서울특별시,11410,서울특별시 서대문구 ,2021,2021,-21.75,3,54.84,1,76.1
11,서울특별시,11440,서울특별시 마포구 ,2021,2021,-18.99,3,62.4,1,66.78
11,서울특별시,11470,서울특별시 양천구 ,2021,2021,-11.68,5,54.6,2,68.9
11,서울특별시,11500,서울특별시 강서구 ,2021,2021,-1.16,4,63.74,0,58.41
11,서울특별시,11530,서울특별시 구로구 ,2021,2021,-9.57,2,46.63,0,72.41
11,서울특별시,11545,서울특별시 금천구 ,2021,2021,-29.87,5,44.82,0,71.98
11,서울특별시,11560,서울특별시 영등포구 ,2021,2021,-24.13,3,74.94,4,78.12
11,서울특별시,11590,서울특별시 동작구 ,2021,2021,-10.8,5,49.38,2,69.41
11,서울특별시,11620,서울특별시 관악구 ,2021,2021,-16.67,5,57.17,1,66.25
11,서울특별시,11650,서울특별시 서초구 ,2021,2021,-4.68,5,62.91,2,60.12
11,서울특별시,11680,서울특별시 강남구 ,2021,2021,-6.71,2,60.03,2,58.01
11,서울특별시,11710,서울특별시 송파구 ,2021,2021,-2.16,2,66.82,0,57.11
11,서울특별시,11740,서울특별시 강동구 ,2021,2021,-17.77,2,55.66,2,64.16
26,부산광역시,26110,부산광역시 중구 ,2021,2021,-49.3,5,24.63,2,81.77
26,부산광역시,26140,부산광역시 서구 ,2021,2021,-49.37,3,20.71,3,85.94
26,부산광역시,26170,부산광역시 동구 ,2021,2021,-53.93,2,31.5,1,87.18
26,부산광역시,26200,부산광역시 영도구 ,2021,2021,-46.12,5,22.68,0,83.91
26,부산광역시,26230,부산광역시 부산진구 ,2021,2021,-32.37,3,36.08,1,81.79
26,부산광역시,26260,부산광역시 동래구 ,2021,2021,-21.5,2,38.27,1,80.69
26,부산광역시,26290,부산광역시 남구 ,2021,2021,-22.67,3,55.35,0,79.66
26,부산광역시,26320,부산광역시 북구 ,2021,2021,-15.81,5,44.49,1,76.29
26,부산광역시,26350,부산광역시 해운대구 ,2021,2021,-6.17,5,46.82,0,77.4
26,부산광역시,26380,부산광역시 사하구 ,2021,2021,-19.56,5,34.32,1,82.29
26,부산광역시,26410,부산광역시 금정구 ,2021,2021,-27.06,5,53.24,1,77.05
26,부산광역시,26440,부산광역시 강서구 ,2021,2021,51.06,0,53,0,39.85
26,부산광역시,26470,부산광역시 연제구 ,2021,2021,-22.41,2,43.89,1,79.34
26,부산광역시,26500,부산광역시 수영구 ,2021,2021,-18.72,2,43.05,0,77.29
26,부산광역시,26530,부산광역시 사상구 ,2021,2021,-28.81,5,30.79,2,73.15
26,부산광역시,26710,부산광역시 기장군 ,2021,2021,14.55,1,58.32,0,41.05
27,대구광역시,27110,대구광역시 중구 ,2021,2021,-51.96,3,20.36,1,79.8
27,대구광역시,27140,대구광역시 동구 ,2021,2021,-7.98,3,49,1,69.32
27,대구광역시,27170,대구광역시 서구 ,2021,2021,-58.82,5,23.46,3,83.7
27,대구광역시,27200,대구광역시 남구 ,2021,2021,-48.09,5,28.24,1,81.05
27,대구광역시,27230,대구광역시 북구 ,2021,2021,-4.35,2,35.28,0,62.02
27,대구광역시,27260,대구광역시 수성구 ,2021,2021,-8.52,5,41.59,0,73.03
27,대구광역시,27290,대구광역시 달서구 ,2021,2021,-8.59,5,48.2,1,65.76
27,대구광역시,27710,대구광역시 달성군 ,2021,2021,37.42,0,47.96,0,49.95
28,인천광역시,28110,인천광역시 중구 ,2021,2021,22.89,0,69.28,0,42.99
28,인천광역시,28140,인천광역시 동구 ,2021,2021,-53.36,5,49.04,1,77.77
28,인천광역시,28177,인천광역시 미추홀구 ,2021,2021,-8.46,3,57.34,0,73.47
28,인천광역시,28185,인천광역시 연수구 ,2021,2021,20.07,0,62.38,0,60.29
28,인천광역시,28200,인천광역시 남동구 ,2021,2021,-0.14,3,48.6,0,59.74
28,인천광역시,28237,인천광역시 부평구 ,2021,2021,-12.6,5,45.67,2,72.86
28,인천광역시,28245,인천광역시 계양구 ,2021,2021,-14.43,5,58.32,0,60.12
28,인천광역시,28260,인천광역시 서구 ,2021,2021,8.22,1,67.71,0,42.5
28,인천광역시,28710,인천광역시 강화군 ,2021,2021,-9.42,0,52.98,1,44.34
28,인천광역시,28720,인천광역시 옹진군 ,2021,2021,3.12,4,20.68,1,40.59
29,광주광역시,29110,광주광역시 동구 ,2021,2021,-45.91,2,9.72,2,73.68
29,광주광역시,29140,광주광역시 서구 ,2021,2021,-6.79,5,46.7,0,56.79
29,광주광역시,29155,광주광역시 남구 ,2021,2021,-24.41,2,31.09,0,73.12
29,광주광역시,29170,광주광역시 북구 ,2021,2021,-9.75,3,42.8,0,65.65
29,광주광역시,29200,광주광역시 광산구 ,2021,2021,1.17,1,56.78,0,47.55
30,대전광역시,30110,대전광역시 동구 ,2021,2021,-24.18,5,33.79,1,74.89
30,대전광역시,30140,대전광역시 중구 ,2021,2021,-22.57,5,47.3,1,77.76
30,대전광역시,30170,대전광역시 서구 ,2021,2021,-6.91,5,41.86,0,65.22
30,대전광역시,30200,대전광역시 유성구 ,2021,2021,5.12,1,49.08,0,31.46
30,대전광역시,30230,대전광역시 대덕구 ,2021,2021,-25.85,5,47.09,1,69.59
31,울산광역시,31110,울산광역시 중구 ,2021,2021,-10.5,5,30,1,71.4
31,울산광역시,31140,울산광역시 남구 ,2021,2021,-7.25,5,36.62,0,61.19
31,울산광역시,31170,울산광역시 동구 ,2021,2021,-19.53,5,21.25,1,61.6
31,울산광역시,31200,울산광역시 북구 ,2021,2021,15.18,1,44.07,0,46.25
31,울산광역시,31710,울산광역시 울주군 ,2021,2021,1.63,2,50.7,0,40.64
36,세종특별자치시,36110,세종특별자치시  ,2021,2021,73.68,0,62.66,0,46.88
41,경기도,41110,경기도 수원시 ,2021,2021,0.25,4,54.27,0,60.45
41,경기도,41130,경기도 성남시 ,2021,2021,-5.62,5,53.27,0,72.24
41,경기도,41150,경기도 의정부시 ,2021,2021,6.1,0,61.17,1,66.74
41,경기도,41170,경기도 안양시 ,2021,2021,-13.2,5,47.18,1,69.43
41,경기도,41190,경기도 부천시 ,2021,2021,-6.9,5,52.87,0,66.24
41,경기도,41210,경기도 광명시 ,2021,2021,-17.24,5,51.27,2,67.77
41,경기도,41220,경기도 평택시 ,2021,2021,17.13,0,65.54,0,35.44
41,경기도,41250,경기도 동두천시 ,2021,2021,-2.9,5,38.65,0,60.87
41,경기도,41270,경기도 안산시 ,2021,2021,-12.48,3,60.58,1,40.33
41,경기도,41280,경기도 고양시 ,2021,2021,5.5,0,62.68,0,38.79
41,경기도,41290,경기도 과천시 ,2021,2021,-20.36,1,67.94,1,45.37
41,경기도,41310,경기도 구리시 ,2021,2021,1.38,3,56.81,0,61.53
41,경기도,41360,경기도 남양주시 ,2021,2021,10.36,0,80.28,0,28.83
41,경기도,41370,경기도 오산시 ,2021,2021,10.02,0,60.16,0,37.99
41,경기도,41390,경기도 시흥시 ,2021,2021,18.61,0,63.85,0,37.56
41,경기도,41410,경기도 군포시 ,2021,2021,-4.66,5,53.37,0,63.97
41,경기도,41430,경기도 의왕시 ,2021,2021,3.63,2,56.18,0,44.14
41,경기도,41450,경기도 하남시 ,2021,2021,81.07,0,97.18,0,39.84
41,경기도,41460,경기도 용인시 ,2021,2021,9.6,0,82.08,0,29.31
41,경기도,41480,경기도 파주시 ,2021,2021,10.61,0,72.31,0,23.32
41,경기도,41500,경기도 이천시 ,2021,2021,7.23,0,70.86,0,37.98
41,경기도,41550,경기도 안성시 ,2021,2021,1.36,1,64,0,43.66
41,경기도,41570,경기도 김포시 ,2021,2021,34.64,0,74.86,0,21.42
41,경기도,41590,경기도 화성시 ,2021,2021,45.56,0,64.43,0,24.73
41,경기도,41610,경기도 광주시 ,2021,2021,24.05,0,66.94,0,29.06
41,경기도,41630,경기도 양주시 ,2021,2021,13.81,0,52.81,0,37.09
41,경기도,41650,경기도 포천시 ,2021,2021,-4.57,4,52.28,0,40.7
41,경기도,41670,경기도 여주시 ,2021,2021,2.08,2,104.6,0,30.94
41,경기도,41800,경기도 연천군 ,2021,2021,-33.1,5,135.14,0,53.97
41,경기도,41820,경기도 가평군 ,2021,2021,2.06,4,30.2,0,33.46
41,경기도,41830,경기도 양평군 ,2021,2021,11.57,0,59.3,1,31.52
42,강원도,42110,강원도 춘천시 ,2021,2021,0.47,1,41.27,0,48.87
42,강원도,42130,강원도 원주시 ,2021,2021,6.3,0,37.57,0,46.27
42,강원도,42150,강원도 강릉시 ,2021,2021,-6.85,2,34.79,0,55.54
42,강원도,42170,강원도 동해시 ,2021,2021,-10.46,3,39.91,0,61.15
42,강원도,42190,강원도 태백시 ,2021,2021,-54.18,5,18.18,1,69.55
42,강원도,42210,강원도 속초시 ,2021,2021,-10.64,1,25.87,0,63.88
42,강원도,42230,강원도 삼척시 ,2021,2021,-41.2,5,25.62,0,54.83
42,강원도,42720,강원도 홍천군 ,2021,2021,-16.01,2,42.98,0,45.36
42,강원도,42730,강원도 횡성군 ,2021,2021,-9.8,2,35.42,0,30.1
42,강원도,42750,강원도 영월군 ,2021,2021,-44.44,5,35.35,0,45.28
42,강원도,42760,강원도 평창군 ,2021,2021,-27.52,5,33.31,1,41.48
42,강원도,42770,강원도 정선군 ,2021,2021,-61.38,5,26.34,1,40.02
42,강원도,42780,강원도 철원군 ,2021,2021,-19.95,5,29.17,0,55.4
42,강원도,42790,강원도 화천군 ,2021,2021,-18.92,5,29.83,0,46.14
42,강원도,42800,강원도 양구군 ,2021,2021,-26.44,5,45.37,0,45.39
42,강원도,42810,강원도 인제군 ,2021,2021,-18.76,3,40.13,1,32.1
42,강원도,42820,강원도 고성군 ,2021,2021,-38.67,4,32.32,0,55.64
42,강원도,42830,강원도 양양군 ,2021,2021,-26.13,1,16.38,0,37.61
43,충청북도,43110,충청북도 청주시 ,2021,2021,1.95,0,48.08,0,54.04
43,충청북도,43130,충청북도 충주시 ,2021,2021,-3.14,2,41.61,0,55.47
43,충청북도,43150,충청북도 제천시 ,2021,2021,-7.72,5,40.81,0,55.62
43,충청북도,43720,충청북도 보은군 ,2021,2021,-41.01,5,42.68,1,61.11
43,충청북도,43730,충청북도 옥천군 ,2021,2021,-31.67,5,74.42,0,58.8
43,충청북도,43740,충청북도 영동군 ,2021,2021,-40.17,5,39.94,0,42.36
43,충청북도,43745,충청북도 증평군 ,2021,2021,-10.83,2,48.03,0,53.31
43,충청북도,43750,충청북도 진천군 ,2021,2021,24.38,0,57.09,0,48.79
43,충청북도,43760,충청북도 괴산군 ,2021,2021,-30.33,1,57.94,1,48.44
43,충청북도,43770,충청북도 음성군 ,2021,2021,-1.56,5,50.02,0,46.04
43,충청북도,43800,충청북도 단양군 ,2021,2021,-44.86,3,39.69,0,65.35
44,충청남도,44130,충청남도 천안시 ,2021,2021,7.67,1,42.32,0,49.53
44,충청남도,44150,충청남도 공주시 ,2021,2021,-33.23,5,50.73,1,57.55
44,충청남도,44180,충청남도 보령시 ,2021,2021,-34.84,5,49.16,0,44.19
44,충청남도,44200,충청남도 아산시 ,2021,2021,3.34,0,57.23,0,43.92
44,충청남도,44210,충청남도 서산시 ,2021,2021,3.47,0,48.6,0,50.39
44,충청남도,44230,충청남도 논산시 ,2021,2021,-35.09,5,49.83,1,63.26
44,충청남도,44250,충청남도 계룡시 ,2021,2021,-2.34,3,34.47,0,41.7
44,충청남도,44270,충청남도 당진시 ,2021,2021,-39.59,2,53.91,0,35.75
44,충청남도,44710,충청남도 금산군 ,2021,2021,-46.47,5,51.91,0,65.63
44,충청남도,44760,충청남도 부여군 ,2021,2021,-51.03,5,62.25,2,69.81
44,충청남도,44770,충청남도 서천군 ,2021,2021,-45.62,5,47.61,0,54.18
44,충청남도,44790,충청남도 청양군 ,2021,2021,-5.83,4,34.42,0,66.06
44,충청남도,44800,충청남도 홍성군 ,2021,2021,-41.96,4,44.69,0,43.68
44,충청남도,44810,충청남도 예산군 ,2021,2021,-29.37,5,48.71,0,58.28
44,충청남도,44825,충청남도 태안군 ,2021,2021,2.15,4,39.49,0,40.91
45,전라북도,45110,전라북도 전주시 ,2021,2021,0.54,1,45.74,0,60.65
45,전라북도,45130,전라북도 군산시 ,2021,2021,-9.03,5,48.9,2,59.58
45,전라북도,45140,전라북도 익산시 ,2021,2021,-13.89,5,51.1,1,66.32
45,전라북도,45180,전라북도 정읍시 ,2021,2021,-44.43,5,67.81,0,53.03
45,전라북도,45190,전라북도 남원시 ,2021,2021,-38.35,5,61.29,1,63.31
45,전라북도,45210,전라북도 김제시 ,2021,2021,-48.49,5,79.05,0,61.54
45,전라북도,45710,전라북도 완주군 ,2021,2021,-1.44,4,73.51,0,50.19
45,전라북도,45720,전라북도 진안군 ,2021,2021,-48.78,4,64.12,1,51.38
45,전라북도,45730,전라북도 무주군 ,2021,2021,-39.81,5,36.5,1,57.21
45,전라북도,45740,전라북도 장수군 ,2021,2021,-40.35,3,91.91,0,63.06
45,전라북도,45750,전라북도 임실군 ,2021,2021,-46.9,5,87.15,2,55.54
45,전라북도,45770,전라북도 순창군 ,2021,2021,-42.57,5,46.9,2,63.43
45,전라북도,45790,전라북도 고창군 ,2021,2021,-46.37,5,30.45,0,38.91
45,전라북도,45800,전라북도 부안군 ,2021,2021,-53.08,5,54.47,1,64.56
46,전라남도,46110,전라남도 목포시 ,2021,2021,-12.09,5,36.37,0,76.67
46,전라남도,46130,전라남도 여수시 ,2021,2021,-15.56,5,34.71,0,62.78
46,전라남도,46150,전라남도 순천시 ,2021,2021,-0.68,1,42.04,0,61.69
46,전라남도,46170,전라남도 나주시 ,2021,2021,-30.89,0,64.03,0,65.12
46,전라남도,46230,전라남도 광양시 ,2021,2021,-5.7,2,47.52,0,54.23
46,전라남도,46710,전라남도 담양군 ,2021,2021,-41.95,4,62.87,1,51.02
46,전라남도,46720,전라남도 곡성군 ,2021,2021,-46.3,5,66.56,2,61.16
46,전라남도,46730,전라남도 구례군 ,2021,2021,-42.98,4,34.97,1,62.94
46,전라남도,46770,전라남도 고흥군 ,2021,2021,-56.3,5,45.94,0,64.84
46,전라남도,46780,전라남도 보성군 ,2021,2021,-65.07,5,31.68,2,65.22
46,전라남도,46790,전라남도 화순군 ,2021,2021,-31.9,4,53.87,0,61
46,전라남도,46800,전라남도 장흥군 ,2021,2021,-49.46,5,20.25,1,63.26
46,전라남도,46810,전라남도 강진군 ,2021,2021,-54.45,5,61.07,0,64.33
46,전라남도,46820,전라남도 해남군 ,2021,2021,-52.85,5,58.36,1,64.28
46,전라남도,46830,전라남도 영암군 ,2021,2021,-25.67,5,60.68,1,60.35
46,전라남도,46840,전라남도 무안군 ,2021,2021,-8.82,2,64.25,0,62.56
46,전라남도,46860,전라남도 함평군 ,2021,2021,-53.62,5,47.91,0,49.22
46,전라남도,46870,전라남도 영광군 ,2021,2021,-42.75,5,42.77,1,52.41
46,전라남도,46880,전라남도 장성군 ,2021,2021,-35.24,4,73.87,0,56.56
46,전라남도,46890,전라남도 완도군 ,2021,2021,-47.06,5,33.75,0,66.31
46,전라남도,46900,전라남도 진도군 ,2021,2021,-49.79,3,31.29,1,73.78
46,전라남도,46910,전라남도 신안군 ,2021,2021,-66.7,5,38.75,1,71.61
47,경상북도,47110,경상북도 포항시 ,2021,2021,-4.42,4,38.87,0,54.07
47,경상북도,47130,경상북도 경주시 ,2021,2021,-10.82,5,31.74,0,56.68
47,경상북도,47150,경상북도 김천시 ,2021,2021,-10.54,2,39.57,0,58.68
47,경상북도,47170,경상북도 안동시 ,2021,2021,-20.13,5,45.08,0,66.13
47,경상북도,47190,경상북도 구미시 ,2021,2021,-0.99,4,32.95,0,46.62
47,경상북도,47210,경상북도 영주시 ,2021,2021,-27.23,5,40.19,0,63.96
47,경상북도,47230,경상북도 영천시 ,2021,2021,-20.19,2,58.37,1,57.84
47,경상북도,47250,경상북도 상주시 ,2021,2021,-36.46,2,61.11,0,61.61
47,경상북도,47280,경상북도 문경시 ,2021,2021,-43.68,2,35.92,1,64.03
47,경상북도,47290,경상북도 경산시 ,2021,2021,-0.14,0,45.03,0,51.96
47,경상북도,47720,경상북도 군위군 ,2021,2021,-41.9,4,64.63,1,60.74
47,경상북도,47730,경상북도 의성군 ,2021,2021,-50.01,5,45.72,1,69.54
47,경상북도,47750,경상북도 청송군 ,2021,2021,-46.36,5,36.5,1,54.1
47,경상북도,47760,경상북도 영양군 ,2021,2021,-50.42,5,33.13,0,58.25
47,경상북도,47770,경상북도 영덕군 ,2021,2021,-48.62,5,33.08,1,60.95
47,경상북도,47820,경상북도 청도군 ,2021,2021,-33.93,5,24.81,0,66.31
47,경상북도,47830,경상북도 고령군 ,2021,2021,-17.61,5,31.08,0,67.18
47,경상북도,47840,경상북도 성주군 ,2021,2021,-25.7,5,64.43,1,53.48
47,경상북도,47850,경상북도 칠곡군 ,2021,2021,-5.6,5,39.56,0,45.83
47,경상북도,47900,경상북도 예천군 ,2021,2021,-33.14,0,44.14,1,64.38
47,경상북도,47920,경상북도 봉화군 ,2021,2021,-49.33,5,29.27,0,63.85
47,경상북도,47930,경상북도 울진군 ,2021,2021,-35.26,5,19.53,0,70.05
47,경상북도,47940,경상북도 울릉군 ,2021,2021,-46.37,5,9.08,1,70.42
48,경상남도,48120,경상남도 창원시 ,2021,2021,-6.47,5,35.09,0,64.32
48,경상남도,48170,경상남도 진주시 ,2021,2021,0.32,2,32.08,0,66.99
48,경상남도,48220,경상남도 통영시 ,2021,2021,-11.17,5,26.76,0,68.1
48,경상남도,48240,경상남도 사천시 ,2021,2021,-7.64,5,27.5,0,61.34
48,경상남도,48250,경상남도 김해시 ,2021,2021,2.91,2,42.95,0,44.76
48,경상남도,48270,경상남도 밀양시 ,2021,2021,-25.3,5,46.48,1,57.99
48,경상남도,48310,경상남도 거제시 ,2021,2021,-4.57,5,38.06,0,52.2
48,경상남도,48330,경상남도 양산시 ,2021,2021,17.94,0,58.04,0,40.37
48,경상남도,48720,경상남도 의령군 ,2021,2021,-48.93,5,48.1,1,43.79
48,경상남도,48730,경상남도 함안군 ,2021,2021,-5.98,5,43.45,1,32.67
48,경상남도,48740,경상남도 창녕군 ,2021,2021,-31.21,4,23.85,0,63.38
48,경상남도,48820,경상남도 고성군 ,2021,2021,-28.48,5,29.08,1,66.76
48,경상남도,48840,경상남도 남해군 ,2021,2021,-43.32,5,18.36,0,67.18
48,경상남도,48850,경상남도 하동군 ,2021,2021,-37.63,5,41.22,0,64.88
48,경상남도,48860,경상남도 산청군 ,2021,2021,-34.9,4,52.66,1,63.71
48,경상남도,48870,경상남도 함양군 ,2021,2021,-33.6,5,30.04,0,57.26
48,경상남도,48880,경상남도 거창군 ,2021,2021,-24.11,5,49.77,0,63.02
48,경상남도,48890,경상남도 합천군 ,2021,2021,-43.1,5,41.2,1,69.16
50,제주특별자치도,50110,제주특별자치도 제주시 ,2021,2021,7.46,0,48.6,0,50.4
50,제주특별자치도,50130,제주특별자치도 서귀포시 ,2021,2021,-1.9,0,40.31,0,56.89
11,서울특별시,11110,서울특별시 종로구,2020,2020,-42.58,3,-3.34,5,77.69
11,서울특별시,11140,서울특별시 중구,2020,2020,-37.67,1,-9.22,4,84.54
11,서울특별시,11170,서울특별시 용산구,2020,2020,-31.16,4,-4.28,2,82.89
11,서울특별시,11200,서울특별시 성동구,2020,2020,-32.16,2,1.28,0,81.22
11,서울특별시,11215,서울특별시 광진구,2020,2020,-13.12,3,-1.9,3,70.93
11,서울특별시,11230,서울특별시 동대문구,2020,2020,-34.08,5,-5.36,4,81.38
11,서울특별시,11260,서울특별시 중랑구,2020,2020,-15.64,5,-0.55,1,75.42
11,서울특별시,11290,서울특별시 성북구,2020,2020,-22.89,3,-6.35,5,76.69
11,서울특별시,11305,서울특별시 강북구,2020,2020,-24.53,5,-1.64,1,79.1
11,서울특별시,11320,서울특별시 도봉구,2020,2020,-15.15,5,-1.65,2,74.11
11,서울특별시,11350,서울특별시 노원구,2020,2020,-16.52,5,0.24,0,71.68
11,서울특별시,11380,서울특별시 은평구,2020,2020,-5.85,5,-0.67,1,68.05
11,서울특별시,11410,서울특별시 서대문구,2020,2020,-21.75,3,0.96,1,76.89
11,서울특별시,11440,서울특별시 마포구,2020,2020,-18.99,2,0.36,1,68.18
11,서울특별시,11470,서울특별시 양천구,2020,2020,-11.68,5,-1.59,2,69.67
11,서울특별시,11500,서울특별시 강서구,2020,2020,-1.16,3,3.18,0,60.9
11,서울특별시,11530,서울특별시 구로구,2020,2020,-9.57,3,0.6,0,73.19
11,서울특별시,11545,서울특별시 금천구,2020,2020,-29.87,5,4.26,0,73.32
11,서울특별시,11560,서울특별시 영등포구,2020,2020,-24.13,4,-5.22,4,79.36
11,서울특별시,11590,서울특별시 동작구,2020,2020,-10.8,4,-1.65,2,70.17
11,서울특별시,11620,서울특별시 관악구,2020,2020,-16.67,5,-1.97,2,67.21
11,서울특별시,11650,서울특별시 서초구,2020,2020,-4.68,4,-0.38,2,63.12
11,서울특별시,11680,서울특별시 강남구,2020,2020,-6.71,3,-3.66,2,59.87
11,서울특별시,11710,서울특별시 송파구,2020,2020,-2.16,1,2.31,0,59.35
11,서울특별시,11740,서울특별시 강동구,2020,2020,-17.77,3,-4.17,3,66.19
26,부산광역시,26110,부산광역시 중구,2020,2020,-49.3,5,-4.15,2,82.16
26,부산광역시,26140,부산광역시 서구,2020,2020,-49.37,2,-4.05,3,86.33
26,부산광역시,26170,부산광역시 동구,2020,2020,-53.93,3,-3.56,1,87.41
26,부산광역시,26200,부산광역시 영도구,2020,2020,-46.12,5,1.56,1,84.38
26,부산광역시,26230,부산광역시 부산진구,2020,2020,-32.37,4,-0.39,1,83.18
26,부산광역시,26260,부산광역시 동래구,2020,2020,-21.5,3,-5.45,1,81.58
26,부산광역시,26290,부산광역시 남구,2020,2020,-22.67,2,0.43,1,80.23
26,부산광역시,26320,부산광역시 북구,2020,2020,-15.81,5,-0.47,1,77.09
26,부산광역시,26350,부산광역시 해운대구,2020,2020,-6.17,5,0.49,0,78.72
26,부산광역시,26380,부산광역시 사하구,2020,2020,-19.56,5,1.2,1,83.06
26,부산광역시,26410,부산광역시 금정구,2020,2020,-27.06,5,-0.24,1,77.65
26,부산광역시,26440,부산광역시 강서구,2020,2020,51.06,0,10.44,0,41.34
26,부산광역시,26470,부산광역시 연제구,2020,2020,-22.41,2,1.51,1,80.25
26,부산광역시,26500,부산광역시 수영구,2020,2020,-18.72,2,2.19,1,78.69
26,부산광역시,26530,부산광역시 사상구,2020,2020,-28.81,5,-1.1,2,73.76
26,부산광역시,26710,부산광역시 기장군,2020,2020,14.55,1,3.4,0,42.66
27,대구광역시,27110,대구광역시 중구,2020,2020,-51.96,2,-2.69,1,80.8
27,대구광역시,27140,대구광역시 동구,2020,2020,-7.98,2,1.89,0,70.77
27,대구광역시,27170,대구광역시 서구,2020,2020,-58.82,5,-3.59,3,84.09
27,대구광역시,27200,대구광역시 남구,2020,2020,-48.09,5,-0.48,1,82.01
27,대구광역시,27230,대구광역시 북구,2020,2020,-4.35,2,1.22,0,62.91
27,대구광역시,27260,대구광역시 수성구,2020,2020,-8.52,5,0.28,0,74.35
27,대구광역시,27290,대구광역시 달서구,2020,2020,-8.59,5,-0.08,1,66.86
27,대구광역시,27710,대구광역시 달성군,2020,2020,37.42,0,3.62,0,51.32
28,인천광역시,28110,인천광역시 중구,2020,2020,22.89,0,0.63,0,44.05
28,인천광역시,28140,인천광역시 동구,2020,2020,-53.36,5,-2.86,2,77.9
28,인천광역시,28170,인천광역시 미추홀구,2020,2020,-8.46,3,0.91,1,74.61
28,인천광역시,28185,인천광역시 연수구,2020,2020,20.07,0,3.58,0,61.12
28,인천광역시,28200,인천광역시 남동구,2020,2020,-0.14,2,0.66,0,60.75
28,인천광역시,28237,인천광역시 부평구,2020,2020,-12.6,5,-0.42,2,73.32
28,인천광역시,28245,인천광역시 계양구,2020,2020,-14.43,5,0.73,0,60.83
28,인천광역시,28260,인천광역시 서구,2020,2020,8.22,1,6.06,0,44.11
28,인천광역시,28710,인천광역시 강화군,2020,2020,-9.42,0,4.12,1,46.49
28,인천광역시,28720,인천광역시 옹진군,2020,2020,3.12,3,5.08,1,42.06
29,광주광역시,29110,광주광역시 동구,2020,2020,-45.91,3,-8.76,2,74.68
29,광주광역시,29140,광주광역시 서구,2020,2020,-6.79,4,2,0,57.8
29,광주광역시,29155,광주광역시 남구,2020,2020,-24.41,3,5.19,0,74.09
29,광주광역시,29170,광주광역시 북구,2020,2020,-9.75,2,1.79,1,66.49
29,광주광역시,29200,광주광역시 광산구,2020,2020,1.17,0,4.68,0,48.76
30,대전광역시,30110,대전광역시 동구,2020,2020,-24.18,5,0.06,1,75.75
30,대전광역시,30140,대전광역시 중구,2020,2020,-22.57,5,-0.02,1,78.69
30,대전광역시,30170,대전광역시 서구,2020,2020,-6.91,4,2.19,0,66.8
30,대전광역시,30200,대전광역시 유성구,2020,2020,5.12,1,4.92,0,32.49
30,대전광역시,30230,대전광역시 대덕구,2020,2020,-25.85,5,0.63,1,70.68
31,울산광역시,31110,울산광역시 중구,2020,2020,-10.5,5,-0.37,1,72.13
31,울산광역시,31140,울산광역시 남구,2020,2020,-7.25,5,0.93,0,62.27
31,울산광역시,31170,울산광역시 동구,2020,2020,-19.53,5,-2.35,1,61.89
31,울산광역시,31200,울산광역시 북구,2020,2020,15.18,0,4.17,0,48.84
31,울산광역시,31710,울산광역시 울주군,2020,2020,1.63,1,4.52,0,41.96
36,세종특별자치시,36110,세종특별자치시 세종시,2020,2020,73.68,0,13.22,0,50.45
41,경기도,41110,경기도 수원시,2020,2020,0.25,3,1.27,0,61.66
41,경기도,41130,경기도 성남시,2020,2020,-5.62,4,0.99,0,72.9
41,경기도,41150,경기도 의정부시,2020,2020,6.1,0,-0.02,1,68.26
41,경기도,41170,경기도 안양시,2020,2020,-13.2,5,0.41,1,72.17
41,경기도,41190,경기도 부천시,2020,2020,-6.9,4,1.03,1,67.16
41,경기도,41210,경기도 광명시,2020,2020,-17.24,5,-3.32,2,70.69
41,경기도,41220,경기도 평택시,2020,2020,17.13,0,2.98,0,36.86
41,경기도,41250,경기도 동두천시,2020,2020,-2.9,4,0.83,0,62.76
41,경기도,41270,경기도 안산시,2020,2020,-12.48,4,-0.28,1,41.89
41,경기도,41280,경기도 고양시,2020,2020,5.5,0,1.16,0,39.66
41,경기도,41290,경기도 과천시,2020,2020,-20.36,2,-1.09,1,47.61
41,경기도,41310,경기도 구리시,2020,2020,1.38,2,0.05,0,63.28
41,경기도,41360,경기도 남양주시,2020,2020,10.36,0,5.64,0,30.32
41,경기도,41370,경기도 오산시,2020,2020,10.02,0,0.41,0,39.23
41,경기도,41390,경기도 시흥시,2020,2020,18.61,0,3.6,0,38.39
41,경기도,41410,경기도 군포시,2020,2020,-4.66,5,0.23,0,64.47
41,경기도,41430,경기도 의왕시,2020,2020,3.63,3,1.18,0,53.01
41,경기도,41450,경기도 하남시,2020,2020,81.07,0,10.29,0,40.97
41,경기도,41460,경기도 용인시,2020,2020,9.6,0,5.64,0,31.02
41,경기도,41480,경기도 파주시,2020,2020,10.61,0,6.03,0,24.33
41,경기도,41500,경기도 이천시,2020,2020,7.23,0,1.49,0,39.82
41,경기도,41550,경기도 안성시,2020,2020,1.36,1,4.6,1,45.59
41,경기도,41570,경기도 김포시,2020,2020,34.64,0,9.25,0,22.88
41,경기도,41590,경기도 화성시,2020,2020,45.56,0,6.99,0,26.05
41,경기도,41610,경기도 광주시,2020,2020,24.05,0,2.69,0,30.49
41,경기도,41630,경기도 양주시,2020,2020,13.81,0,6.51,0,38.52
41,경기도,41650,경기도 포천시,2020,2020,-4.57,5,3.11,0,42.51
41,경기도,41730,경기도 여주시,2020,2020,2.08,2,1.79,0,32.64
41,경기도,41800,경기도 연천군,2020,2020,-33.1,4,4.73,1,55.53
41,경기도,41820,경기도 가평군,2020,2020,2.06,3,1.35,1,35.39
41,경기도,41830,경기도 양평군,2020,2020,11.57,0,2.82,1,33.79
42,강원도,42110,강원도 춘천시,2020,2020,0.47,1,3.03,0,50.45
42,강원도,42130,강원도 원주시,2020,2020,6.3,0,2.39,0,47.74
42,강원도,42150,강원도 강릉시,2020,2020,-6.85,1,2.09,1,57.27
42,강원도,42170,강원도 동해시,2020,2020,-10.46,4,0.05,1,62.98
42,강원도,42190,강원도 태백시,2020,2020,-54.18,5,0.05,1,70.75
42,강원도,42210,강원도 속초시,2020,2020,-10.64,1,2.34,0,65.47
42,강원도,42230,강원도 삼척시,2020,2020,-41.2,5,1.67,0,56.25
42,강원도,42720,강원도 홍천군,2020,2020,-16.01,2,2.8,0,47.21
42,강원도,42730,강원도 횡성군,2020,2020,-9.8,2,4.8,0,31.43
42,강원도,42750,강원도 영월군,2020,2020,-44.44,5,2.24,1,47
42,강원도,42760,강원도 평창군,2020,2020,-27.52,5,2.22,2,42.88
42,강원도,42770,강원도 정선군,2020,2020,-61.38,5,2.03,1,40.94
42,강원도,42780,강원도 철원군,2020,2020,-19.95,5,2.5,1,57.07
42,강원도,42790,강원도 화천군,2020,2020,-18.92,5,3.18,0,47.07
42,강원도,42800,강원도 양구군,2020,2020,-26.44,5,5.42,0,44.18
42,강원도,42810,강원도 인제군,2020,2020,-18.76,4,2.23,1,33.67
42,강원도,42820,강원도 고성군,2020,2020,-38.67,4,3.38,0,59.34
42,강원도,42830,강원도 양양군,2020,2020,-26.13,2,1.13,0,39.21
43,충청북도,43110,충청북도 청주시,2020,2020,1.95,0,2.96,0,55.43
43,충청북도,43130,충청북도 충주시,2020,2020,-3.14,1,3.28,0,56.92
43,충청북도,43150,충청북도 제천시,2020,2020,-7.72,4,1,0,57.3
43,충청북도,43720,충청북도 보은군,2020,2020,-41.01,5,-2.93,1,62.43
43,충청북도,43730,충청북도 옥천군,2020,2020,-31.67,5,2.42,1,60.39
43,충청북도,43740,충청북도 영동군,2020,2020,-40.17,5,2.33,0,43.86
43,충청북도,43745,충청북도 증평군,2020,2020,-10.83,1,3.77,0,54.66
43,충청북도,43750,충청북도 진천군,2020,2020,24.38,0,6.78,0,50.14
43,충청북도,43760,충청북도 괴산군,2020,2020,-30.33,0,4.11,2,50.2
43,충청북도,43770,충청북도 음성군,2020,2020,-1.56,4,5.89,0,47.71
43,충청북도,43800,충청북도 단양군,2020,2020,-44.86,2,2.2,1,66.81
44,충청남도,44130,충청남도 천안시,2020,2020,7.67,0,3.21,0,50.9
44,충청남도,44150,충청남도 공주시,2020,2020,-33.23,5,2.52,2,59.05
44,충청남도,44180,충청남도 보령시,2020,2020,-34.84,5,0.7,0,45.79
44,충청남도,44200,충청남도 아산시,2020,2020,3.34,0,1.5,0,45.46
44,충청남도,44210,충청남도 서산시,2020,2020,3.47,0,2.07,0,51.83
44,충청남도,44230,충청남도 논산시,2020,2020,-35.09,5,2.75,1,64.69
44,충청남도,44250,충청남도 계룡시,2020,2020,-2.34,3,4.74,0,43.25
44,충청남도,44710,충청남도 금산군,2020,2020,-39.59,5,2.94,0,67.19
44,충청남도,44760,충청남도 부여군,2020,2020,-46.47,5,-0.7,2,71.08
44,충청남도,44770,충청남도 서천군,2020,2020,-51.03,5,2.18,1,56.33
44,충청남도,44790,충청남도 청양군,2020,2020,-45.62,3,5.69,0,67.51
44,충청남도,44800,충청남도 홍성군,2020,2020,-5.83,3,4.35,0,45.1
44,충청남도,44810,충청남도 예산군,2020,2020,-41.96,5,2.74,1,59.45
44,충청남도,44825,충청남도 태안군,2020,2020,-29.37,3,3.26,0,42.35
44,충청남도,44830,충청남도 당진시,2020,2020,2.15,2,4.72,0,36.91
45,전라북도,45110,전라북도 전주시,2020,2020,0.54,2,1.63,0,61.57
45,전라북도,45130,전라북도 군산시,2020,2020,-9.03,5,1.27,2,60.74
45,전라북도,45140,전라북도 익산시,2020,2020,-13.89,5,2.43,1,67.86
45,전라북도,45180,전라북도 정읍시,2020,2020,-44.43,5,1.68,1,54.28
45,전라북도,45190,전라북도 남원시,2020,2020,-38.35,5,0.12,2,64.74
45,전라북도,45210,전라북도 김제시,2020,2020,-48.49,5,1.26,0,62.97
45,전라북도,45710,전라북도 완주군,2020,2020,-1.44,3,3.6,0,51.84
45,전라북도,45720,전라북도 진안군,2020,2020,-48.78,3,0.73,1,52.86
45,전라북도,45730,전라북도 무주군,2020,2020,-39.81,5,5.06,2,58.71
45,전라북도,45740,전라북도 장수군,2020,2020,-40.35,2,2.08,1,64.31
45,전라북도,45750,전라북도 임실군,2020,2020,-46.9,5,1.1,2,56.71
45,전라북도,45770,전라북도 순창군,2020,2020,-42.57,5,-1.97,2,64.84
45,전라북도,45790,전라북도 고창군,2020,2020,-46.37,4,2.5,0,40.12
45,전라북도,45800,전라북도 부안군,2020,2020,-53.08,4,-0.66,1,65.72
46,전라남도,46110,전라남도 목포시,2020,2020,-12.09,5,0.6,0,77.61
46,전라남도,46130,전라남도 여수시,2020,2020,-15.56,5,3.15,0,64.41
46,전라남도,46150,전라남도 순천시,2020,2020,-0.68,1,1.61,0,63.32
46,전라남도,46170,전라남도 나주시,2020,2020,-30.89,0,6.47,0,66.65
46,전라남도,46230,전라남도 광양시,2020,2020,-5.7,1,3.97,0,56.12
46,전라남도,46710,전라남도 담양군,2020,2020,-41.95,3,5.3,1,53.06
46,전라남도,46720,전라남도 곡성군,2020,2020,-46.3,5,3.71,2,62.71
46,전라남도,46730,전라남도 구례군,2020,2020,-42.98,3,2.27,1,64.63
46,전라남도,46770,전라남도 고흥군,2020,2020,-56.3,5,1.43,1,66.14
46,전라남도,46780,전라남도 보성군,2020,2020,-65.07,5,-6.76,2,66.75
46,전라남도,46790,전라남도 화순군,2020,2020,-31.9,5,3.79,0,62.6
46,전라남도,46800,전라남도 장흥군,2020,2020,-49.46,5,4.94,1,64.92
46,전라남도,46810,전라남도 강진군,2020,2020,-54.45,5,5.12,0,65.65
46,전라남도,46820,전라남도 해남군,2020,2020,-52.85,5,2.52,1,65.88
46,전라남도,46830,전라남도 영암군,2020,2020,-25.67,5,4.31,1,62.03
46,전라남도,46840,전라남도 무안군,2020,2020,-8.82,2,5.71,0,64.31
46,전라남도,46860,전라남도 함평군,2020,2020,-53.62,5,2.68,1,50.92
46,전라남도,46870,전라남도 영광군,2020,2020,-42.75,5,-0.04,1,53.77
46,전라남도,46880,전라남도 장성군,2020,2020,-35.24,3,6.86,0,58.55
46,전라남도,46890,전라남도 완도군,2020,2020,-47.06,5,4.39,0,67.53
46,전라남도,46900,전라남도 진도군,2020,2020,-49.79,4,1.98,1,74.71
46,전라남도,46910,전라남도 신안군,2020,2020,-66.7,5,-4.74,2,72.67
47,경상북도,47110,경상북도 포항시,2020,2020,-4.42,5,1.09,0,55.26
47,경상북도,47130,경상북도 경주시,2020,2020,-10.82,5,3.49,0,57.98
47,경상북도,47150,경상북도 김천시,2020,2020,-10.54,1,3.1,0,60.29
47,경상북도,47170,경상북도 안동시,2020,2020,-20.13,5,1.27,0,67.8
47,경상북도,47190,경상북도 구미시,2020,2020,-0.99,3,1.93,0,47.67
47,경상북도,47210,경상북도 영주시,2020,2020,-27.23,5,1.48,1,65.31
47,경상북도,47230,경상북도 영천시,2020,2020,-20.19,1,1.11,1,59.17
47,경상북도,47250,경상북도 상주시,2020,2020,-36.46,3,1.91,1,62.95
47,경상북도,47280,경상북도 문경시,2020,2020,-43.68,3,1.11,1,65.31
47,경상북도,47290,경상북도 경산시,2020,2020,-0.14,0,3.57,0,53.22
47,경상북도,47720,경상북도 군위군,2020,2020,-41.9,3,2.81,1,62.18
47,경상북도,47730,경상북도 의성군,2020,2020,-50.01,5,4.96,1,71.08
47,경상북도,47750,경상북도 청송군,2020,2020,-46.36,5,-0.56,1,55.8
47,경상북도,47760,경상북도 영양군,2020,2020,-50.42,5,0.23,0,59.29
47,경상북도,47770,경상북도 영덕군,2020,2020,-48.62,5,3,1,62.4
47,경상북도,47820,경상북도 청도군,2020,2020,-33.93,5,4.57,0,67.57
47,경상북도,47830,경상북도 고령군,2020,2020,-17.61,5,2.63,0,68.59
47,경상북도,47840,경상북도 성주군,2020,2020,-25.7,4,-0.83,1,54.99
47,경상북도,47850,경상북도 칠곡군,2020,2020,-5.6,4,3.16,0,47.06
47,경상북도,47900,경상북도 예천군,2020,2020,-33.14,0,7.83,1,65.73
47,경상북도,47920,경상북도 봉화군,2020,2020,-49.33,5,3.32,0,65.25
47,경상북도,47930,경상북도 울진군,2020,2020,-35.26,5,2.33,0,71.29
47,경상북도,47940,경상북도 울릉군,2020,2020,-46.37,5,3.07,2,71.43
48,경상남도,48110,경상남도 창원시,2020,2020,-6.47,5,0.38,0,65.12
48,경상남도,48170,경상남도 진주시,2020,2020,0.32,2,2.87,0,67.96
48,경상남도,48220,경상남도 통영시,2020,2020,-11.17,5,1.23,0,68.91
48,경상남도,48240,경상남도 사천시,2020,2020,-7.64,5,1.77,0,62.74
48,경상남도,48250,경상남도 김해시,2020,2020,2.91,1,3.6,0,45.9
48,경상남도,48270,경상남도 밀양시,2020,2020,-25.3,4,2.07,1,59.24
48,경상남도,48310,경상남도 거제시,2020,2020,-4.57,4,1.89,0,53.24
48,경상남도,48330,경상남도 양산시,2020,2020,17.94,0,3.4,0,41.7
48,경상남도,48720,경상남도 의령군,2020,2020,-48.93,5,3.52,1,45.05
48,경상남도,48730,경상남도 함안군,2020,2020,-5.98,5,4.41,1,33.52
48,경상남도,48740,경상남도 창녕군,2020,2020,-31.21,3,2.16,0,64.67
48,경상남도,48820,경상남도 고성군,2020,2020,-28.48,5,3.84,2,68.16
48,경상남도,48840,경상남도 남해군,2020,2020,-43.32,5,1.7,0,68.5
48,경상남도,48850,경상남도 하동군,2020,2020,-37.63,5,3.67,0,65.92
48,경상남도,48860,경상남도 산청군,2020,2020,-34.9,3,0.53,1,65.09
48,경상남도,48870,경상남도 함양군,2020,2020,-33.6,5,1.4,1,58.71
48,경상남도,48880,경상남도 거창군,2020,2020,-24.11,4,3.02,1,64.67
48,경상남도,48890,경상남도 합천군,2020,2020,-43.1,5,-2.66,2,70.75
50,제주특별자치도,50110,제주특별자치도 제주시,2020,2020,7.46,0,4.88,0,51.85
50,제주특별자치도,50130,제주특별자치도 서귀포시,2020,2020,-1.9,0,6.09,0,58.21
11,서울특별시,11110,서울특별시 종로구,2019,2019,-45.05,2,-2.56,4,76.6
11,서울특별시,11140,서울특별시 중구,2019,2019,-43.71,2,-7.97,3,83.8
11,서울특별시,11170,서울특별시 용산구,2019,2019,-34.93,4,-1.78,2,82.57
11,서울특별시,11200,서울특별시 성동구,2019,2019,-31.23,1,2.66,0,80.58
11,서울특별시,11215,서울특별시 광진구,2019,2019,-8.69,2,-1.62,2,71.33
11,서울특별시,11230,서울특별시 동대문구,2019,2019,-33.89,5,-3.88,3,81.18
11,서울특별시,11260,서울특별시 중랑구,2019,2019,-11.35,5,-1.54,1,75.82
11,서울특별시,11290,서울특별시 성북구,2019,2019,-23.65,4,-5.75,4,77.17
11,서울특별시,11305,서울특별시 강북구,2019,2019,-19.05,5,-2.89,1,79.19
11,서울특별시,11320,서울특별시 도봉구,2019,2019,-8.46,5,-0.42,1,74.06
11,서울특별시,11350,서울특별시 노원구,2019,2019,-7.94,5,0.29,0,70.16
11,서울특별시,11380,서울특별시 은평구,2019,2019,-2.58,4,0.44,1,68.46
11,서울특별시,11410,서울특별시 서대문구,2019,2019,-26.4,2,-0.43,1,77.05
11,서울특별시,11440,서울특별시 마포구,2019,2019,-16.28,2,2.28,1,68.13
11,서울특별시,11470,서울특별시 양천구,2019,2019,-6.29,5,-0.85,1,69.57
11,서울특별시,11500,서울특별시 강서구,2019,2019,2.84,2,5.94,0,60.14
11,서울특별시,11530,서울특별시 구로구,2019,2019,-5.96,4,0.09,0,72.97
11,서울특별시,11545,서울특별시 금천구,2019,2019,-28.74,4,2.57,0,73.98
11,서울특별시,11560,서울특별시 영등포구,2019,2019,-23.96,4,-4.77,3,79.46
11,서울특별시,11590,서울특별시 동작구,2019,2019,-6.98,2,-0.4,1,70.63
11,서울특별시,11620,서울특별시 관악구,2019,2019,-13.7,4,-2.94,2,67.15
11,서울특별시,11650,서울특별시 서초구,2019,2019,4.55,3,-1.34,2,63.83
11,서울특별시,11680,서울특별시 강남구,2019,2019,-0.31,4,-3.14,1,59.37
11,서울특별시,11710,서울특별시 송파구,2019,2019,-3.37,2,2.43,0,59.53
11,서울특별시,11740,서울특별시 강동구,2019,2019,-17.7,5,-2.26,2,68.27
26,부산광역시,26110,부산광역시 중구,2019,2019,-51.99,5,-1.42,1,80.87
26,부산광역시,26140,부산광역시 서구,2019,2019,-47.95,3,-3.79,2,85.44
26,부산광역시,26170,부산광역시 동구,2019,2019,-55.61,5,-3.25,2,86.26
26,부산광역시,26200,부산광역시 영도구,2019,2019,-39.29,5,0.13,1,83.78
26,부산광역시,26230,부산광역시 부산진구,2019,2019,-27.75,5,0.65,0,83
26,부산광역시,26260,부산광역시 동래구,2019,2019,-21.77,4,-2.61,1,82.18
26,부산광역시,26290,부산광역시 남구,2019,2019,-17.45,3,3.3,1,79.99
26,부산광역시,26320,부산광역시 북구,2019,2019,-9.6,4,0.11,0,76.53
26,부산광역시,26350,부산광역시 해운대구,2019,2019,-1.23,5,2.46,0,78.33
26,부산광역시,26380,부산광역시 사하구,2019,2019,-13.52,5,-0.17,1,82.63
26,부산광역시,26410,부산광역시 금정구,2019,2019,-22.96,5,0.08,1,77.08
26,부산광역시,26440,부산광역시 강서구,2019,2019,9.1,0,5.74,0,39.85
26,부산광역시,26470,부산광역시 연제구,2019,2019,-22.9,2,-0.03,1,80.54
26,부산광역시,26500,부산광역시 수영구,2019,2019,-17.81,1,2.15,2,79.21
26,부산광역시,26530,부산광역시 사상구,2019,2019,-20.41,5,-0.59,1,73.54
26,부산광역시,26710,부산광역시 기장군,2019,2019,55.41,0,3.83,0,42.45
27,대구광역시,27110,대구광역시 중구,2019,2019,-57.7,2,0.96,1,80.94
27,대구광역시,27140,대구광역시 동구,2019,2019,-6.1,1,1.05,0,71.86
27,대구광역시,27170,대구광역시 서구,2019,2019,-50.72,5,-3.12,2,84.07
27,대구광역시,27200,대구광역시 남구,2019,2019,-42.62,5,-0.36,1,81.87
27,대구광역시,27230,대구광역시 북구,2019,2019,-3.24,2,0.39,0,62.64
27,대구광역시,27260,대구광역시 수성구,2019,2019,-3.01,5,0.7,0,74.44
27,대구광역시,27290,대구광역시 달서구,2019,2019,-1.4,5,0.13,1,64.43
27,대구광역시,27710,대구광역시 달성군,2019,2019,8.81,0,4.11,0,51.16
28,인천광역시,28110,인천광역시 중구,2019,2019,22.86,0,3.61,0,44.35
28,인천광역시,28140,인천광역시 동구,2019,2019,-54.2,5,-3.77,2,76.53
28,인천광역시,28170,인천광역시 미추홀구,2019,2019,-7.53,2,0.27,1,74.65
28,인천광역시,28185,인천광역시 연수구,2019,2019,11.57,0,5.37,0,61.2
28,인천광역시,28200,인천광역시 남동구,2019,2019,11.3,1,3.11,0,59.61
28,인천광역시,28237,인천광역시 부평구,2019,2019,-2.16,5,-0.21,1,73.1
28,인천광역시,28245,인천광역시 계양구,2019,2019,-3.91,5,0.17,0,60.65
28,인천광역시,28260,인천광역시 서구,2019,2019,22.48,0,5.26,0,43.82
28,인천광역시,28710,인천광역시 강화군,2019,2019,-26.11,0,3.6,1,46.9
28,인천광역시,28720,인천광역시 옹진군,2019,2019,-1.97,2,3.16,1,41.99
29,광주광역시,29110,광주광역시 동구,2019,2019,-53.88,4,-7.37,1,74.84
29,광주광역시,29140,광주광역시 서구,2019,2019,-3.3,3,2.09,0,55.24
29,광주광역시,29155,광주광역시 남구,2019,2019,-21.79,3,4.08,0,74.34
29,광주광역시,29170,광주광역시 북구,2019,2019,-5.25,3,1.1,1,65.8
29,광주광역시,29200,광주광역시 광산구,2019,2019,7.93,0,4.82,0,48.68
30,대전광역시,30110,대전광역시 동구,2019,2019,-18.55,4,0.08,1,75.9
30,대전광역시,30140,대전광역시 중구,2019,2019,-19.9,5,0.41,1,78.29
30,대전광역시,30170,대전광역시 서구,2019,2019,-4.27,3,1.5,0,66.08
30,대전광역시,30200,대전광역시 유성구,2019,2019,17.01,1,3.56,0,32.18
30,대전광역시,30230,대전광역시 대덕구,2019,2019,-16.26,5,-0.09,1,69.11
31,울산광역시,31110,울산광역시 중구,2019,2019,-0.85,4,2.15,0,72.26
31,울산광역시,31140,울산광역시 남구,2019,2019,-1.08,5,1.81,0,61.16
31,울산광역시,31170,울산광역시 동구,2019,2019,-11.08,5,-2.52,2,61.38
31,울산광역시,31200,울산광역시 북구,2019,2019,9.57,0,3,0,47.37
31,울산광역시,31710,울산광역시 울주군,2019,2019,12.15,1,2.81,0,41.07
36,세종특별자치시,36110,세종특별자치시 세종시,2019,2019,,,15.46,0,50.8
41,경기도,41110,경기도 수원시,2019,2019,7.46,2,1.8,0,61.91
41,경기도,41130,경기도 성남시,2019,2019,-2.58,3,2.02,0,72.72
41,경기도,41150,경기도 의정부시,2019,2019,-0.17,0,1.26,0,67.73
41,경기도,41170,경기도 안양시,2019,2019,-5.99,5,0.28,1,71.95
41,경기도,41190,경기도 부천시,2019,2019,-3.99,3,1.19,1,66.62
41,경기도,41210,경기도 광명시,2019,2019,-5.57,5,-0.81,1,70.46
41,경기도,41220,경기도 평택시,2019,2019,12.02,0,4.37,0,36.93
41,경기도,41250,경기도 동두천시,2019,2019,1.89,3,2.25,0,62.08
41,경기도,41270,경기도 안산시,2019,2019,-6.31,5,1.34,0,41.08
41,경기도,41280,경기도 고양시,2019,2019,7.58,0,3.1,0,37.38
41,경기도,41290,경기도 과천시,2019,2019,-11.11,3,-2.23,1,48.45
41,경기도,41310,경기도 구리시,2019,2019,-4.85,1,3.31,0,62.75
41,경기도,41360,경기도 남양주시,2019,2019,17.24,0,3.69,0,30.09
41,경기도,41370,경기도 오산시,2019,2019,11.01,1,4.68,0,38.53
41,경기도,41390,경기도 시흥시,2019,2019,-4.65,0,4.02,0,34.55
41,경기도,41410,경기도 군포시,2019,2019,-0.36,5,1.86,0,63.87
41,경기도,41430,경기도 의왕시,2019,2019,5.91,4,2.62,0,53.23
41,경기도,41450,경기도 하남시,2019,2019,9.93,0,9.26,0,38.48
41,경기도,41460,경기도 용인시,2019,2019,10.86,0,5.89,0,29.98
41,경기도,41480,경기도 파주시,2019,2019,22.65,0,5.74,0,23.14
41,경기도,41500,경기도 이천시,2019,2019,3.15,1,2.88,0,38.83
41,경기도,41550,경기도 안성시,2019,2019,1.77,1,4.49,1,45.38
41,경기도,41570,경기도 김포시,2019,2019,48.08,0,9.33,0,21.86
41,경기도,41590,경기도 화성시,2019,2019,16.09,0,6.79,0,26.07
41,경기도,41610,경기도 광주시,2019,2019,29.43,0,2.87,0,29.27
41,경기도,41630,경기도 양주시,2019,2019,4.44,0,3.63,0,38.09
41,경기도,41650,경기도 포천시,2019,2019,3.53,5,2.41,0,41.68
41,경기도,41730,경기도 여주시,2019,2019,4.76,2,3.98,0,31.77
41,경기도,41800,경기도 연천군,2019,2019,-34.21,3,0.26,1,56.09
41,경기도,41820,경기도 가평군,2019,2019,0.67,1,5.12,1,35.15
41,경기도,41830,경기도 양평군,2019,2019,16.65,0,-0.64,1,34.13
42,강원도,42110,강원도 춘천시,2019,2019,0.65,1,3.24,0,50.19
42,강원도,42130,강원도 원주시,2019,2019,5.05,0,3.1,0,47.38
42,강원도,42150,강원도 강릉시,2019,2019,-6.76,2,2.13,1,57.41
42,강원도,42170,강원도 동해시,2019,2019,-7.44,5,-1.22,1,62.31
42,강원도,42190,강원도 태백시,2019,2019,-59.3,5,-0.93,1,70.05
42,강원도,42210,강원도 속초시,2019,2019,-10.57,2,3.45,0,65.56
42,강원도,42230,강원도 삼척시,2019,2019,-48.26,5,0.83,0,55.14
42,강원도,42720,강원도 홍천군,2019,2019,-26.64,2,2.56,0,47.08
42,강원도,42730,강원도 횡성군,2019,2019,-30.78,0,3.57,0,30.92
42,강원도,42750,강원도 영월군,2019,2019,-55.42,4,2,1,47.8
42,강원도,42760,강원도 평창군,2019,2019,-41.89,5,3.13,2,42.15
42,강원도,42770,강원도 정선군,2019,2019,-71.74,5,1.99,1,40.84
42,강원도,42780,강원도 철원군,2019,2019,-24.15,4,1.95,1,56.23
42,강원도,42790,강원도 화천군,2019,2019,-25.6,5,4.83,0,47.36
42,강원도,42800,강원도 양구군,2019,2019,-28.13,4,3,0,47.85
42,강원도,42810,강원도 인제군,2019,2019,-30.36,4,1.27,1,33.19
42,강원도,42820,강원도 고성군,2019,2019,-39.42,3,3.38,0,60.06
42,강원도,42830,강원도 양양군,2019,2019,-30.05,3,3.63,0,39.42
43,충청북도,43110,충청북도 청주시,2019,2019,22.89,0,2.58,0,55.33
43,충청북도,43130,충청북도 충주시,2019,2019,-5.39,1,1.9,0,56.79
43,충청북도,43150,충청북도 제천시,2019,2019,-11.24,3,1.04,0,57.46
43,충청북도,43720,충청북도 보은군,2019,2019,-53,4,2.03,0,62.82
43,충청북도,43730,충청북도 옥천군,2019,2019,-40.34,5,1.21,1,61.05
43,충청북도,43740,충청북도 영동군,2019,2019,-42.32,5,1.72,0,43.84
43,충청북도,43745,충청북도 증평군,2019,2019,-12.12,1,4.11,0,54.44
43,충청북도,43750,충청북도 진천군,2019,2019,4.71,0,5.48,0,50.51
43,충청북도,43760,충청북도 괴산군,2019,2019,-47.51,1,3.03,2,51.5
43,충청북도,43770,충청북도 음성군,2019,2019,8.65,3,5.47,0,47.76
43,충청북도,43800,충청북도 단양군,2019,2019,-54.75,3,2.95,1,67.86
44,충청남도,44130,충청남도 천안시,2019,2019,5.63,0,4.32,0,50.6
44,충청남도,44150,충청남도 공주시,2019,2019,-29.52,5,2.55,2,58.59
44,충청남도,44180,충청남도 보령시,2019,2019,-32.27,4,2.18,0,45.98
44,충청남도,44200,충청남도 아산시,2019,2019,8.63,0,4.05,0,45.86
44,충청남도,44210,충청남도 서산시,2019,2019,4.88,0,3.89,0,51.7
44,충청남도,44230,충청남도 논산시,2019,2019,-35.43,5,2.85,1,65.42
44,충청남도,44250,충청남도 계룡시,2019,2019,-6.02,2,2.03,0,43.19
44,충청남도,44710,충청남도 금산군,2019,2019,-43.03,5,1.98,0,67.75
44,충청남도,44760,충청남도 부여군,2019,2019,-49.99,5,-1.59,2,70.87
44,충청남도,44770,충청남도 서천군,2019,2019,-51.49,5,2.5,1,57.18
44,충청남도,44790,충청남도 청양군,2019,2019,-49.52,2,2.83,0,67.64
44,충청남도,44800,충청남도 홍성군,2019,2019,-23.56,2,2.52,0,44.77
44,충청남도,44810,충청남도 예산군,2019,2019,-43.19,5,2.15,1,59.49
44,충청남도,44825,충청남도 태안군,2019,2019,-37.79,2,3.46,0,41.92
44,충청남도,44830,충청남도 당진시,2019,2019,6.51,1,2.64,0,36.42
45,전라북도,45110,전라북도 전주시,2019,2019,0.28,3,2.91,0,61.19
45,전라북도,45130,전라북도 군산시,2019,2019,-6.39,4,-0.09,2,60.71
45,전라북도,45140,전라북도 익산시,2019,2019,-8.25,5,1.3,1,67.98
45,전라북도,45180,전라북도 정읍시,2019,2019,-45.95,5,1.59,1,53.7
45,전라북도,45190,전라북도 남원시,2019,2019,-43.35,5,-1.99,2,64.74
45,전라북도,45210,전라북도 김제시,2019,2019,-51.96,5,2.2,0,62.95
45,전라북도,45710,전라북도 완주군,2019,2019,-18.07,2,4.85,0,51.41
45,전라북도,45720,전라북도 진안군,2019,2019,-64.33,2,5.23,1,52.78
45,전라북도,45730,전라북도 무주군,2019,2019,-51.1,5,2.16,2,58.9
45,전라북도,45740,전라북도 장수군,2019,2019,-55.33,1,-2.22,1,63.93
45,전라북도,45750,전라북도 임실군,2019,2019,-62.66,4,-3.34,2,56.47
45,전라북도,45770,전라북도 순창군,2019,2019,-56.57,5,-1.54,1,64.7
45,전라북도,45790,전라북도 고창군,2019,2019,-56.38,3,1.43,0,39.3
45,전라북도,45800,전라북도 부안군,2019,2019,-55.26,3,2.29,1,65.6
46,전라남도,46110,전라남도 목포시,2019,2019,-5.65,5,0.05,0,76.9
46,전라남도,46130,전라남도 여수시,2019,2019,-14.27,5,3.16,0,64.64
46,전라남도,46150,전라남도 순천시,2019,2019,-3.01,1,2.6,0,62.63
46,전라남도,46170,전라남도 나주시,2019,2019,-46.03,0,8.09,0,66.78
46,전라남도,46230,전라남도 광양시,2019,2019,-5.04,1,2.48,0,55.64
46,전라남도,46710,전라남도 담양군,2019,2019,-49.83,2,6.83,1,53.37
46,전라남도,46720,전라남도 곡성군,2019,2019,-55.89,5,2.48,2,62.97
46,전라남도,46730,전라남도 구례군,2019,2019,-50.84,2,2.51,1,64.71
46,전라남도,46770,전라남도 고흥군,2019,2019,-61.74,5,1.43,1,66.56
46,전라남도,46780,전라남도 보성군,2019,2019,-66.93,5,-6.84,2,67.25
46,전라남도,46790,전라남도 화순군,2019,2019,-34.38,5,2.49,0,62.82
46,전라남도,46800,전라남도 장흥군,2019,2019,-59.47,4,3.91,1,65.19
46,전라남도,46810,전라남도 강진군,2019,2019,-56.18,5,2.72,0,66.33
46,전라남도,46820,전라남도 해남군,2019,2019,-55.09,5,0.71,1,66.17
46,전라남도,46830,전라남도 영암군,2019,2019,-35.94,5,2.61,1,62.12
46,전라남도,46840,전라남도 무안군,2019,2019,-23.29,2,4.54,0,64.64
46,전라남도,46860,전라남도 함평군,2019,2019,-60.75,5,-3.41,1,50.31
46,전라남도,46870,전라남도 영광군,2019,2019,-56.03,5,-0.55,1,53.92
46,전라남도,46880,전라남도 장성군,2019,2019,-50.03,2,4.62,0,58.22
46,전라남도,46890,전라남도 완도군,2019,2019,-57.77,5,2.01,0,67.06
46,전라남도,46900,전라남도 진도군,2019,2019,-60.69,5,4.43,1,75.01
46,전라남도,46910,전라남도 신안군,2019,2019,-69.21,5,-3.68,2,73.35
47,경상북도,47110,경상북도 포항시,2019,2019,-1.89,4,1.94,0,54.31
47,경상북도,47130,경상북도 경주시,2019,2019,-8.94,5,3.38,0,57.77
47,경상북도,47150,경상북도 김천시,2019,2019,-17.08,1,2.21,0,60.17
47,경상북도,47170,경상북도 안동시,2019,2019,-24.56,4,1.17,0,68.17
47,경상북도,47190,경상북도 구미시,2019,2019,2.86,2,2.3,0,47.41
47,경상북도,47210,경상북도 영주시,2019,2019,-31.13,5,0.18,1,65.61
47,경상북도,47230,경상북도 영천시,2019,2019,-32.7,2,1.26,1,59.21
47,경상북도,47250,경상북도 상주시,2019,2019,-45.87,5,1.89,1,63.21
47,경상북도,47280,경상북도 문경시,2019,2019,-49.11,4,2.04,1,65.13
47,경상북도,47290,경상북도 경산시,2019,2019,1.5,0,3.4,0,53.38
47,경상북도,47720,경상북도 군위군,2019,2019,-52.28,2,1.79,1,62.89
47,경상북도,47730,경상북도 의성군,2019,2019,-59.14,5,1.66,1,71.3
47,경상북도,47750,경상북도 청송군,2019,2019,-56.6,5,0.99,1,55.9
47,경상북도,47760,경상북도 영양군,2019,2019,-61.92,5,2.23,0,59.38
47,경상북도,47770,경상북도 영덕군,2019,2019,-54.02,5,1.97,1,62.3
47,경상북도,47820,경상북도 청도군,2019,2019,-44.3,5,6.69,0,67.23
47,경상북도,47830,경상북도 고령군,2019,2019,-22.48,5,1.92,0,69.36
47,경상북도,47840,경상북도 성주군,2019,2019,-39.11,3,3.44,1,55.12
47,경상북도,47850,경상북도 칠곡군,2019,2019,2.91,3,3.05,0,46.29
47,경상북도,47900,경상북도 예천군,2019,2019,-57.17,1,5.81,1,66.64
47,경상북도,47920,경상북도 봉화군,2019,2019,-60.15,5,1.37,0,65.72
47,경상북도,47930,경상북도 울진군,2019,2019,-45.26,5,3.26,0,71.43
47,경상북도,47940,경상북도 울릉군,2019,2019,-50.16,5,-1.57,2,71.95
48,경상남도,48110,경상남도 창원시,2019,2019,-3.72,5,1.14,0,64.42
48,경상남도,48170,경상남도 진주시,2019,2019,1.49,2,2.48,0,67.51
48,경상남도,48220,경상남도 통영시,2019,2019,-9.42,5,3.29,0,68.66
48,경상남도,48240,경상남도 사천시,2019,2019,-12.3,5,3.34,0,62.73
48,경상남도,48250,경상남도 김해시,2019,2019,3.64,0,2.41,0,44.43
48,경상남도,48270,경상남도 밀양시,2019,2019,-33.6,3,3.11,1,58.84
48,경상남도,48310,경상남도 거제시,2019,2019,7.66,3,1.77,0,52.77
48,경상남도,48330,경상남도 양산시,2019,2019,15.09,0,5.27,0,40.79
48,경상남도,48720,경상남도 의령군,2019,2019,-53.09,5,3.64,1,44.41
48,경상남도,48730,경상남도 함안군,2019,2019,-9.07,4,4.24,1,32.75
48,경상남도,48740,경상남도 창녕군,2019,2019,-40.23,2,3.36,0,64.4
48,경상남도,48820,경상남도 고성군,2019,2019,-37.47,5,-0.05,2,68.67
48,경상남도,48840,경상남도 남해군,2019,2019,-51.87,4,2.38,0,68.59
48,경상남도,48850,경상남도 하동군,2019,2019,-46.87,4,1.75,0,65.35
48,경상남도,48860,경상남도 산청군,2019,2019,-46.97,2,0.5,1,64.95
48,경상남도,48870,경상남도 함양군,2019,2019,-46.14,5,0.36,1,59.08
48,경상남도,48880,경상남도 거창군,2019,2019,-34.53,2,1.13,1,64.6
48,경상남도,48890,경상남도 합천군,2019,2019,-55.24,5,-5.06,2,71.4
49,제주특별자치도,49110,제주특별자치도 제주시,2019,2019,9.99,0,4.47,0,51.36
49,제주특별자치도,49130,제주특별자치도 서귀포시,2019,2019,-13.83,0,6.97,0,58.26
11,서울특별시,11110,서울특별시 종로구,2018,2018,-45.05,3,-1.03,3,76.45
11,서울특별시,11140,서울특별시 중구,2018,2018,-43.71,3,-4.85,2,83.52
11,서울특별시,11170,서울특별시 용산구,2018,2018,-34.93,5,-2.35,2,82.28
11,서울특별시,11200,서울특별시 성동구,2018,2018,-31.23,1,2.96,0,80.48
11,서울특별시,11215,서울특별시 광진구,2018,2018,-8.69,3,-0.92,1,72.03
11,서울특별시,11230,서울특별시 동대문구,2018,2018,-33.89,5,-2.03,2,81.61
11,서울특별시,11260,서울특별시 중랑구,2018,2018,-11.35,4,-0.87,1,76.01
11,서울특별시,11290,서울특별시 성북구,2018,2018,-23.65,5,-4.28,3,77.63
11,서울특별시,11305,서울특별시 강북구,2018,2018,-19.05,5,-2.69,1,79.26
11,서울특별시,11320,서울특별시 도봉구,2018,2018,-8.46,5,0.37,1,74.34
11,서울특별시,11350,서울특별시 노원구,2018,2018,-7.94,5,2.11,0,69.28
11,서울특별시,11380,서울특별시 은평구,2018,2018,-2.58,5,0.22,1,69.69
11,서울특별시,11410,서울특별시 서대문구,2018,2018,-26.4,2,1.67,1,77.99
11,서울특별시,11440,서울특별시 마포구,2018,2018,-16.28,2,-0.17,1,68.85
11,서울특별시,11470,서울특별시 양천구,2018,2018,-6.29,5,-0.4,1,69.89
11,서울특별시,11500,서울특별시 강서구,2018,2018,2.84,1,6.68,0,60.05
11,서울특별시,11530,서울특별시 구로구,2018,2018,-5.96,4,0.95,0,72.86
11,서울특별시,11545,서울특별시 금천구,2018,2018,-28.74,5,2.69,0,74.99
11,서울특별시,11560,서울특별시 영등포구,2018,2018,-23.96,5,-3.27,2,79.98
11,서울특별시,11590,서울특별시 동작구,2018,2018,-6.98,2,-0.27,1,71.6
11,서울특별시,11620,서울특별시 관악구,2018,2018,-13.7,5,-0.56,2,68.03
11,서울특별시,11650,서울특별시 서초구,2018,2018,4.55,2,-1.8,2,64.44
11,서울특별시,11680,서울특별시 강남구,2018,2018,-0.31,4,-1.55,1,59.99
11,서울특별시,11710,서울특별시 송파구,2018,2018,-3.37,3,2.53,1,60.26
11,서울특별시,11740,서울특별시 강동구,2018,2018,-17.7,5,-1.46,1,70.2
26,부산광역시,26110,부산광역시 중구,2018,2018,-51.99,5,-0.45,1,79.81
26,부산광역시,26140,부산광역시 서구,2018,2018,-47.95,4,-2.53,1,85.26
26,부산광역시,26170,부산광역시 동구,2018,2018,-55.61,5,-3.34,2,85.38
26,부산광역시,26200,부산광역시 영도구,2018,2018,-39.29,5,-2.52,1,83.41
26,부산광역시,26230,부산광역시 부산진구,2018,2018,-27.75,5,-0.38,0,83.24
26,부산광역시,26260,부산광역시 동래구,2018,2018,-21.77,5,-3.03,1,82.71
26,부산광역시,26290,부산광역시 남구,2018,2018,-17.45,4,-1.02,1,80.96
26,부산광역시,26320,부산광역시 북구,2018,2018,-9.6,3,1.14,1,76.13
26,부산광역시,26350,부산광역시 해운대구,2018,2018,-1.23,5,3.86,0,78.14
26,부산광역시,26380,부산광역시 사하구,2018,2018,-13.52,5,0.39,1,82.5
26,부산광역시,26410,부산광역시 금정구,2018,2018,-22.96,5,-0.66,1,76.34
26,부산광역시,26440,부산광역시 강서구,2018,2018,9.1,0,6.07,0,39.76
26,부산광역시,26470,부산광역시 연제구,2018,2018,-22.9,2,2.56,1,80.83
26,부산광역시,26500,부산광역시 수영구,2018,2018,-17.81,1,1.41,3,79.56
26,부산광역시,26530,부산광역시 사상구,2018,2018,-20.41,5,0.11,1,73.26
26,부산광역시,26710,부산광역시 기장군,2018,2018,55.41,0,5.16,0,42.3
27,대구광역시,27110,대구광역시 중구,2018,2018,-57.7,2,1.46,1,81.53
27,대구광역시,27140,대구광역시 동구,2018,2018,-6.1,1,1.7,0,72.34
27,대구광역시,27170,대구광역시 서구,2018,2018,-50.72,5,-4.29,1,84.09
27,대구광역시,27200,대구광역시 남구,2018,2018,-42.62,5,-1.05,1,82.23
27,대구광역시,27230,대구광역시 북구,2018,2018,-3.24,2,2.2,0,62.28
27,대구광역시,27260,대구광역시 수성구,2018,2018,-3.01,5,0.43,0,74.72
27,대구광역시,27290,대구광역시 달서구,2018,2018,-1.4,5,1.53,1,63.59
27,대구광역시,27710,대구광역시 달성군,2018,2018,8.81,0,4.03,0,50.83
28,인천광역시,28110,인천광역시 중구,2018,2018,22.86,0,4.43,0,44.96
28,인천광역시,28140,인천광역시 동구,2018,2018,-54.2,5,-2.79,2,77.09
28,인천광역시,28170,인천광역시 미추홀구,2018,2018,-7.53,2,2.55,1,75.17
28,인천광역시,28185,인천광역시 연수구,2018,2018,11.57,0,7.23,0,61.1
28,인천광역시,28200,인천광역시 남동구,2018,2018,11.3,1,3.93,0,59.81
28,인천광역시,28237,인천광역시 부평구,2018,2018,-2.16,4,0.25,1,73.71
28,인천광역시,28245,인천광역시 계양구,2018,2018,-3.91,5,1.67,1,60.32
28,인천광역시,28260,인천광역시 서구,2018,2018,22.48,0,4.58,0,43.41
28,인천광역시,28710,인천광역시 강화군,2018,2018,-26.11,0,-0.27,1,47.08
28,인천광역시,28720,인천광역시 옹진군,2018,2018,-1.97,1,-0.86,1,42.26
29,광주광역시,29110,광주광역시 동구,2018,2018,-53.88,5,-0.83,1,76.26
29,광주광역시,29140,광주광역시 서구,2018,2018,-3.3,2,3,0,54.93
29,광주광역시,29155,광주광역시 남구,2018,2018,-21.79,3,2.19,0,75.13
29,광주광역시,29170,광주광역시 북구,2018,2018,-5.25,3,1.26,1,66.19
29,광주광역시,29200,광주광역시 광산구,2018,2018,7.93,0,4.06,0,48.86
30,대전광역시,30110,대전광역시 동구,2018,2018,-18.55,5,-0.18,1,76.01
30,대전광역시,30140,대전광역시 중구,2018,2018,-19.9,5,1.91,1,78.45
30,대전광역시,30170,대전광역시 서구,2018,2018,-4.27,2,1.52,0,66.44
30,대전광역시,30200,대전광역시 유성구,2018,2018,17.01,0,4.23,0,32.65
30,대전광역시,30230,대전광역시 대덕구,2018,2018,-16.26,5,1.01,0,67.31
31,울산광역시,31110,울산광역시 중구,2018,2018,-0.85,3,0.56,0,71.87
31,울산광역시,31140,울산광역시 남구,2018,2018,-1.08,5,1.44,0,60.76
31,울산광역시,31170,울산광역시 동구,2018,2018,-11.08,5,-1.68,2,61.12
31,울산광역시,31200,울산광역시 북구,2018,2018,9.57,0,4.39,0,47.02
31,울산광역시,31710,울산광역시 울주군,2018,2018,12.15,1,1.51,0,40.52
36,세종특별자치시,36110,세종특별자치시 세종시,2018,2018,,,16.84,0,50.99
41,경기도,41110,경기도 수원시,2018,2018,7.46,1,3.31,0,62.29
41,경기도,41130,경기도 성남시,2018,2018,-2.58,2,0.53,0,73.86
41,경기도,41150,경기도 의정부시,2018,2018,-0.17,0,2.57,0,68.31
41,경기도,41170,경기도 안양시,2018,2018,-5.99,5,-0.43,1,72.54
41,경기도,41190,경기도 부천시,2018,2018,-3.99,2,0.21,1,66.84
41,경기도,41210,경기도 광명시,2018,2018,-5.57,5,1.39,1,71.05
41,경기도,41220,경기도 평택시,2018,2018,12.02,0,2.8,0,36.6
41,경기도,41250,경기도 동두천시,2018,2018,1.89,2,3,1,61.4
41,경기도,41270,경기도 안산시,2018,2018,-6.31,5,0.7,0,40.98
41,경기도,41280,경기도 고양시,2018,2018,7.58,0,4.2,0,36.25
41,경기도,41290,경기도 과천시,2018,2018,-11.11,4,-3.12,1,48.74
41,경기도,41310,경기도 구리시,2018,2018,-4.85,2,3.53,0,64.06
41,경기도,41360,경기도 남양주시,2018,2018,17.24,0,2.91,0,30.27
41,경기도,41370,경기도 오산시,2018,2018,11.01,1,5.96,0,38.99
41,경기도,41390,경기도 시흥시,2018,2018,-4.65,1,2.74,1,32.12
41,경기도,41410,경기도 군포시,2018,2018,-0.36,4,1.33,0,64.87
41,경기도,41430,경기도 의왕시,2018,2018,5.91,5,0.88,0,53.77
41,경기도,41450,경기도 하남시,2018,2018,9.93,0,5.62,0,38.98
41,경기도,41460,경기도 용인시,2018,2018,10.86,0,3.19,0,29.55
41,경기도,41480,경기도 파주시,2018,2018,22.65,0,5.37,0,21.87
41,경기도,41500,경기도 이천시,2018,2018,3.15,2,3.8,0,38.01
41,경기도,41550,경기도 안성시,2018,2018,1.77,2,3.03,1,44.75
41,경기도,41570,경기도 김포시,2018,2018,48.08,0,5.37,0,21.63
41,경기도,41590,경기도 화성시,2018,2018,16.09,0,6.65,0,25.92
41,경기도,41610,경기도 광주시,2018,2018,29.43,0,4.25,0,28.33
41,경기도,41630,경기도 양주시,2018,2018,4.44,0,3.6,0,37.03
41,경기도,41650,경기도 포천시,2018,2018,3.53,5,1.36,0,40.65
41,경기도,41670,경기도 여주시,2018,2018,4.76,1,,,30.33
41,경기도,41730,경기도 여주시,2018,2018,,,4.29,0,
41,경기도,41800,경기도 연천군,2018,2018,-34.21,2,1.02,1,55.78
41,경기도,41820,경기도 가평군,2018,2018,0.67,1,2.78,1,35
41,경기도,41830,경기도 양평군,2018,2018,16.65,0,-2.95,1,34.63
42,강원도,42110,강원도 춘천시,2018,2018,0.65,1,2.95,0,49.85
42,강원도,42130,강원도 원주시,2018,2018,5.05,0,3.19,0,47.38
42,강원도,42150,강원도 강릉시,2018,2018,-6.76,3,2.07,1,57.46
42,강원도,42170,강원도 동해시,2018,2018,-7.44,5,-2.27,1,60.81
42,강원도,42190,강원도 태백시,2018,2018,-59.3,5,4.85,0,69.54
42,강원도,42210,강원도 속초시,2018,2018,-10.57,3,2.54,0,65.44
42,강원도,42230,강원도 삼척시,2018,2018,-48.26,5,2.12,0,54.25
42,강원도,42720,강원도 홍천군,2018,2018,-26.64,3,1.07,0,47.26
42,강원도,42730,강원도 횡성군,2018,2018,-30.78,0,1.62,0,29.73
42,강원도,42750,강원도 영월군,2018,2018,-55.42,3,1.76,1,47.56
42,강원도,42760,강원도 평창군,2018,2018,-41.89,5,0.16,2,41.57
42,강원도,42770,강원도 정선군,2018,2018,-71.74,5,-0.13,1,40.35
42,강원도,42780,강원도 철원군,2018,2018,-24.15,3,1.55,1,55.22
42,강원도,42790,강원도 화천군,2018,2018,-25.6,4,2.53,0,46.91
42,강원도,42800,강원도 양구군,2018,2018,-28.13,3,5.5,0,47.75
42,강원도,42810,강원도 인제군,2018,2018,-30.36,3,-0.9,1,32.27
42,강원도,42820,강원도 고성군,2018,2018,-39.42,2,2.55,0,60.02
42,강원도,42830,강원도 양양군,2018,2018,-30.05,4,4.98,0,39.52
43,충청북도,43110,충청북도 청주시,2018,2018,22.89,0,1.93,0,55.26
43,충청북도,43130,충청북도 충주시,2018,2018,-5.39,1,1.55,0,56.78
43,충청북도,43150,충청북도 제천시,2018,2018,-11.24,2,1.49,0,57.38
43,충청북도,43720,충청북도 보은군,2018,2018,-53,3,1.55,0,62.83
43,충청북도,43730,충청북도 옥천군,2018,2018,-40.34,5,-0.18,1,61.39
43,충청북도,43740,충청북도 영동군,2018,2018,-42.32,4,0.33,0,43.17
43,충청북도,43745,충청북도 증평군,2018,2018,-12.12,1,2.44,0,54.95
43,충청북도,43750,충청북도 진천군,2018,2018,4.71,0,1.67,0,50.69
43,충청북도,43760,충청북도 괴산군,2018,2018,-47.51,0,0.15,2,51.5
43,충청북도,43770,충청북도 음성군,2018,2018,8.65,2,2.92,0,47.82
43,충청북도,43800,충청북도 단양군,2018,2018,-54.75,4,-0.69,1,68.7
44,충청남도,44130,충청남도 천안시,2018,2018,5.63,0,4.86,0,50.11
44,충청남도,44150,충청남도 공주시,2018,2018,-29.52,5,1.36,2,57.65
44,충청남도,44180,충청남도 보령시,2018,2018,-32.27,3,1.86,0,45.49
44,충청남도,44200,충청남도 아산시,2018,2018,8.63,0,1.96,0,46.37
44,충청남도,44210,충청남도 서산시,2018,2018,4.88,0,2.97,0,51.38
44,충청남도,44230,충청남도 논산시,2018,2018,-35.43,5,0.67,1,65.7
44,충청남도,44250,충청남도 계룡시,2018,2018,-6.02,1,6.58,1,43.21
44,충청남도,44270,충청남도 당진시,2018,2018,6.51,0,,,36.07
44,충청남도,44710,충청남도 금산군,2018,2018,-43.03,5,1.88,0,67.72
44,충청남도,44760,충청남도 부여군,2018,2018,-49.99,5,-1.24,1,70.56
44,충청남도,44770,충청남도 서천군,2018,2018,-51.49,5,-1,1,56.42
44,충청남도,44790,충청남도 청양군,2018,2018,-49.52,1,4.72,0,67.18
44,충청남도,44800,충청남도 홍성군,2018,2018,-23.56,1,1.26,0,45.04
44,충청남도,44810,충청남도 예산군,2018,2018,-43.19,5,1.28,1,60.12
44,충청남도,44825,충청남도 태안군,2018,2018,-37.79,1,2.81,0,40.66
44,충청남도,44830,충청남도 당진시,2018,2018,,,2.4,0,
45,전라북도,45110,전라북도 전주시,2018,2018,0.28,3,1.03,0,61.06
45,전라북도,45130,전라북도 군산시,2018,2018,-6.39,3,-0.58,2,60.68
45,전라북도,45140,전라북도 익산시,2018,2018,-8.25,5,0.53,1,67.59
45,전라북도,45180,전라북도 정읍시,2018,2018,-45.95,5,0.94,1,53.35
45,전라북도,45190,전라북도 남원시,2018,2018,-43.35,5,-2.26,2,64.35
45,전라북도,45210,전라북도 김제시,2018,2018,-51.96,5,1.58,0,62.64
45,전라북도,45710,전라북도 완주군,2018,2018,-18.07,1,4.96,0,50.81
45,전라북도,45720,전라북도 진안군,2018,2018,-64.33,3,3.65,1,52.54
45,전라북도,45730,전라북도 무주군,2018,2018,-51.1,5,-2.03,2,59.04
45,전라북도,45740,전라북도 장수군,2018,2018,-55.33,1,-5.64,1,62.94
45,전라북도,45750,전라북도 임실군,2018,2018,-62.66,3,-4.44,2,55.57
45,전라북도,45770,전라북도 순창군,2018,2018,-56.57,4,-0.63,1,64.43
45,전라북도,45790,전라북도 고창군,2018,2018,-56.38,2,3.96,0,36.01
45,전라북도,45800,전라북도 부안군,2018,2018,-55.26,2,-0.09,1,65.09
46,전라남도,46110,전라남도 목포시,2018,2018,-5.65,5,2.36,0,76.53
46,전라남도,46130,전라남도 여수시,2018,2018,-14.27,5,2.33,0,64.93
46,전라남도,46150,전라남도 순천시,2018,2018,-3.01,1,1.83,0,61.73
46,전라남도,46170,전라남도 나주시,2018,2018,-46.03,0,7.63,0,67.02
46,전라남도,46230,전라남도 광양시,2018,2018,-5.04,0,5.24,0,54.91
46,전라남도,46710,전라남도 담양군,2018,2018,-49.83,2,1.75,1,53.16
46,전라남도,46720,전라남도 곡성군,2018,2018,-55.89,5,-1.12,2,62.34
46,전라남도,46730,전라남도 구례군,2018,2018,-50.84,1,-0.78,1,64.47
46,전라남도,46770,전라남도 고흥군,2018,2018,-61.74,5,1.18,1,66.36
46,전라남도,46780,전라남도 보성군,2018,2018,-66.93,5,-6.86,2,67.37
46,전라남도,46790,전라남도 화순군,2018,2018,-34.38,5,0.82,0,62.82
46,전라남도,46800,전라남도 장흥군,2018,2018,-59.47,3,2.17,1,65.07
46,전라남도,46810,전라남도 강진군,2018,2018,-56.18,5,2.8,0,66.38
46,전라남도,46820,전라남도 해남군,2018,2018,-55.09,5,0.15,1,65.98
46,전라남도,46830,전라남도 영암군,2018,2018,-35.94,5,0.77,1,61.79
46,전라남도,46840,전라남도 무안군,2018,2018,-23.29,1,1.21,0,64.49
46,전라남도,46860,전라남도 함평군,2018,2018,-60.75,5,-4.3,1,49.29
46,전라남도,46870,전라남도 영광군,2018,2018,-56.03,5,-0.83,1,53.25
46,전라남도,46880,전라남도 장성군,2018,2018,-50.03,1,2.82,0,58.88
46,전라남도,46890,전라남도 완도군,2018,2018,-57.77,5,2.82,0,66.17
46,전라남도,46900,전라남도 진도군,2018,2018,-60.69,5,3.17,1,74.82
46,전라남도,46910,전라남도 신안군,2018,2018,-69.21,5,-3.81,2,73.25
47,경상북도,47110,경상북도 포항시,2018,2018,-1.89,3,1.33,0,53.57
47,경상북도,47130,경상북도 경주시,2018,2018,-8.94,5,2.02,0,57.64
47,경상북도,47150,경상북도 김천시,2018,2018,-17.08,1,1.84,0,59.2
47,경상북도,47170,경상북도 안동시,2018,2018,-24.56,3,0.56,0,68.16
47,경상북도,47190,경상북도 구미시,2018,2018,2.86,2,1.38,0,46.76
47,경상북도,47210,경상북도 영주시,2018,2018,-31.13,5,1.35,1,65.83
47,경상북도,47230,경상북도 영천시,2018,2018,-32.7,3,-1.13,1,59.01
47,경상북도,47250,경상북도 상주시,2018,2018,-45.87,5,0.46,1,62.67
47,경상북도,47280,경상북도 문경시,2018,2018,-49.11,4,0.98,1,65.09
47,경상북도,47290,경상북도 경산시,2018,2018,1.5,0,1.27,0,53.06
47,경상북도,47720,경상북도 군위군,2018,2018,-52.28,2,-0.73,1,62.91
47,경상북도,47730,경상북도 의성군,2018,2018,-59.14,5,-0.79,1,70.98
47,경상북도,47750,경상북도 청송군,2018,2018,-56.6,5,0.14,1,55.81
47,경상북도,47760,경상북도 영양군,2018,2018,-61.92,5,1.95,0,59.15
47,경상북도,47770,경상북도 영덕군,2018,2018,-54.02,5,-0.57,1,61.46
47,경상북도,47820,경상북도 청도군,2018,2018,-44.3,4,2.21,0,66.66
47,경상북도,47830,경상북도 고령군,2018,2018,-22.48,5,3.07,0,69.67
47,경상북도,47840,경상북도 성주군,2018,2018,-39.11,2,2.42,1,54.98
47,경상북도,47850,경상북도 칠곡군,2018,2018,2.91,2,2.62,0,46.3
47,경상북도,47900,경상북도 예천군,2018,2018,-57.17,2,0.87,1,66.78
47,경상북도,47920,경상북도 봉화군,2018,2018,-60.15,4,0.8,0,65.82
47,경상북도,47930,경상북도 울진군,2018,2018,-45.26,4,0.86,0,71.27
47,경상북도,47940,경상북도 울릉군,2018,2018,-50.16,5,-1.49,2,72.15
48,경상남도,48110,경상남도 창원시,2018,2018,,,1.13,0,
48,경상남도,48120,경상남도 창원시,2018,2018,-3.72,5,,,63.82
48,경상남도,48170,경상남도 진주시,2018,2018,1.49,2,3.4,0,67.31
48,경상남도,48220,경상남도 통영시,2018,2018,-9.42,5,2.92,0,68.65
48,경상남도,48240,경상남도 사천시,2018,2018,-12.3,5,2.59,0,62.65
48,경상남도,48250,경상남도 김해시,2018,2018,3.64,0,2.04,0,43.54
48,경상남도,48270,경상남도 밀양시,2018,2018,-33.6,2,0.32,1,58.42
48,경상남도,48310,경상남도 거제시,2018,2018,7.66,2,0.76,0,52.48
48,경상남도,48330,경상남도 양산시,2018,2018,15.09,0,5.89,0,40.81
48,경상남도,48720,경상남도 의령군,2018,2018,-53.09,5,-0.96,1,42.65
48,경상남도,48730,경상남도 함안군,2018,2018,-9.07,3,3.17,1,33.34
48,경상남도,48740,경상남도 창녕군,2018,2018,-40.23,1,2.78,0,64.21
48,경상남도,48820,경상남도 고성군,2018,2018,-37.47,5,-2.33,2,69.17
48,경상남도,48840,경상남도 남해군,2018,2018,-51.87,5,2.67,0,68.42
48,경상남도,48850,경상남도 하동군,2018,2018,-46.87,3,0.34,0,64.78
48,경상남도,48860,경상남도 산청군,2018,2018,-46.97,1,0.53,1,64.83
48,경상남도,48870,경상남도 함양군,2018,2018,-46.14,5,1.67,1,59.08
48,경상남도,48880,경상남도 거창군,2018,2018,-34.53,2,1.1,1,64.63
48,경상남도,48890,경상남도 합천군,2018,2018,-55.24,4,-7.11,2,71.4
49,제주특별자치도,49110,제주특별자치도 제주시,2018,2018,,,4.06,0,
49,제주특별자치도,49130,제주특별자치도 서귀포시,2018,2018,,,5.01,0,
50,제주특별자치도,50110,제주특별자치도 제주시,2018,2018,9.99,0,,,51.48
50,제주특별자치도,50130,제주특별자치도 서귀포시,2018,2018,-13.83,0,,,57.9
11,서울특별시,11110,서울특별시 종로구,2017,2017,-45.05,4,-0.75,2,78.08
11,서울특별시,11140,서울특별시 중구,2017,2017,-43.71,4,-4.22,1,83.37
11,서울특별시,11170,서울특별시 용산구,2017,2017,-34.93,5,-1.26,1,82.55
11,서울특별시,11200,서울특별시 성동구,2017,2017,-31.23,2,1.6,0,82.35
11,서울특별시,11215,서울특별시 광진구,2017,2017,-8.69,4,0.23,1,72.95
11,서울특별시,11230,서울특별시 동대문구,2017,2017,-33.89,4,-0.92,1,83.66
11,서울특별시,11260,서울특별시 중랑구,2017,2017,-11.35,3,-1.2,1,76.42
11,서울특별시,11290,서울특별시 성북구,2017,2017,-23.65,5,-2.06,2,80.37
11,서울특별시,11305,서울특별시 강북구,2017,2017,-19.05,5,-3.15,2,77.29
11,서울특별시,11320,서울특별시 도봉구,2017,2017,-8.46,5,0.12,1,75.27
11,서울특별시,11350,서울특별시 노원구,2017,2017,-7.94,5,0.3,1,72.13
11,서울특별시,11380,서울특별시 은평구,2017,2017,-2.58,4,0.74,1,70.87
11,서울특별시,11410,서울특별시 서대문구,2017,2017,-26.4,2,-0.41,1,78.39
11,서울특별시,11440,서울특별시 마포구,2017,2017,-16.28,2,-0.81,1,68.95
11,서울특별시,11470,서울특별시 양천구,2017,2017,-6.29,5,-1.2,1,70.74
11,서울특별시,11500,서울특별시 강서구,2017,2017,2.84,0,4.37,0,59.97
11,서울특별시,11530,서울특별시 구로구,2017,2017,-5.96,3,1.73,0,71.03
11,서울특별시,11545,서울특별시 금천구,2017,2017,-28.74,5,3.15,0,75.49
11,서울특별시,11560,서울특별시 영등포구,2017,2017,-23.96,5,-1.66,1,80.48
11,서울특별시,11590,서울특별시 동작구,2017,2017,-6.98,2,-2.25,1,73.16
11,서울특별시,11620,서울특별시 관악구,2017,2017,-13.7,5,-1.67,2,69.72
11,서울특별시,11650,서울특별시 서초구,2017,2017,4.55,1,-1.4,1,61.22
11,서울특별시,11680,서울특별시 강남구,2017,2017,-0.31,3,-1.87,1,61.14
11,서울특별시,11710,서울특별시 송파구,2017,2017,-3.37,4,0.4,1,58.43
11,서울특별시,11740,서울특별시 강동구,2017,2017,-17.7,5,-0.5,1,69.11
26,부산광역시,26110,부산광역시 중구,2017,2017,-51.99,5,-0.59,1,81.1
26,부산광역시,26140,부산광역시 서구,2017,2017,-47.95,5,-1.9,1,88.26
26,부산광역시,26170,부산광역시 동구,2017,2017,-55.61,5,-2.71,2,86.55
26,부산광역시,26200,부산광역시 영도구,2017,2017,-39.29,5,-5.09,1,84.05
26,부산광역시,26230,부산광역시 부산진구,2017,2017,-27.75,5,-0.93,0,82.89
26,부산광역시,26260,부산광역시 동래구,2017,2017,-21.77,5,-3.49,1,82.21
26,부산광역시,26290,부산광역시 남구,2017,2017,-17.45,4,-1.91,2,81.05
26,부산광역시,26320,부산광역시 북구,2017,2017,-9.6,2,2.01,1,77.38
26,부산광역시,26350,부산광역시 해운대구,2017,2017,-1.23,5,4.55,0,77.52
26,부산광역시,26380,부산광역시 사하구,2017,2017,-13.52,5,1.05,1,80.91
26,부산광역시,26410,부산광역시 금정구,2017,2017,-22.96,5,-1.32,1,77.72
26,부산광역시,26440,부산광역시 강서구,2017,2017,9.1,0,5.78,0,42.15
26,부산광역시,26470,부산광역시 연제구,2017,2017,-22.9,2,1.55,1,84.53
26,부산광역시,26500,부산광역시 수영구,2017,2017,-17.81,1,2.45,3,80.55
26,부산광역시,26530,부산광역시 사상구,2017,2017,-20.41,5,0.91,1,73.15
26,부산광역시,26710,부산광역시 기장군,2017,2017,55.41,0,4.79,0,42.89
27,대구광역시,27110,대구광역시 중구,2017,2017,-57.7,2,-0.09,1,84.05
27,대구광역시,27140,대구광역시 동구,2017,2017,-6.1,1,4.75,0,68.57
27,대구광역시,27170,대구광역시 서구,2017,2017,-50.72,5,-5.03,1,74.55
27,대구광역시,27200,대구광역시 남구,2017,2017,-42.62,5,-0.29,1,82.63
27,대구광역시,27230,대구광역시 북구,2017,2017,-3.24,2,1.75,0,60.54
27,대구광역시,27260,대구광역시 수성구,2017,2017,-3.01,4,1.45,0,71.64
27,대구광역시,27290,대구광역시 달서구,2017,2017,-1.4,4,4.48,1,61.77
27,대구광역시,27710,대구광역시 달성군,2017,2017,8.81,1,7.01,0,60.37
28,인천광역시,28110,인천광역시 중구,2017,2017,22.86,0,1.81,0,53.55
28,인천광역시,28140,인천광역시 동구,2017,2017,-54.2,5,-3.32,2,78.11
28,인천광역시,28170,인천광역시 미추홀구,2017,2017,-7.53,3,1.83,1,75.71
28,인천광역시,28185,인천광역시 연수구,2017,2017,11.57,0,7.07,0,63.04
28,인천광역시,28200,인천광역시 남동구,2017,2017,11.3,1,3.31,0,62.07
28,인천광역시,28237,인천광역시 부평구,2017,2017,-2.16,3,0.63,1,72.68
28,인천광역시,28245,인천광역시 계양구,2017,2017,-3.91,4,2.14,1,62.72
28,인천광역시,28260,인천광역시 서구,2017,2017,22.48,0,4.41,0,41.79
28,인천광역시,28710,인천광역시 강화군,2017,2017,-26.11,1,-1.53,1,49.61
28,인천광역시,28720,인천광역시 옹진군,2017,2017,-1.97,0,-1.77,1,44.05
29,광주광역시,29110,광주광역시 동구,2017,2017,-53.88,5,-3.75,1,76.74
29,광주광역시,29140,광주광역시 서구,2017,2017,-3.3,3,2.22,0,57.24
29,광주광역시,29155,광주광역시 남구,2017,2017,-21.79,2,3.87,0,78.36
29,광주광역시,29170,광주광역시 북구,2017,2017,-5.25,3,1.55,1,67.02
29,광주광역시,29200,광주광역시 광산구,2017,2017,7.93,0,3.69,0,51.17
30,대전광역시,30110,대전광역시 동구,2017,2017,-18.55,5,-0.36,1,73.09
30,대전광역시,30140,대전광역시 중구,2017,2017,-19.9,4,-0.1,1,79.65
30,대전광역시,30170,대전광역시 서구,2017,2017,-4.27,2,1.76,0,62.51
30,대전광역시,30200,대전광역시 유성구,2017,2017,17.01,0,4.53,0,38.07
30,대전광역시,30230,대전광역시 대덕구,2017,2017,-16.26,5,1.41,0,69.49
31,울산광역시,31110,울산광역시 중구,2017,2017,-0.85,2,2.15,0,63.92
31,울산광역시,31140,울산광역시 남구,2017,2017,-1.08,4,1.67,0,61.56
31,울산광역시,31170,울산광역시 동구,2017,2017,-11.08,4,-2.35,2,60.56
31,울산광역시,31200,울산광역시 북구,2017,2017,9.57,0,5.52,0,50.27
31,울산광역시,31710,울산광역시 울주군,2017,2017,12.15,1,3.54,0,45.78
36,세종특별자치시,36110,세종특별자치시 세종시,2017,2017,,,13.35,0,49.42
41,경기도,41110,경기도 수원시,2017,2017,7.46,0,2.52,0,55.94
41,경기도,41130,경기도 성남시,2017,2017,-2.58,2,2.18,0,74.32
41,경기도,41150,경기도 의정부시,2017,2017,-0.17,0,3.13,0,57.61
41,경기도,41170,경기도 안양시,2017,2017,-5.99,5,1.87,1,73.16
41,경기도,41190,경기도 부천시,2017,2017,-3.99,3,1.26,1,71.21
41,경기도,41210,경기도 광명시,2017,2017,-5.57,5,1.12,1,64.77
41,경기도,41220,경기도 평택시,2017,2017,12.02,0,2.41,0,35.31
41,경기도,41250,경기도 동두천시,2017,2017,1.89,1,0,1,63.16
41,경기도,41270,경기도 안산시,2017,2017,-6.31,5,2.03,0,40.07
41,경기도,41280,경기도 고양시,2017,2017,7.58,0,4.84,0,31.89
41,경기도,41290,경기도 과천시,2017,2017,-11.11,5,1.54,1,72.29
41,경기도,41310,경기도 구리시,2017,2017,-4.85,3,3.34,0,64.87
41,경기도,41360,경기도 남양주시,2017,2017,17.24,0,5.03,0,31.6
41,경기도,41370,경기도 오산시,2017,2017,11.01,1,3.65,0,37.64
41,경기도,41390,경기도 시흥시,2017,2017,-4.65,2,1.36,1,31.09
41,경기도,41410,경기도 군포시,2017,2017,-0.36,3,6.15,0,66.1
41,경기도,41430,경기도 의왕시,2017,2017,5.91,4,5.02,0,20.07
41,경기도,41450,경기도 하남시,2017,2017,9.93,1,9.62,0,47.49
41,경기도,41460,경기도 용인시,2017,2017,10.86,0,3.92,0,31.51
41,경기도,41480,경기도 파주시,2017,2017,22.65,0,5.46,0,29.54
41,경기도,41500,경기도 이천시,2017,2017,3.15,2,2.17,0,37.83
41,경기도,41550,경기도 안성시,2017,2017,1.77,2,0.76,1,50.6
41,경기도,41570,경기도 김포시,2017,2017,48.08,0,5.61,0,24.1
41,경기도,41590,경기도 화성시,2017,2017,16.09,0,5.6,0,26.32
41,경기도,41610,경기도 광주시,2017,2017,29.43,0,5.13,0,31.57
41,경기도,41630,경기도 양주시,2017,2017,4.44,1,2.89,0,42.48
41,경기도,41650,경기도 포천시,2017,2017,3.53,5,2.61,0,45.75
41,경기도,41730,경기도 여주시,2017,2017,4.76,1,1.9,1,38.43
41,경기도,41800,경기도 연천군,2017,2017,-34.21,1,-1.04,1,59.53
41,경기도,41820,경기도 가평군,2017,2017,0.67,0,0.49,1,34.89
41,경기도,41830,경기도 양평군,2017,2017,16.65,0,12.71,0,40.17
42,강원도,42110,강원도 춘천시,2017,2017,0.65,1,2.08,0,51.49
42,강원도,42130,강원도 원주시,2017,2017,5.05,0,2.93,0,53.25
42,강원도,42150,강원도 강릉시,2017,2017,-6.76,4,1.2,1,59.76
42,강원도,42170,강원도 동해시,2017,2017,-7.44,4,-3.21,1,62.11
42,강원도,42190,강원도 태백시,2017,2017,-59.3,5,2.5,0,69.6
42,강원도,42210,강원도 속초시,2017,2017,-10.57,4,3.51,0,67.32
42,강원도,42230,강원도 삼척시,2017,2017,-48.26,4,3.71,0,54.77
42,강원도,42720,강원도 홍천군,2017,2017,-26.64,3,1.28,0,49.06
42,강원도,42730,강원도 횡성군,2017,2017,-30.78,0,0,0,31.51
42,강원도,42750,강원도 영월군,2017,2017,-55.42,2,-0.76,1,47.78
42,강원도,42760,강원도 평창군,2017,2017,-41.89,4,-3.94,2,40.15
42,강원도,42770,강원도 정선군,2017,2017,-71.74,4,0.92,0,42.91
42,강원도,42780,강원도 철원군,2017,2017,-24.15,2,0.9,1,56.26
42,강원도,42790,강원도 화천군,2017,2017,-25.6,3,2.33,0,51.99
42,강원도,42800,강원도 양구군,2017,2017,-28.13,2,0.56,0,48.32
42,강원도,42810,강원도 인제군,2017,2017,-30.36,2,1.25,0,34.01
42,강원도,42820,강원도 고성군,2017,2017,-39.42,2,3.63,1,62.1
42,강원도,42830,강원도 양양군,2017,2017,-30.05,5,2.63,0,42.02
43,충청북도,43110,충청북도 청주시,2017,2017,22.89,0,1.28,0,55.36
43,충청북도,43130,충청북도 충주시,2017,2017,-5.39,1,2.34,1,57.05
43,충청북도,43150,충청북도 제천시,2017,2017,-11.24,3,3.09,0,54.47
43,충청북도,43720,충청북도 보은군,2017,2017,-53,2,0.69,0,61.2
43,충청북도,43730,충청북도 옥천군,2017,2017,-40.34,5,-0.87,1,60.68
43,충청북도,43740,충청북도 영동군,2017,2017,-42.32,3,1.14,0,52.97
43,충청북도,43745,충청북도 증평군,2017,2017,-12.12,0,5.59,0,55.66
43,충청북도,43750,충청북도 진천군,2017,2017,4.71,0,3.03,0,47.09
43,충청북도,43760,충청북도 괴산군,2017,2017,-47.51,0,-1.21,2,55.49
43,충청북도,43770,충청북도 음성군,2017,2017,8.65,1,4.45,0,50.44
43,충청북도,43800,충청북도 단양군,2017,2017,-54.75,5,-1.61,1,67.3
44,충청남도,44130,충청남도 천안시,2017,2017,5.63,0,2.18,0,50.6
44,충청남도,44150,충청남도 공주시,2017,2017,-29.52,5,-0.06,2,61.34
44,충청남도,44180,충청남도 보령시,2017,2017,-32.27,2,1.97,0,47.75
44,충청남도,44200,충청남도 아산시,2017,2017,8.63,0,5.42,0,52.02
44,충청남도,44210,충청남도 서산시,2017,2017,4.88,0,2.29,0,52.55
44,충청남도,44230,충청남도 논산시,2017,2017,-35.43,5,-0.95,1,64.68
44,충청남도,44250,충청남도 계룡시,2017,2017,-6.02,2,2.72,1,44.88
44,충청남도,44710,충청남도 금산군,2017,2017,-43.03,5,0.92,1,68.93
44,충청남도,44760,충청남도 부여군,2017,2017,-49.99,5,-0.98,1,71.99
44,충청남도,44770,충청남도 서천군,2017,2017,-51.49,5,-2.76,1,58.34
44,충청남도,44790,충청남도 청양군,2017,2017,-49.52,0,1.79,0,64.1
44,충청남도,44800,충청남도 홍성군,2017,2017,-23.56,0,3.63,0,52.33
44,충청남도,44810,충청남도 예산군,2017,2017,-43.19,5,1.58,1,54.76
44,충청남도,44825,충청남도 태안군,2017,2017,-37.79,1,0.71,0,41.99
44,충청남도,44830,충청남도 당진시,2017,2017,6.51,0,1.8,0,41.76
45,전라북도,45110,전라북도 전주시,2017,2017,0.28,3,2.49,0,61.41
45,전라북도,45130,전라북도 군산시,2017,2017,-6.39,2,-0.39,1,61.52
45,전라북도,45140,전라북도 익산시,2017,2017,-8.25,4,-0.25,1,66.89
45,전라북도,45180,전라북도 정읍시,2017,2017,-45.95,5,1.1,1,58.78
45,전라북도,45190,전라북도 남원시,2017,2017,-43.35,5,-2.27,2,66.25
45,전라북도,45210,전라북도 김제시,2017,2017,-51.96,5,1.56,0,65.6
45,전라북도,45710,전라북도 완주군,2017,2017,-18.07,0,1.41,0,53.36
45,전라북도,45720,전라북도 진안군,2017,2017,-64.33,4,-1.31,1,54.24
45,전라북도,45730,전라북도 무주군,2017,2017,-51.1,4,-2.69,2,60.53
45,전라북도,45740,전라북도 장수군,2017,2017,-55.33,1,-5.64,1,63.93
45,전라북도,45750,전라북도 임실군,2017,2017,-62.66,2,-2.34,1,59.37
45,전라북도,45770,전라북도 순창군,2017,2017,-56.57,3,-1.3,1,63.22
45,전라북도,45790,전라북도 고창군,2017,2017,-56.38,2,3.72,0,45.46
45,전라북도,45800,전라북도 부안군,2017,2017,-55.26,2,1.55,0,66.95
46,전라남도,46110,전라남도 목포시,2017,2017,-5.65,5,1.51,0,74.5
46,전라남도,46130,전라남도 여수시,2017,2017,-14.27,5,1.58,0,65.15
46,전라남도,46150,전라남도 순천시,2017,2017,-3.01,1,5.07,0,65.64
46,전라남도,46170,전라남도 나주시,2017,2017,-46.03,1,5.62,0,68.33
46,전라남도,46230,전라남도 광양시,2017,2017,-5.04,0,2.75,0,53.43
46,전라남도,46710,전라남도 담양군,2017,2017,-49.83,3,-0.62,1,54.37
46,전라남도,46720,전라남도 곡성군,2017,2017,-55.89,4,-0.91,1,64.45
46,전라남도,46730,전라남도 구례군,2017,2017,-50.84,0,-0.87,1,66.32
46,전라남도,46770,전라남도 고흥군,2017,2017,-61.74,5,-0.08,1,68.26
46,전라남도,46780,전라남도 보성군,2017,2017,-66.93,5,-3.07,1,65.36
46,전라남도,46790,전라남도 화순군,2017,2017,-34.38,5,2.83,0,65.61
46,전라남도,46800,전라남도 장흥군,2017,2017,-59.47,2,-1.23,1,66.33
46,전라남도,46810,전라남도 강진군,2017,2017,-56.18,5,0.1,0,68.57
46,전라남도,46820,전라남도 해남군,2017,2017,-55.09,5,-0.66,1,67.65
46,전라남도,46830,전라남도 영암군,2017,2017,-35.94,5,-1.95,1,60.35
46,전라남도,46840,전라남도 무안군,2017,2017,-23.29,1,5.32,0,68.89
46,전라남도,46860,전라남도 함평군,2017,2017,-60.75,5,-4.54,1,56.33
46,전라남도,46870,전라남도 영광군,2017,2017,-56.03,4,-1.76,1,53.36
46,전라남도,46880,전라남도 장성군,2017,2017,-50.03,1,2.66,0,64.9
46,전라남도,46890,전라남도 완도군,2017,2017,-57.77,5,3.45,0,67.66
46,전라남도,46900,전라남도 진도군,2017,2017,-60.69,5,-0.37,1,76.38
46,전라남도,46910,전라남도 신안군,2017,2017,-69.21,4,-4.06,2,74.78
47,경상북도,47110,경상북도 포항시,2017,2017,-1.89,2,2.11,0,55.65
47,경상북도,47130,경상북도 경주시,2017,2017,-8.94,5,1.04,0,64.32
47,경상북도,47150,경상북도 김천시,2017,2017,-17.08,1,4.3,0,62.02
47,경상북도,47170,경상북도 안동시,2017,2017,-24.56,2,1.57,0,68.92
47,경상북도,47190,경상북도 구미시,2017,2017,2.86,2,3.35,0,46.7
47,경상북도,47210,경상북도 영주시,2017,2017,-31.13,5,-0.16,1,67.92
47,경상북도,47230,경상북도 영천시,2017,2017,-32.7,4,1.93,0,59.16
47,경상북도,47250,경상북도 상주시,2017,2017,-45.87,5,1.41,1,64.93
47,경상북도,47280,경상북도 문경시,2017,2017,-49.11,3,-1.32,1,68.22
47,경상북도,47290,경상북도 경산시,2017,2017,1.5,0,2.68,0,62.8
47,경상북도,47720,경상북도 군위군,2017,2017,-52.28,2,-0.11,1,67.15
47,경상북도,47730,경상북도 의성군,2017,2017,-59.14,5,0.05,0,70.33
47,경상북도,47750,경상북도 청송군,2017,2017,-56.6,5,-0.05,1,57.67
47,경상북도,47760,경상북도 영양군,2017,2017,-61.92,4,1.82,0,62.57
47,경상북도,47770,경상북도 영덕군,2017,2017,-54.02,5,-1.91,1,64.33
47,경상북도,47820,경상북도 청도군,2017,2017,-44.3,3,2.23,0,68.23
47,경상북도,47830,경상북도 고령군,2017,2017,-22.48,5,3.11,0,71.43
47,경상북도,47840,경상북도 성주군,2017,2017,-39.11,2,-0.64,1,56.77
47,경상북도,47850,경상북도 칠곡군,2017,2017,2.91,1,3.74,0,58.76
47,경상북도,47900,경상북도 예천군,2017,2017,-57.17,3,-0.1,1,70.07
47,경상북도,47920,경상북도 봉화군,2017,2017,-60.15,3,2.62,0,66.93
47,경상북도,47930,경상북도 울진군,2017,2017,-45.26,3,0.5,0,70.54
47,경상북도,47940,경상북도 울릉군,2017,2017,-50.16,5,-2.9,2,73.17
48,경상남도,48110,경상남도 창원시,2017,2017,-3.72,5,2.1,0,65.14
48,경상남도,48170,경상남도 진주시,2017,2017,1.49,1,3.79,0,68.91
48,경상남도,48220,경상남도 통영시,2017,2017,-9.42,4,0.82,0,70
48,경상남도,48240,경상남도 사천시,2017,2017,-12.3,4,1.85,0,64.75
48,경상남도,48250,경상남도 김해시,2017,2017,3.64,0,2.62,0,44.34
48,경상남도,48270,경상남도 밀양시,2017,2017,-33.6,2,-0.34,1,59.88
48,경상남도,48310,경상남도 거제시,2017,2017,7.66,1,2.11,0,54.14
48,경상남도,48330,경상남도 양산시,2017,2017,15.09,0,6.68,0,41.96
48,경상남도,48720,경상남도 의령군,2017,2017,-53.09,5,-0.91,1,57.91
48,경상남도,48730,경상남도 함안군,2017,2017,-9.07,2,-0.24,1,41.16
48,경상남도,48740,경상남도 창녕군,2017,2017,-40.23,0,2.25,0,66.44
48,경상남도,48820,경상남도 고성군,2017,2017,-37.47,5,-5.98,2,70.72
48,경상남도,48840,경상남도 남해군,2017,2017,-51.87,5,1.48,0,70.12
48,경상남도,48850,경상남도 하동군,2017,2017,-46.87,2,0.53,0,65.97
48,경상남도,48860,경상남도 산청군,2017,2017,-46.97,1,-1.4,1,65.78
48,경상남도,48870,경상남도 함양군,2017,2017,-46.14,5,-1.4,1,60.48
48,경상남도,48880,경상남도 거창군,2017,2017,-34.53,1,1.42,1,66.86
48,경상남도,48890,경상남도 합천군,2017,2017,-55.24,3,-7.37,2,73.25
49,제주특별자치도,49110,제주특별자치도 제주시,2017,2017,9.99,0,4.18,0,56.07
49,제주특별자치도,49130,제주특별자치도 서귀포시,2017,2017,-13.83,0,3.98,0,58.17
11,서울특별시,11110,서울특별시 종로구,2016,2016,-45.05,5,3.65,1,73
11,서울특별시,11140,서울특별시 중구,2016,2016,-43.71,4,-6.35,1,81.8
11,서울특별시,11170,서울특별시 용산구,2016,2016,-34.93,5,-2.73,0,79.85
11,서울특별시,11200,서울특별시 성동구,2016,2016,-31.23,3,4.26,0,79.95
11,서울특별시,11215,서울특별시 광진구,2016,2016,-8.69,5,-0.71,1,69.91
11,서울특별시,11230,서울특별시 동대문구,2016,2016,-33.89,3,0.45,1,81.36
11,서울특별시,11260,서울특별시 중랑구,2016,2016,-11.35,2,1.92,0,77.14
11,서울특별시,11290,서울특별시 성북구,2016,2016,-23.65,5,-0.19,1,77.58
11,서울특별시,11305,서울특별시 강북구,2016,2016,-19.05,5,-4.98,2,78.62
11,서울특별시,11320,서울특별시 도봉구,2016,2016,-8.46,5,2.09,1,72.63
11,서울특별시,11350,서울특별시 노원구,2016,2016,-7.94,5,4.17,1,67.69
11,서울특별시,11380,서울특별시 은평구,2016,2016,-2.58,3,1.85,0,70.93
11,서울특별시,11410,서울특별시 서대문구,2016,2016,-26.4,2,-5.99,1,77.2
11,서울특별시,11440,서울특별시 마포구,2016,2016,-16.28,2,7.42,0,68.72
11,서울특별시,11470,서울특별시 양천구,2016,2016,-6.29,5,1.31,1,70.51
11,서울특별시,11500,서울특별시 강서구,2016,2016,2.84,1,2.24,1,58.39
11,서울특별시,11530,서울특별시 구로구,2016,2016,-5.96,2,3.44,0,71.96
11,서울특별시,11545,서울특별시 금천구,2016,2016,-28.74,5,4.57,0,75.93
11,서울특별시,11560,서울특별시 영등포구,2016,2016,-23.96,5,5.16,0,80.6
11,서울특별시,11590,서울특별시 동작구,2016,2016,-6.98,2,-0.41,0,71.94
11,서울특별시,11620,서울특별시 관악구,2016,2016,-13.7,5,-3.32,1,68.25
11,서울특별시,11650,서울특별시 서초구,2016,2016,4.55,1,7.15,0,62.54
11,서울특별시,11680,서울특별시 강남구,2016,2016,-0.31,2,12.79,0,57.33
11,서울특별시,11710,서울특별시 송파구,2016,2016,-3.37,5,0.9,1,60.62
11,서울특별시,11740,서울특별시 강동구,2016,2016,-17.7,5,2.66,1,70.26
26,부산광역시,26110,부산광역시 중구,2016,2016,-51.99,5,-3.86,1,76.04
26,부산광역시,26140,부산광역시 서구,2016,2016,-47.95,5,-4.56,2,84.42
26,부산광역시,26170,부산광역시 동구,2016,2016,-55.61,5,-2.13,1,83.82
26,부산광역시,26200,부산광역시 영도구,2016,2016,-39.29,5,-7.75,1,82.08
26,부산광역시,26230,부산광역시 부산진구,2016,2016,-27.75,5,-3.69,1,82.52
26,부산광역시,26260,부산광역시 동래구,2016,2016,-21.77,5,-3.82,1,82.53
26,부산광역시,26290,부산광역시 남구,2016,2016,-17.45,3,-0.98,2,80.2
26,부산광역시,26320,부산광역시 북구,2016,2016,-9.6,2,0.44,1,75.14
26,부산광역시,26350,부산광역시 해운대구,2016,2016,-1.23,4,4.8,0,75.5
26,부산광역시,26380,부산광역시 사하구,2016,2016,-13.52,5,1.59,1,81.82
26,부산광역시,26410,부산광역시 금정구,2016,2016,-22.96,4,-4.75,1,76.3
26,부산광역시,26440,부산광역시 강서구,2016,2016,9.1,0,22.48,0,40.6
26,부산광역시,26470,부산광역시 연제구,2016,2016,-22.9,3,1.4,0,82.62
26,부산광역시,26500,부산광역시 수영구,2016,2016,-17.81,2,-0.48,2,79.45
26,부산광역시,26530,부산광역시 사상구,2016,2016,-20.41,5,0.36,0,72.59
26,부산광역시,26710,부산광역시 기장군,2016,2016,55.41,0,18.17,0,43.02
27,대구광역시,27110,대구광역시 중구,2016,2016,-57.7,1,0.25,0,81.65
27,대구광역시,27140,대구광역시 동구,2016,2016,-6.1,0,1.59,1,72.4
27,대구광역시,27170,대구광역시 서구,2016,2016,-50.72,5,-10.05,1,82.46
27,대구광역시,27200,대구광역시 남구,2016,2016,-42.62,5,-5.91,1,81.9
27,대구광역시,27230,대구광역시 북구,2016,2016,-3.24,2,1.28,0,61.32
27,대구광역시,27260,대구광역시 수성구,2016,2016,-3.01,3,1.7,0,74.5
27,대구광역시,27290,대구광역시 달서구,2016,2016,-1.4,3,-0.51,1,60.39
27,대구광역시,27710,대구광역시 달성군,2016,2016,8.81,1,6.75,0,52.63
28,인천광역시,28110,인천광역시 중구,2016,2016,22.86,0,7.29,0,46.23
28,인천광역시,28140,인천광역시 동구,2016,2016,-54.2,5,-0.79,0,73.91
28,인천광역시,28170,인천광역시 미추홀구,2016,2016,-7.53,4,-1.47,1,73.78
28,인천광역시,28185,인천광역시 연수구,2016,2016,11.57,0,9.38,0,56.77
28,인천광역시,28200,인천광역시 남동구,2016,2016,11.3,1,3.95,0,59.73
28,인천광역시,28237,인천광역시 부평구,2016,2016,-2.16,2,0.4,1,73.24
28,인천광역시,28245,인천광역시 계양구,2016,2016,-3.91,3,3.28,1,56.68
28,인천광역시,28260,인천광역시 서구,2016,2016,22.48,0,4.34,0,45.74
28,인천광역시,28710,인천광역시 강화군,2016,2016,-26.11,2,3.3,0,46.62
28,인천광역시,28720,인천광역시 옹진군,2016,2016,-1.97,0,8.91,0,44.99
29,광주광역시,29110,광주광역시 동구,2016,2016,-53.88,5,-1.91,0,75.84
29,광주광역시,29140,광주광역시 서구,2016,2016,-3.3,4,2.87,1,53.49
29,광주광역시,29155,광주광역시 남구,2016,2016,-21.79,2,4.47,0,74.94
29,광주광역시,29170,광주광역시 북구,2016,2016,-5.25,2,0.47,1,64.61
29,광주광역시,29200,광주광역시 광산구,2016,2016,7.93,0,6.96,0,47.32
30,대전광역시,30110,대전광역시 동구,2016,2016,-18.55,4,1.32,1,76.02
30,대전광역시,30140,대전광역시 중구,2016,2016,-19.9,3,2.85,0,78.11
30,대전광역시,30170,대전광역시 서구,2016,2016,-4.27,2,4.3,0,64.21
30,대전광역시,30200,대전광역시 유성구,2016,2016,17.01,0,6.07,0,32.33
30,대전광역시,30230,대전광역시 대덕구,2016,2016,-16.26,4,1.52,0,65.05
31,울산광역시,31110,울산광역시 중구,2016,2016,-0.85,1,1.52,0,70.64
31,울산광역시,31140,울산광역시 남구,2016,2016,-1.08,3,1.42,0,57.52
31,울산광역시,31170,울산광역시 동구,2016,2016,-11.08,3,-2.29,1,57.73
31,울산광역시,31200,울산광역시 북구,2016,2016,9.57,0,3.97,0,42.01
31,울산광역시,31710,울산광역시 울주군,2016,2016,12.15,1,8.45,0,37.8
36,세종특별자치시,36110,세종특별자치시 세종시,2016,2016,,,22.43,0,49.2
41,경기도,41110,경기도 수원시,2016,2016,7.46,0,2.67,0,61.1
41,경기도,41130,경기도 성남시,2016,2016,-2.58,2,5.02,0,71.34
41,경기도,41150,경기도 의정부시,2016,2016,-0.17,1,0.31,0,68.35
41,경기도,41170,경기도 안양시,2016,2016,-5.99,5,2.78,0,72.12
41,경기도,41190,경기도 부천시,2016,2016,-3.99,4,2.21,0,67.33
41,경기도,41210,경기도 광명시,2016,2016,-5.57,4,3.53,1,70.31
41,경기도,41220,경기도 평택시,2016,2016,12.02,0,5.65,1,36.25
41,경기도,41250,경기도 동두천시,2016,2016,1.89,0,0.49,1,60.09
41,경기도,41270,경기도 안산시,2016,2016,-6.31,5,4.41,0,38.83
41,경기도,41280,경기도 고양시,2016,2016,7.58,0,7.1,0,29.64
41,경기도,41290,경기도 과천시,2016,2016,-11.11,5,0.23,0,51.8
41,경기도,41310,경기도 구리시,2016,2016,-4.85,4,4.34,0,65.09
41,경기도,41360,경기도 남양주시,2016,2016,17.24,0,8.68,0,29.12
41,경기도,41370,경기도 오산시,2016,2016,11.01,1,4.18,0,40.57
41,경기도,41390,경기도 시흥시,2016,2016,-4.65,3,4.6,1,26.58
41,경기도,41410,경기도 군포시,2016,2016,-0.36,2,1.12,0,62.77
41,경기도,41430,경기도 의왕시,2016,2016,5.91,3,5.6,0,53.7
41,경기도,41450,경기도 하남시,2016,2016,9.93,2,6.86,0,39.77
41,경기도,41460,경기도 용인시,2016,2016,10.86,0,7.46,0,27.59
41,경기도,41480,경기도 파주시,2016,2016,22.65,0,6.34,0,17.82
41,경기도,41500,경기도 이천시,2016,2016,3.15,2,3.87,0,35.09
41,경기도,41550,경기도 안성시,2016,2016,1.77,2,2.98,0,41.6
41,경기도,41570,경기도 김포시,2016,2016,48.08,0,11.93,0,19.07
41,경기도,41590,경기도 화성시,2016,2016,16.09,0,10.51,0,24.92
41,경기도,41610,경기도 광주시,2016,2016,29.43,0,8.16,0,25.74
41,경기도,41630,경기도 양주시,2016,2016,4.44,2,6.13,0,35.18
41,경기도,41650,경기도 포천시,2016,2016,3.53,5,4.72,0,36.83
41,경기도,41730,경기도 여주시,2016,2016,4.76,1,4.61,1,26.44
41,경기도,41800,경기도 연천군,2016,2016,-34.21,1,0.67,1,53.5
41,경기도,41820,경기도 가평군,2016,2016,0.67,0,6.62,0,33.28
41,경기도,41830,경기도 양평군,2016,2016,16.65,0,5.73,0,34.53
42,강원도,42110,강원도 춘천시,2016,2016,0.65,0,2.98,0,48.89
42,강원도,42130,강원도 원주시,2016,2016,5.05,0,2.99,0,46.5
42,강원도,42150,강원도 강릉시,2016,2016,-6.76,4,0.08,0,56.98
42,강원도,42170,강원도 동해시,2016,2016,-7.44,3,0.22,1,59.19
42,강원도,42190,강원도 태백시,2016,2016,-59.3,5,0.84,1,67.54
42,강원도,42210,강원도 속초시,2016,2016,-10.57,5,4.41,1,63.74
42,강원도,42230,강원도 삼척시,2016,2016,-48.26,3,4.31,0,51.51
42,강원도,42720,강원도 홍천군,2016,2016,-26.64,3,5.43,0,45.69
42,강원도,42730,강원도 횡성군,2016,2016,-30.78,0,11.64,0,25.44
42,강원도,42750,강원도 영월군,2016,2016,-55.42,2,4.1,0,48.57
42,강원도,42760,강원도 평창군,2016,2016,-41.89,3,4.6,0,40.12
42,강원도,42770,강원도 정선군,2016,2016,-71.74,3,5.87,1,38.5
42,강원도,42780,강원도 철원군,2016,2016,-24.15,2,2.32,0,48.62
42,강원도,42790,강원도 화천군,2016,2016,-25.6,2,6.63,1,43.46
42,강원도,42800,강원도 양구군,2016,2016,-28.13,1,5.69,1,45.78
42,강원도,42810,강원도 인제군,2016,2016,-30.36,1,9.78,1,28.32
42,강원도,42820,강원도 고성군,2016,2016,-39.42,2,-0.08,3,58.33
42,강원도,42830,강원도 양양군,2016,2016,-30.05,5,1.81,1,37.07
43,충청북도,43110,충청북도 청주시,2016,2016,22.89,0,2.73,0,54.28
43,충청북도,43130,충청북도 충주시,2016,2016,-5.39,1,3.11,1,56.5
43,충청북도,43150,충청북도 제천시,2016,2016,-11.24,4,3.27,0,56.94
43,충청북도,43720,충청북도 보은군,2016,2016,-53,3,4.53,1,61.3
43,충청북도,43730,충청북도 옥천군,2016,2016,-40.34,5,4.81,0,61.4
43,충청북도,43740,충청북도 영동군,2016,2016,-42.32,2,2.83,1,37.78
43,충청북도,43745,충청북도 증평군,2016,2016,-12.12,0,2.92,0,56.48
43,충청북도,43750,충청북도 진천군,2016,2016,4.71,0,9.6,0,50.18
43,충청북도,43760,충청북도 괴산군,2016,2016,-47.51,0,2.21,0,51.46
43,충청북도,43770,충청북도 음성군,2016,2016,8.65,0,8.52,0,46.06
43,충청북도,43800,충청북도 단양군,2016,2016,-54.75,5,2.82,0,67.65
44,충청남도,44130,충청남도 천안시,2016,2016,5.63,0,6.95,0,49.3
44,충청남도,44150,충청남도 공주시,2016,2016,-29.52,5,4.87,1,55.32
44,충청남도,44180,충청남도 보령시,2016,2016,-32.27,3,1.33,1,42.8
44,충청남도,44200,충청남도 아산시,2016,2016,8.63,0,11.61,0,46.59
44,충청남도,44210,충청남도 서산시,2016,2016,4.88,0,4.33,0,49.71
44,충청남도,44230,충청남도 논산시,2016,2016,-35.43,5,5.92,0,63.21
44,충청남도,44250,충청남도 계룡시,2016,2016,-6.02,3,-0.36,1,40.75
44,충청남도,44710,충청남도 금산군,2016,2016,-43.03,5,2.8,1,66.98
44,충청남도,44760,충청남도 부여군,2016,2016,-49.99,5,0.09,0,68.77
44,충청남도,44770,충청남도 서천군,2016,2016,-51.49,5,3.24,1,54.13
44,충청남도,44790,충청남도 청양군,2016,2016,-49.52,1,14.69,1,65.92
44,충청남도,44800,충청남도 홍성군,2016,2016,-23.56,0,3.85,0,40.36
44,충청남도,44810,충청남도 예산군,2016,2016,-43.19,5,4.39,0,58.24
44,충청남도,44825,충청남도 태안군,2016,2016,-37.79,2,1.89,0,40.35
44,충청남도,44830,충청남도 당진시,2016,2016,6.51,0,4.56,0,34.16
45,전라북도,45110,전라북도 전주시,2016,2016,0.28,2,3.24,0,60.3
45,전라북도,45130,전라북도 군산시,2016,2016,-6.39,2,1.6,0,58.42
45,전라북도,45140,전라북도 익산시,2016,2016,-8.25,3,4.82,0,65.64
45,전라북도,45180,전라북도 정읍시,2016,2016,-45.95,5,4.83,0,51.82
45,전라북도,45190,전라북도 남원시,2016,2016,-43.35,5,5.26,1,61.21
45,전라북도,45210,전라북도 김제시,2016,2016,-51.96,5,5.59,0,60.75
45,전라북도,45710,전라북도 완주군,2016,2016,-18.07,0,12.48,0,48.68
45,전라북도,45720,전라북도 진안군,2016,2016,-64.33,5,7.34,1,50.9
45,전라북도,45730,전라북도 무주군,2016,2016,-51.1,3,9.64,0,57.47
45,전라북도,45740,전라북도 장수군,2016,2016,-55.33,1,3.98,1,59.89
45,전라북도,45750,전라북도 임실군,2016,2016,-62.66,2,6.47,0,53.09
45,전라북도,45770,전라북도 순창군,2016,2016,-56.57,2,5.37,0,63.01
45,전라북도,45790,전라북도 고창군,2016,2016,-56.38,2,3.75,0,32.04
45,전라북도,45800,전라북도 부안군,2016,2016,-55.26,2,0.47,0,63.31
46,전라남도,46110,전라남도 목포시,2016,2016,-5.65,4,1.19,0,75.47
46,전라남도,46130,전라남도 여수시,2016,2016,-14.27,5,3.24,0,64.7
46,전라남도,46150,전라남도 순천시,2016,2016,-3.01,1,1.15,0,60.24
46,전라남도,46170,전라남도 나주시,2016,2016,-46.03,2,6.56,1,65.98
46,전라남도,46230,전라남도 광양시,2016,2016,-5.04,0,3.5,0,52.75
46,전라남도,46710,전라남도 담양군,2016,2016,-49.83,4,6.77,0,50.83
46,전라남도,46720,전라남도 곡성군,2016,2016,-55.89,3,5.22,0,60.27
46,전라남도,46730,전라남도 구례군,2016,2016,-50.84,1,-6.24,3,63.09
46,전라남도,46770,전라남도 고흥군,2016,2016,-61.74,5,2.26,0,64.61
46,전라남도,46780,전라남도 보성군,2016,2016,-66.93,5,1.88,1,66.95
46,전라남도,46790,전라남도 화순군,2016,2016,-34.38,5,2.06,0,61.13
46,전라남도,46800,전라남도 장흥군,2016,2016,-59.47,1,3.34,2,59.25
46,전라남도,46810,전라남도 강진군,2016,2016,-56.18,5,-4.69,0,66.04
46,전라남도,46820,전라남도 해남군,2016,2016,-55.09,5,2.47,1,65.7
46,전라남도,46830,전라남도 영암군,2016,2016,-35.94,5,15.69,0,59.25
46,전라남도,46840,전라남도 무안군,2016,2016,-23.29,1,10.13,0,64.07
46,전라남도,46860,전라남도 함평군,2016,2016,-60.75,5,8.92,1,44.33
46,전라남도,46870,전라남도 영광군,2016,2016,-56.03,3,6.65,0,50.76
46,전라남도,46880,전라남도 장성군,2016,2016,-50.03,1,6.88,0,58.88
46,전라남도,46890,전라남도 완도군,2016,2016,-57.77,5,2.51,0,65.65
46,전라남도,46900,전라남도 진도군,2016,2016,-60.69,5,12.78,1,75.39
46,전라남도,46910,전라남도 신안군,2016,2016,-69.21,3,4.24,0,73.74
47,경상북도,47110,경상북도 포항시,2016,2016,-1.89,1,3.01,0,51.82
47,경상북도,47130,경상북도 경주시,2016,2016,-8.94,5,6.58,0,57.07
47,경상북도,47150,경상북도 김천시,2016,2016,-17.08,2,2.05,1,57.54
47,경상북도,47170,경상북도 안동시,2016,2016,-24.56,1,2.32,0,67.34
47,경상북도,47190,경상북도 구미시,2016,2016,2.86,2,3.73,0,44.66
47,경상북도,47210,경상북도 영주시,2016,2016,-31.13,5,1.11,0,65.56
47,경상북도,47230,경상북도 영천시,2016,2016,-32.7,5,3.76,0,58.13
47,경상북도,47250,경상북도 상주시,2016,2016,-45.87,5,2.26,0,61.48
47,경상북도,47280,경상북도 문경시,2016,2016,-49.11,2,3.24,0,64.15
47,경상북도,47290,경상북도 경산시,2016,2016,1.5,0,5.53,0,51.01
47,경상북도,47720,경상북도 군위군,2016,2016,-52.28,2,3.24,0,62.21
47,경상북도,47730,경상북도 의성군,2016,2016,-59.14,5,-6.21,2,70.07
47,경상북도,47750,경상북도 청송군,2016,2016,-56.6,5,-3.02,0,55.39
47,경상북도,47760,경상북도 영양군,2016,2016,-61.92,3,0.17,0,58.88
47,경상북도,47770,경상북도 영덕군,2016,2016,-54.02,5,4.52,0,59.72
47,경상북도,47820,경상북도 청도군,2016,2016,-44.3,2,6.57,0,63.17
47,경상북도,47830,경상북도 고령군,2016,2016,-22.48,5,8.03,0,68.39
47,경상북도,47840,경상북도 성주군,2016,2016,-39.11,3,11.42,0,54.58
47,경상북도,47850,경상북도 칠곡군,2016,2016,2.91,0,6.49,0,45.58
47,경상북도,47900,경상북도 예천군,2016,2016,-57.17,4,1.09,1,66.55
47,경상북도,47920,경상북도 봉화군,2016,2016,-60.15,2,-3.83,1,66.43
47,경상북도,47930,경상북도 울진군,2016,2016,-45.26,2,0.49,0,69.91
47,경상북도,47940,경상북도 울릉군,2016,2016,-50.16,5,14.52,1,71.9
48,경상남도,48110,경상남도 창원시,2016,2016,-3.72,5,2.87,0,61.4
48,경상남도,48170,경상남도 진주시,2016,2016,1.49,1,1.69,0,65.77
48,경상남도,48220,경상남도 통영시,2016,2016,-9.42,3,2.49,0,67.52
48,경상남도,48240,경상남도 사천시,2016,2016,-12.3,3,1.89,0,61.46
48,경상남도,48250,경상남도 김해시,2016,2016,3.64,0,4.05,0,40.54
48,경상남도,48270,경상남도 밀양시,2016,2016,-33.6,3,5.45,0,57.18
48,경상남도,48310,경상남도 거제시,2016,2016,7.66,0,5.75,0,51.56
48,경상남도,48330,경상남도 양산시,2016,2016,15.09,0,5.77,0,40.28
48,경상남도,48720,경상남도 의령군,2016,2016,-53.09,4,2.41,0,38.04
48,경상남도,48730,경상남도 함안군,2016,2016,-9.07,1,9.27,0,27.78
48,경상남도,48740,경상남도 창녕군,2016,2016,-40.23,0,5.35,0,63.05
48,경상남도,48820,경상남도 고성군,2016,2016,-37.47,5,4.98,0,68.6
48,경상남도,48840,경상남도 남해군,2016,2016,-51.87,5,4.11,1,66.7
48,경상남도,48850,경상남도 하동군,2016,2016,-46.87,3,1.91,1,62.43
48,경상남도,48860,경상남도 산청군,2016,2016,-46.97,1,16.65,1,63.62
48,경상남도,48870,경상남도 함양군,2016,2016,-46.14,5,5.25,0,57.46
48,경상남도,48880,경상남도 거창군,2016,2016,-34.53,1,2.46,1,63.53
48,경상남도,48890,경상남도 합천군,2016,2016,-55.24,2,0.03,1,70.11
49,제주특별자치도,49110,제주특별자치도 제주시,2016,2016,9.99,0,5.38,1,52.76
49,제주특별자치도,49130,제주특별자치도 서귀포시,2016,2016,-13.83,0,2.56,0,57.8
11,서울특별시,11110,서울특별시 종로구,2014,2014,-46.81,4,-0.54,1,68.13
11,서울특별시,11140,서울특별시 중구,2014,2014,-50.06,2,-8.14,2,79.51
11,서울특별시,11170,서울특별시 용산구,2014,2014,-31.82,3,-5.55,1,76.42
11,서울특별시,11200,서울특별시 성동구,2014,2014,-28.58,4,0.76,1,76.81
11,서울특별시,11215,서울특별시 광진구,2014,2014,-4.26,4,-0.99,1,66.38
11,서울특별시,11230,서울특별시 동대문구,2014,2014,-34.49,2,-2.52,2,78.87
11,서울특별시,11260,서울특별시 중랑구,2014,2014,-10.1,3,0.32,0,75.23
11,서울특별시,11290,서울특별시 성북구,2014,2014,-22.28,4,-0.35,1,74.55
11,서울특별시,11305,서울특별시 강북구,2014,2014,-16.83,4,-5.92,2,75.07
11,서울특별시,11320,서울특별시 도봉구,2014,2014,-5.45,5,-1.18,1,67.67
11,서울특별시,11350,서울특별시 노원구,2014,2014,-3.16,4,0.18,2,63.12
11,서울특별시,11380,서울특별시 은평구,2014,2014,-7.15,1,0.05,0,70.07
11,서울특별시,11410,서울특별시 서대문구,2014,2014,-25.2,2,-13.37,2,74.09
11,서울특별시,11440,서울특별시 마포구,2014,2014,-16.38,3,2.39,0,64.77
11,서울특별시,11470,서울특별시 양천구,2014,2014,-4.29,3,-0.61,1,68.57
11,서울특별시,11500,서울특별시 강서구,2014,2014,1.47,2,1.67,1,55.93
11,서울특별시,11530,서울특별시 구로구,2014,2014,-3.19,1,0.57,0,67.39
11,서울특별시,11545,서울특별시 금천구,2014,2014,-23.5,4,2.4,0,74.29
11,서울특별시,11560,서울특별시 영등포구,2014,2014,-15.71,4,0.21,0,77.81
11,서울특별시,11590,서울특별시 동작구,2014,2014,-5.95,1,-0.8,1,69.75
11,서울특별시,11620,서울특별시 관악구,2014,2014,-9.3,4,-3.8,1,65.32
11,서울특별시,11650,서울특별시 서초구,2014,2014,-0.61,1,0.5,1,57.75
11,서울특별시,11680,서울특별시 강남구,2014,2014,-1.32,3,0.09,0,51.04
11,서울특별시,11710,서울특별시 송파구,2014,2014,1.59,4,-0.99,1,57.58
11,서울특별시,11740,서울특별시 강동구,2014,2014,-12.49,3,-0.14,1,69.67
26,부산광역시,26110,부산광역시 중구,2014,2014,-51.08,4,-4.22,1,69.84
26,부산광역시,26140,부산광역시 서구,2014,2014,-50.42,4,-5.8,3,82.92
26,부산광역시,26170,부산광역시 동구,2014,2014,-56.81,4,-1.68,1,82.01
26,부산광역시,26200,부산광역시 영도구,2014,2014,-34.47,5,-8.36,1,79.33
26,부산광역시,26230,부산광역시 부산진구,2014,2014,-26.5,4,-7.38,1,80.64
26,부산광역시,26260,부산광역시 동래구,2014,2014,-20.26,3,-6.7,1,80.75
26,부산광역시,26290,부산광역시 남구,2014,2014,-13.36,2,-1.29,2,79.4
26,부산광역시,26320,부산광역시 북구,2014,2014,-8.26,2,-0.41,1,72.29
26,부산광역시,26350,부산광역시 해운대구,2014,2014,3.42,2,4.35,0,69.2
26,부산광역시,26380,부산광역시 사하구,2014,2014,-9.96,5,-0.06,1,80.31
26,부산광역시,26410,부산광역시 금정구,2014,2014,-22.43,2,-6.81,1,73.97
26,부산광역시,26440,부산광역시 강서구,2014,2014,-31.43,0,14.23,0,42.96
26,부산광역시,26470,부산광역시 연제구,2014,2014,-22.77,3,1.12,0,81.06
26,부산광역시,26500,부산광역시 수영구,2014,2014,-18.71,3,-0.31,1,78.15
26,부산광역시,26530,부산광역시 사상구,2014,2014,-14.74,4,-0.69,1,71.33
26,부산광역시,26710,부산광역시 기장군,2014,2014,28.42,0,6.56,0,41.7
27,대구광역시,27110,대구광역시 중구,2014,2014,-66.7,2,-6.64,1,80.05
27,대구광역시,27140,대구광역시 동구,2014,2014,-11.11,0,1.31,1,71.4
27,대구광역시,27170,대구광역시 서구,2014,2014,-47.94,5,-11.68,2,76.09
27,대구광역시,27200,대구광역시 남구,2014,2014,-39.14,5,-8.7,2,78.12
27,대구광역시,27230,대구광역시 북구,2014,2014,-1.52,4,0.91,0,56.36
27,대구광역시,27260,대구광역시 수성구,2014,2014,-0.81,2,0.43,0,69.03
27,대구광역시,27290,대구광역시 달서구,2014,2014,2,1,2.97,0,56.38
27,대구광역시,27710,대구광역시 달성군,2014,2014,12.25,1,4.83,0,50.21
28,인천광역시,28110,인천광역시 중구,2014,2014,-6.44,0,2.58,0,45.2
28,인천광역시,28140,인천광역시 동구,2014,2014,-56.55,4,-3.41,1,68.43
28,인천광역시,28170,인천광역시 미추홀구,2014,2014,-3.18,4,-2.65,1,72.02
28,인천광역시,28185,인천광역시 연수구,2014,2014,5.23,0,5.47,0,36.4
28,인천광역시,28200,인천광역시 남동구,2014,2014,15.91,0,0.86,0,55.17
28,인천광역시,28237,인천광역시 부평구,2014,2014,-0.12,3,-0.21,1,71.02
28,인천광역시,28245,인천광역시 계양구,2014,2014,2.99,2,-0.12,1,53.43
28,인천광역시,28260,인천광역시 서구,2014,2014,5.79,0,1.82,0,43.06
28,인천광역시,28710,인천광역시 강화군,2014,2014,-37.65,3,0.89,0,43.62
28,인천광역시,28720,인천광역시 옹진군,2014,2014,-33.19,0,6.16,0,46.02
29,광주광역시,29110,광주광역시 동구,2014,2014,-53.04,3,-3.37,1,73.37
29,광주광역시,29140,광주광역시 서구,2014,2014,-2.75,3,1.5,1,52.01
29,광주광역시,29155,광주광역시 남구,2014,2014,-23.55,2,1.52,0,72.95
29,광주광역시,29170,광주광역시 북구,2014,2014,0.43,3,2.56,1,61.54
29,광주광역시,29200,광주광역시 광산구,2014,2014,20.26,0,3.59,0,44.88
30,대전광역시,30110,대전광역시 동구,2014,2014,-17.54,2,-0.27,1,75.49
30,대전광역시,30140,대전광역시 중구,2014,2014,-17.68,2,-1.37,0,76.82
30,대전광역시,30170,대전광역시 서구,2014,2014,-1.66,2,1.78,0,61.37
30,대전광역시,30200,대전광역시 유성구,2014,2014,31.82,0,4.75,0,30.66
30,대전광역시,30230,대전광역시 대덕구,2014,2014,-12.32,2,2.95,1,61.77
31,울산광역시,31110,울산광역시 중구,2014,2014,-5.75,1,0.43,0,68.03
31,울산광역시,31140,울산광역시 남구,2014,2014,-0.8,1,2.57,0,54.83
31,울산광역시,31170,울산광역시 동구,2014,2014,-13.37,1,3.1,1,53.54
31,울산광역시,31200,울산광역시 북구,2014,2014,19.88,0,4.09,0,36.16
31,울산광역시,31710,울산광역시 울주군,2014,2014,14.32,0,6.4,0,32.66
36,세종특별자치시,36110,세종특별자치시 세종시,2014,2014,,,12.62,1,47.69
41,경기도,41110,경기도 수원시,2014,2014,2.66,0,1.57,0,58.62
41,경기도,41130,경기도 성남시,2014,2014,1.6,2,2.54,1,64.86
41,경기도,41150,경기도 의정부시,2014,2014,4.65,2,1.6,0,66.99
41,경기도,41170,경기도 안양시,2014,2014,-1.68,4,0.92,1,69.72
41,경기도,41190,경기도 부천시,2014,2014,1.7,4,0.6,1,65.92
41,경기도,41210,경기도 광명시,2014,2014,-6.24,2,-0.12,1,66.51
41,경기도,41220,경기도 평택시,2014,2014,2.66,0,2.21,1,32.7
41,경기도,41250,경기도 동두천시,2014,2014,14.39,0,-1.27,1,57.35
41,경기도,41270,경기도 안산시,2014,2014,6.92,3,2.15,0,32.28
41,경기도,41280,경기도 고양시,2014,2014,4.41,0,3.05,0,18.99
41,경기도,41290,경기도 과천시,2014,2014,-7.81,4,4.56,1,50.81
41,경기도,41310,경기도 구리시,2014,2014,-0.99,4,0.93,0,61.13
41,경기도,41360,경기도 남양주시,2014,2014,24.36,0,5.92,0,26
41,경기도,41370,경기도 오산시,2014,2014,38.75,0,3.65,0,40.74
41,경기도,41390,경기도 시흥시,2014,2014,4.48,4,-0.33,1,20.58
41,경기도,41410,경기도 군포시,2014,2014,2.98,3,2.3,0,58.43
41,경기도,41430,경기도 의왕시,2014,2014,0.36,1,2.19,0,51.12
41,경기도,41450,경기도 하남시,2014,2014,13.48,3,1.09,0,36.82
41,경기도,41460,경기도 용인시,2014,2014,24.22,0,5.1,0,23.58
41,경기도,41480,경기도 파주시,2014,2014,35.46,0,3.74,0,13.29
41,경기도,41500,경기도 이천시,2014,2014,3.51,1,4.68,1,29.62
41,경기도,41550,경기도 안성시,2014,2014,12.93,1,3.59,0,36.57
41,경기도,41570,경기도 김포시,2014,2014,14.6,0,7.96,0,14.11
41,경기도,41590,경기도 화성시,2014,2014,69.29,0,6.23,0,23.49
41,경기도,41610,경기도 광주시,2014,2014,10.88,0,4.87,0,21.27
41,경기도,41630,경기도 양주시,2014,2014,23.62,2,3.3,0,31.37
41,경기도,41650,경기도 포천시,2014,2014,-0.84,5,3.55,0,31.7
41,경기도,41730,경기도 여주시,2014,2014,2.32,1,2.74,1,19.88
41,경기도,41800,경기도 연천군,2014,2014,-39.04,2,3.45,2,49.87
41,경기도,41820,경기도 가평군,2014,2014,-17.95,0,2.11,0,30.79
41,경기도,41830,경기도 양평군,2014,2014,-11.35,0,5.23,0,31.84
42,강원도,42110,강원도 춘천시,2014,2014,5.88,0,1.4,0,44.11
42,강원도,42130,강원도 원주시,2014,2014,9.53,0,5.28,1,42.88
42,강원도,42150,강원도 강릉시,2014,2014,-4.61,2,3.45,0,54.07
42,강원도,42170,강원도 동해시,2014,2014,-13.17,1,1.24,2,56.05
42,강원도,42190,강원도 태백시,2014,2014,-54.77,4,1.23,1,64.26
42,강원도,42210,강원도 속초시,2014,2014,-8.18,4,1.67,2,60.1
42,강원도,42230,강원도 삼척시,2014,2014,-51.69,1,4.62,0,46.78
42,강원도,42720,강원도 홍천군,2014,2014,-37.74,1,4.77,1,42.1
42,강원도,42730,강원도 횡성군,2014,2014,-47.12,0,0.22,0,19.72
42,강원도,42750,강원도 영월군,2014,2014,-63.3,3,3.35,0,42.97
42,강원도,42760,강원도 평창군,2014,2014,-52.32,2,4.33,1,36.97
42,강원도,42770,강원도 정선군,2014,2014,-73.12,2,4.56,1,35.12
42,강원도,42780,강원도 철원군,2014,2014,-32.78,3,2.19,1,40.92
42,강원도,42790,강원도 화천군,2014,2014,-42.61,0,2.07,1,39.13
42,강원도,42800,강원도 양구군,2014,2014,-42.52,0,2.74,1,40.1
42,강원도,42810,강원도 인제군,2014,2014,-39.78,1,1.8,2,23.94
42,강원도,42820,강원도 고성군,2014,2014,-45.65,2,-4.79,3,54.62
42,강원도,42830,강원도 양양군,2014,2014,-39.66,3,1.36,1,32.49
43,충청북도,43110,충청북도 청주시,2014,2014,3.75,0,1.44,0,59.6
43,충청북도,43130,충청북도 충주시,2014,2014,-6.75,1,1.44,1,54.39
43,충청북도,43150,충청북도 제천시,2014,2014,-16.84,3,2.8,0,54.9
43,충청북도,43710,충청북도 청원군,2014,2014,-8.68,1,5.76,0,41.8
43,충청북도,43720,충청북도 보은군,2014,2014,-62.3,4,-4.31,2,58.81
43,충청북도,43730,충청북도 옥천군,2014,2014,-45.52,5,3.52,0,59.73
43,충청북도,43740,충청북도 영동군,2014,2014,-51.37,0,-1.35,2,29.92
43,충청북도,43745,충청북도 증평군,2014,2014,-21.87,0,2.69,0,54.74
43,충청북도,43750,충청북도 진천군,2014,2014,-3.45,0,3.61,0,47.79
43,충청북도,43760,충청북도 괴산군,2014,2014,-63.27,0,3.99,0,49.13
43,충청북도,43770,충청북도 음성군,2014,2014,-12.72,0,8.19,1,43.16
43,충청북도,43800,충청북도 단양군,2014,2014,-61.37,5,2.79,0,65.31
44,충청남도,44130,충청남도 천안시,2014,2014,10.1,0,3.93,1,46.15
44,충청남도,44150,충청남도 공주시,2014,2014,-27.02,4,2.59,2,51.35
44,충청남도,44180,충청남도 보령시,2014,2014,-35.36,4,1.98,2,37.5
44,충청남도,44200,충청남도 아산시,2014,2014,33.71,0,3.59,0,42.52
44,충청남도,44210,충청남도 서산시,2014,2014,4.13,0,2.98,0,48.26
44,충청남도,44230,충청남도 논산시,2014,2014,-39.39,3,1.86,1,59.31
44,충청남도,44250,충청남도 계룡시,2014,2014,31.01,4,-3.87,1,38.9
44,충청남도,44710,충청남도 금산군,2014,2014,-49.08,4,3.29,1,65.44
44,충청남도,44760,충청남도 부여군,2014,2014,-56.05,5,-5.6,0,64.74
44,충청남도,44770,충청남도 서천군,2014,2014,-58.37,4,1.44,1,49.91
44,충청남도,44790,충청남도 청양군,2014,2014,-59.07,3,2.15,1,63.2
44,충청남도,44800,충청남도 홍성군,2014,2014,-37.36,0,3.38,0,33.7
44,충청남도,44810,충청남도 예산군,2014,2014,-47.31,5,2.06,1,55.23
44,충청남도,44825,충청남도 태안군,2014,2014,-45.38,3,2.98,0,39.48
44,충청남도,44830,충청남도 당진시,2014,2014,-9.16,0,6.63,0,29.06
45,전라북도,45110,전라북도 전주시,2014,2014,4.24,0,1.94,0,58.68
45,전라북도,45130,전라북도 군산시,2014,2014,-9.23,2,1.43,0,54.75
45,전라북도,45140,전라북도 익산시,2014,2014,-8.44,1,2.99,0,62.27
45,전라북도,45180,전라북도 정읍시,2014,2014,-50.06,4,2.65,0,48.44
45,전라북도,45190,전라북도 남원시,2014,2014,-49.21,4,-2.75,2,57.6
45,전라북도,45210,전라북도 김제시,2014,2014,-56.88,5,2.02,1,55.44
45,전라북도,45710,전라북도 완주군,2014,2014,-36.71,1,5.25,0,44.51
45,전라북도,45720,전라북도 진안군,2014,2014,-73.95,3,-10.77,2,49.55
45,전라북도,45730,전라북도 무주군,2014,2014,-61.48,1,2.74,0,53.12
45,전라북도,45740,전라북도 장수군,2014,2014,-66.41,3,-5.52,1,56.99
45,전라북도,45750,전라북도 임실군,2014,2014,-71.82,2,0.67,1,45.79
45,전라북도,45770,전라북도 순창군,2014,2014,-65.72,1,-0.15,0,59.79
45,전라북도,45790,전라북도 고창군,2014,2014,-63.21,1,2.85,0,22.92
45,전라북도,45800,전라북도 부안군,2014,2014,-61.21,3,3.98,1,59.28
46,전라남도,46110,전라남도 목포시,2014,2014,-0.21,2,3.53,0,72.48
46,전라남도,46130,전라남도 여수시,2014,2014,-14.08,5,2.66,0,63.54
46,전라남도,46150,전라남도 순천시,2014,2014,-4.75,1,3.22,0,56.76
46,전라남도,46170,전라남도 나주시,2014,2014,-57.7,4,0.76,2,62.93
46,전라남도,46230,전라남도 광양시,2014,2014,-8.3,0,2.35,0,50.79
46,전라남도,46710,전라남도 담양군,2014,2014,-54.99,3,-0.19,1,46.41
46,전라남도,46720,전라남도 곡성군,2014,2014,-63.69,3,-1.5,0,57.06
46,전라남도,46730,전라남도 구례군,2014,2014,-61.32,1,-11.58,3,59.93
46,전라남도,46770,전라남도 고흥군,2014,2014,-66.92,5,-5.65,1,62.69
46,전라남도,46780,전라남도 보성군,2014,2014,-68.5,5,-7.41,2,65.9
46,전라남도,46790,전라남도 화순군,2014,2014,-42.07,5,3.9,0,58.18
46,전라남도,46800,전라남도 장흥군,2014,2014,-68.34,0,-1.34,2,64.07
46,전라남도,46810,전라남도 강진군,2014,2014,-62.75,4,-12.16,1,64
46,전라남도,46820,전라남도 해남군,2014,2014,-60.85,5,-0.39,1,64.41
46,전라남도,46830,전라남도 영암군,2014,2014,-41.27,3,5.75,1,54.73
46,전라남도,46840,전라남도 무안군,2014,2014,-40.64,0,7.72,0,60.23
46,전라남도,46860,전라남도 함평군,2014,2014,-67.83,5,3.43,2,39.68
46,전라남도,46870,전라남도 영광군,2014,2014,-59.31,1,3.34,1,45.87
46,전라남도,46880,전라남도 장성군,2014,2014,-59.41,1,3.74,1,57.6
46,전라남도,46890,전라남도 완도군,2014,2014,-63.1,5,-2.59,1,65.27
46,전라남도,46900,전라남도 진도군,2014,2014,-65.76,5,-8.81,2,74.38
46,전라남도,46910,전라남도 신안군,2014,2014,-74.64,2,4.21,0,73.36
47,경상북도,47110,경상북도 포항시,2014,2014,-0.84,1,2,0,48.73
47,경상북도,47130,경상북도 경주시,2014,2014,-11.44,5,3.37,1,54.14
47,경상북도,47150,경상북도 김천시,2014,2014,-28.13,2,2.36,1,54.02
47,경상북도,47170,경상북도 안동시,2014,2014,-30.04,0,3.14,1,65.92
47,경상북도,47190,경상북도 구미시,2014,2014,4.9,0,3.3,0,42.11
47,경상북도,47210,경상북도 영주시,2014,2014,-33.36,3,2.28,0,64.43
47,경상북도,47230,경상북도 영천시,2014,2014,-39.66,3,2.98,0,56.39
47,경상북도,47250,경상북도 상주시,2014,2014,-48.83,5,-2.02,1,59.03
47,경상북도,47280,경상북도 문경시,2014,2014,-53.12,3,1.01,0,61.67
47,경상북도,47290,경상북도 경산시,2014,2014,9.8,0,5.22,0,46.98
47,경상북도,47720,경상북도 군위군,2014,2014,-62.6,3,4.41,1,59.34
47,경상북도,47730,경상북도 의성군,2014,2014,-64.91,5,-14.97,3,67.68
47,경상북도,47750,경상북도 청송군,2014,2014,-62.79,5,-6.89,1,53.71
47,경상북도,47760,경상북도 영양군,2014,2014,-68.63,3,-5.6,1,57.87
47,경상북도,47770,경상북도 영덕군,2014,2014,-60.06,5,1.06,1,56.99
47,경상북도,47820,경상북도 청도군,2014,2014,-55.31,3,5.22,1,58.62
47,경상북도,47830,경상북도 고령군,2014,2014,-35.01,3,9.48,0,65.09
47,경상북도,47840,경상북도 성주군,2014,2014,-52.35,3,6.74,1,53.23
47,경상북도,47850,경상북도 칠곡군,2014,2014,4.8,1,6.89,0,42.48
47,경상북도,47900,경상북도 예천군,2014,2014,-64.22,5,-7.74,2,63.97
47,경상북도,47920,경상북도 봉화군,2014,2014,-67.96,3,-6.75,1,64.8
47,경상북도,47930,경상북도 울진군,2014,2014,-48.07,3,3.31,1,68.06
47,경상북도,47940,경상북도 울릉군,2014,2014,-59.05,3,1.25,1,69.95
48,경상남도,48110,경상남도 창원시,2014,2014,-2.02,3,1.3,0,57.65
48,경상남도,48170,경상남도 진주시,2014,2014,-0.56,1,1.71,0,62.66
48,경상남도,48220,경상남도 통영시,2014,2014,-11.3,2,1.59,0,65.19
48,경상남도,48240,경상남도 사천시,2014,2014,-20.7,1,3.88,1,57.77
48,경상남도,48250,경상남도 김해시,2014,2014,14.53,0,4.48,0,36.54
48,경상남도,48270,경상남도 밀양시,2014,2014,-38.64,4,2.14,0,54.59
48,경상남도,48310,경상남도 거제시,2014,2014,17.71,0,2.3,0,49.91
48,경상남도,48330,경상남도 양산시,2014,2014,16.28,0,4.15,0,38.62
48,경상남도,48720,경상남도 의령군,2014,2014,-60.11,2,-4.91,1,30.47
48,경상남도,48730,경상남도 함안군,2014,2014,-24.34,1,6.68,0,19.94
48,경상남도,48740,경상남도 창녕군,2014,2014,-52.36,0,2.55,0,60.22
48,경상남도,48820,경상남도 고성군,2014,2014,-44.35,3,7.27,0,65.22
48,경상남도,48840,경상남도 남해군,2014,2014,-57.41,3,2.71,1,62.11
48,경상남도,48850,경상남도 하동군,2014,2014,-57.12,3,-5.75,2,59.1
48,경상남도,48860,경상남도 산청군,2014,2014,-56.24,1,0,2,61.5
48,경상남도,48870,경상남도 함양군,2014,2014,-54.09,4,1.56,0,55.26
48,경상남도,48880,경상남도 거창군,2014,2014,-44,2,3.08,2,60.91
48,경상남도,48890,경상남도 합천군,2014,2014,-62.28,3,-4.41,1,66
49,제주특별자치도,49110,제주특별자치도 제주시,2014,2014,2.37,0,5.75,1,50.07
49,제주특별자치도,49130,제주특별자치도 서귀포시,2014,2014,-24.5,1,5.5,1,54.62
11,서울특별시,11110,서울특별시 종로구,2013,2013,-46.81,3,-1.51,1,66.62
11,서울특별시,11140,서울특별시 중구,2013,2013,-50.06,1,-9.25,2,77.57
11,서울특별시,11170,서울특별시 용산구,2013,2013,-31.82,2,-8.68,1,74.17
11,서울특별시,11200,서울특별시 성동구,2013,2013,-28.58,3,-1.16,1,73.41
11,서울특별시,11215,서울특별시 광진구,2013,2013,-4.26,3,1.06,1,64.67
11,서울특별시,11230,서울특별시 동대문구,2013,2013,-34.49,2,-6.35,2,75.28
11,서울특별시,11260,서울특별시 중랑구,2013,2013,-10.1,3,1.18,0,71.81
11,서울특별시,11290,서울특별시 성북구,2013,2013,-22.28,3,-0.32,1,70.57
11,서울특별시,11305,서울특별시 강북구,2013,2013,-16.83,3,-4.04,1,70.73
11,서울특별시,11320,서울특별시 도봉구,2013,2013,-5.45,5,1.2,1,63.68
11,서울특별시,11350,서울특별시 노원구,2013,2013,-3.16,3,-0.85,2,60.31
11,서울특별시,11380,서울특별시 은평구,2013,2013,-7.15,0,-0.68,0,68.2
11,서울특별시,11410,서울특별시 서대문구,2013,2013,-25.2,3,-16.75,2,72.66
11,서울특별시,11440,서울특별시 마포구,2013,2013,-16.38,3,6.18,0,62.31
11,서울특별시,11470,서울특별시 양천구,2013,2013,-4.29,2,2.03,1,66.77
11,서울특별시,11500,서울특별시 강서구,2013,2013,1.47,2,0.78,1,53.47
11,서울특별시,11530,서울특별시 구로구,2013,2013,-3.19,1,5.22,0,64.4
11,서울특별시,11545,서울특별시 금천구,2013,2013,-23.5,3,6.56,0,73.62
11,서울특별시,11560,서울특별시 영등포구,2013,2013,-15.71,3,0.91,0,75.28
11,서울특별시,11590,서울특별시 동작구,2013,2013,-5.95,1,-1.05,1,66.83
11,서울특별시,11620,서울특별시 관악구,2013,2013,-9.3,3,-3.61,1,63.3
11,서울특별시,11650,서울특별시 서초구,2013,2013,-0.61,1,10.76,1,56.32
11,서울특별시,11680,서울특별시 강남구,2013,2013,-1.32,3,7.79,0,49.35
11,서울특별시,11710,서울특별시 송파구,2013,2013,1.59,3,2.72,0,56.12
11,서울특별시,11740,서울특별시 강동구,2013,2013,-12.49,2,3.93,0,68.65
26,부산광역시,26110,부산광역시 중구,2013,2013,-51.08,3,-8.62,1,68.03
26,부산광역시,26140,부산광역시 서구,2013,2013,-50.42,3,-9.72,3,83.16
26,부산광역시,26170,부산광역시 동구,2013,2013,-56.81,3,-3.02,1,81.03
26,부산광역시,26200,부산광역시 영도구,2013,2013,-34.47,5,-8.08,1,77.9
26,부산광역시,26230,부산광역시 부산진구,2013,2013,-26.5,3,-11.71,1,80.01
26,부산광역시,26260,부산광역시 동래구,2013,2013,-20.26,2,-7.97,1,80.19
26,부산광역시,26290,부산광역시 남구,2013,2013,-13.36,2,-0.72,1,78.36
26,부산광역시,26320,부산광역시 북구,2013,2013,-8.26,3,0.71,0,69.83
26,부산광역시,26350,부산광역시 해운대구,2013,2013,3.42,1,5.41,0,66.71
26,부산광역시,26380,부산광역시 사하구,2013,2013,-9.96,5,0.74,1,79.24
26,부산광역시,26410,부산광역시 금정구,2013,2013,-22.43,1,-7.59,1,72.33
26,부산광역시,26440,부산광역시 강서구,2013,2013,-31.43,0,13.63,0,44.83
26,부산광역시,26470,부산광역시 연제구,2013,2013,-22.77,2,1.13,0,80.14
26,부산광역시,26500,부산광역시 수영구,2013,2013,-18.71,3,-0.14,0,77.74
26,부산광역시,26530,부산광역시 사상구,2013,2013,-14.74,3,-0.74,1,71.29
26,부산광역시,26710,부산광역시 기장군,2013,2013,28.42,0,9.32,0,41.4
27,대구광역시,27110,대구광역시 중구,2013,2013,-66.7,2,-19.76,1,78.75
27,대구광역시,27140,대구광역시 동구,2013,2013,-11.11,0,3.64,1,70.15
27,대구광역시,27170,대구광역시 서구,2013,2013,-47.94,5,-12.02,2,72
27,대구광역시,27200,대구광역시 남구,2013,2013,-39.14,5,-9.29,2,75.12
27,대구광역시,27230,대구광역시 북구,2013,2013,-1.52,5,3.45,0,53.77
27,대구광역시,27260,대구광역시 수성구,2013,2013,-0.81,2,1.52,0,65.24
27,대구광역시,27290,대구광역시 달서구,2013,2013,2,1,4.6,0,53.36
27,대구광역시,27710,대구광역시 달성군,2013,2013,12.25,1,5.87,0,50.23
28,인천광역시,28110,인천광역시 중구,2013,2013,-6.44,0,2.7,0,44.36
28,인천광역시,28140,인천광역시 동구,2013,2013,-56.55,3,-7.88,1,65.18
28,인천광역시,28170,인천광역시 미추홀구,2013,2013,-3.18,3,-4.14,1,69.96
28,인천광역시,28185,인천광역시 연수구,2013,2013,5.23,0,8.68,0,25.38
28,인천광역시,28200,인천광역시 남동구,2013,2013,15.91,0,3.67,0,51.71
28,인천광역시,28237,인천광역시 부평구,2013,2013,-0.12,3,1.33,0,68.08
28,인천광역시,28245,인천광역시 계양구,2013,2013,2.99,2,0.7,0,50.22
28,인천광역시,28260,인천광역시 서구,2013,2013,5.79,0,7.92,0,41.65
28,인천광역시,28710,인천광역시 강화군,2013,2013,-37.65,3,1.97,0,42.51
28,인천광역시,28720,인천광역시 옹진군,2013,2013,-33.19,0,5.31,0,42.5
29,광주광역시,29110,광주광역시 동구,2013,2013,-53.04,2,-10.67,1,71.34
29,광주광역시,29140,광주광역시 서구,2013,2013,-2.75,2,3.41,1,49.86
29,광주광역시,29155,광주광역시 남구,2013,2013,-23.55,2,-2.85,0,72.39
29,광주광역시,29170,광주광역시 북구,2013,2013,0.43,4,2.78,1,59.98
29,광주광역시,29200,광주광역시 광산구,2013,2013,20.26,0,7.39,0,44.28
30,대전광역시,30110,대전광역시 동구,2013,2013,-17.54,1,-9.45,0,75.01
30,대전광역시,30140,대전광역시 중구,2013,2013,-17.68,2,-11,0,75.58
30,대전광역시,30170,대전광역시 서구,2013,2013,-1.66,2,4.1,0,58.47
30,대전광역시,30200,대전광역시 유성구,2013,2013,31.82,0,7.54,0,30.01
30,대전광역시,30230,대전광역시 대덕구,2013,2013,-12.32,3,0.13,1,58.28
31,울산광역시,31110,울산광역시 중구,2013,2013,-5.75,1,-3.19,0,64.94
31,울산광역시,31140,울산광역시 남구,2013,2013,-0.8,1,1.6,0,52.43
31,울산광역시,31170,울산광역시 동구,2013,2013,-13.37,2,-1.26,1,53.66
31,울산광역시,31200,울산광역시 북구,2013,2013,19.88,0,4.53,0,34.44
31,울산광역시,31710,울산광역시 울주군,2013,2013,14.32,0,6.02,0,31.07
36,세종특별자치시,36110,세종특별자치시 세종시,2013,2013,,,6.45,1,47.48
41,경기도,41110,경기도 수원시,2013,2013,2.66,0,4.65,0,57.3
41,경기도,41130,경기도 성남시,2013,2013,1.6,2,5.17,1,60.62
41,경기도,41150,경기도 의정부시,2013,2013,4.65,2,2.27,0,65.48
41,경기도,41170,경기도 안양시,2013,2013,-1.68,3,2.38,1,69.15
41,경기도,41190,경기도 부천시,2013,2013,1.7,3,3,1,64.26
41,경기도,41210,경기도 광명시,2013,2013,-6.24,1,5.92,0,63.2
41,경기도,41220,경기도 평택시,2013,2013,2.66,0,-0.54,1,30.87
41,경기도,41250,경기도 동두천시,2013,2013,14.39,0,0.51,1,56.03
41,경기도,41270,경기도 안산시,2013,2013,6.92,2,3.09,0,30.04
41,경기도,41280,경기도 고양시,2013,2013,4.41,1,4.33,0,15.82
41,경기도,41290,경기도 과천시,2013,2013,-7.81,3,2.65,1,50
41,경기도,41310,경기도 구리시,2013,2013,-0.99,3,5.14,0,56.62
41,경기도,41360,경기도 남양주시,2013,2013,24.36,0,5.76,0,25.49
41,경기도,41370,경기도 오산시,2013,2013,38.75,0,3.16,0,40.26
41,경기도,41390,경기도 시흥시,2013,2013,4.48,3,6.88,0,18.54
41,경기도,41410,경기도 군포시,2013,2013,2.98,3,4.28,0,53.8
41,경기도,41430,경기도 의왕시,2013,2013,0.36,0,5.28,0,48.82
41,경기도,41450,경기도 하남시,2013,2013,13.48,3,2.5,0,33.64
41,경기도,41460,경기도 용인시,2013,2013,24.22,0,5.2,0,22.07
41,경기도,41480,경기도 파주시,2013,2013,35.46,0,5.47,0,11.17
41,경기도,41500,경기도 이천시,2013,2013,3.51,0,4.14,1,27.12
41,경기도,41550,경기도 안성시,2013,2013,12.93,0,4.02,0,34.49
41,경기도,41570,경기도 김포시,2013,2013,14.6,0,4.93,0,12.68
41,경기도,41590,경기도 화성시,2013,2013,69.29,0,8.64,0,22.98
41,경기도,41610,경기도 광주시,2013,2013,10.88,0,6.13,0,19.76
41,경기도,41630,경기도 양주시,2013,2013,23.62,2,4.57,0,29.91
41,경기도,41650,경기도 포천시,2013,2013,-0.84,5,3.71,0,29
41,경기도,41730,경기도 여주시,2013,2013,2.32,1,-0.06,1,16.67
41,경기도,41800,경기도 연천군,2013,2013,-39.04,3,-5.75,2,45.41
41,경기도,41820,경기도 가평군,2013,2013,-17.95,0,1.86,0,29.83
41,경기도,41830,경기도 양평군,2013,2013,-11.35,0,0.73,0,31.45
42,강원도,42110,강원도 춘천시,2013,2013,5.88,0,4.03,0,41.1
42,강원도,42130,강원도 원주시,2013,2013,9.53,0,5.46,1,41.18
42,강원도,42150,강원도 강릉시,2013,2013,-4.61,1,3.91,0,52.83
42,강원도,42170,강원도 동해시,2013,2013,-13.17,2,0.05,2,52.65
42,강원도,42190,강원도 태백시,2013,2013,-54.77,3,-3.66,1,64.38
42,강원도,42210,강원도 속초시,2013,2013,-8.18,3,-2.06,2,57.88
42,강원도,42230,강원도 삼척시,2013,2013,-51.69,0,2.24,0,44.86
42,강원도,42720,강원도 홍천군,2013,2013,-37.74,1,3.97,1,40.83
42,강원도,42730,강원도 횡성군,2013,2013,-47.12,0,2.59,0,17.42
42,강원도,42750,강원도 영월군,2013,2013,-63.3,3,2.12,0,40.91
42,강원도,42760,강원도 평창군,2013,2013,-52.32,3,3.12,1,36.94
42,강원도,42770,강원도 정선군,2013,2013,-73.12,2,-3.23,1,34.75
42,강원도,42780,강원도 철원군,2013,2013,-32.78,3,1.67,1,37.9
42,강원도,42790,강원도 화천군,2013,2013,-42.61,0,-8.13,1,37.73
42,강원도,42800,강원도 양구군,2013,2013,-42.52,0,-5.47,1,38.02
42,강원도,42810,강원도 인제군,2013,2013,-39.78,1,-1.44,2,21.43
42,강원도,42820,강원도 고성군,2013,2013,-45.65,2,-9.1,3,53
42,강원도,42830,강원도 양양군,2013,2013,-39.66,2,3.09,1,31.2
43,충청북도,43110,충청북도 청주시,2013,2013,3.75,0,4.11,0,58.68
43,충청북도,43130,충청북도 충주시,2013,2013,-6.75,1,-0.22,1,54.04
43,충청북도,43150,충청북도 제천시,2013,2013,-16.84,2,3.73,0,53.77
43,충청북도,43710,충청북도 청원군,2013,2013,-8.68,1,8.22,0,41.65
43,충청북도,43720,충청북도 보은군,2013,2013,-62.3,3,-17.47,2,59.52
43,충청북도,43730,충청북도 옥천군,2013,2013,-45.52,5,0.49,0,59.16
43,충청북도,43740,충청북도 영동군,2013,2013,-51.37,1,-9.39,2,27.28
43,충청북도,43745,충청북도 증평군,2013,2013,-21.87,0,4.03,0,53.84
43,충청북도,43750,충청북도 진천군,2013,2013,-3.45,0,6.09,0,46.14
43,충청북도,43760,충청북도 괴산군,2013,2013,-63.27,0,3.81,0,48.87
43,충청북도,43770,충청북도 음성군,2013,2013,-12.72,0,7.69,1,41.78
43,충청북도,43800,충청북도 단양군,2013,2013,-61.37,5,4.54,0,63.51
44,충청남도,44130,충청남도 천안시,2013,2013,10.1,0,5.55,1,44.58
44,충청남도,44150,충청남도 공주시,2013,2013,-27.02,3,1.34,2,50.08
44,충청남도,44180,충청남도 보령시,2013,2013,-35.36,3,3.92,2,34.13
44,충청남도,44200,충청남도 아산시,2013,2013,33.71,0,6.81,0,41.22
44,충청남도,44210,충청남도 서산시,2013,2013,4.13,0,6.21,0,47.79
44,충청남도,44230,충청남도 논산시,2013,2013,-39.39,2,1.35,1,58.09
44,충청남도,44250,충청남도 계룡시,2013,2013,31.01,3,4.76,0,39.84
44,충청남도,44710,충청남도 금산군,2013,2013,-49.08,3,-0.31,1,65.39
44,충청남도,44760,충청남도 부여군,2013,2013,-56.05,5,-17.85,0,64.03
44,충청남도,44770,충청남도 서천군,2013,2013,-58.37,3,-3.25,1,48.48
44,충청남도,44790,충청남도 청양군,2013,2013,-59.07,4,-8.58,1,62.48
44,충청남도,44800,충청남도 홍성군,2013,2013,-37.36,1,0.54,0,30.44
44,충청남도,44810,충청남도 예산군,2013,2013,-47.31,5,1.8,1,54.21
44,충청남도,44825,충청남도 태안군,2013,2013,-45.38,3,5.87,0,39.03
44,충청남도,44830,충청남도 당진시,2013,2013,-9.16,0,7.81,0,27.1
45,전라북도,45110,전라북도 전주시,2013,2013,4.24,0,5.51,0,57.72
45,전라북도,45130,전라북도 군산시,2013,2013,-9.23,1,3.75,0,53.52
45,전라북도,45140,전라북도 익산시,2013,2013,-8.44,1,-3.16,0,61.45
45,전라북도,45180,전라북도 정읍시,2013,2013,-50.06,3,-4.71,0,47.62
45,전라북도,45190,전라북도 남원시,2013,2013,-49.21,3,-9.4,2,57.21
45,전라북도,45210,전라북도 김제시,2013,2013,-56.88,5,-0.41,1,53.52
45,전라북도,45710,전라북도 완주군,2013,2013,-36.71,1,9.48,0,43.93
45,전라북도,45720,전라북도 진안군,2013,2013,-73.95,2,-17.51,2,50.17
45,전라북도,45730,전라북도 무주군,2013,2013,-61.48,2,2.81,0,52.67
45,전라북도,45740,전라북도 장수군,2013,2013,-66.41,4,-20.48,1,56.55
45,전라북도,45750,전라북도 임실군,2013,2013,-71.82,2,-10.16,1,44.51
45,전라북도,45770,전라북도 순창군,2013,2013,-65.72,1,-10.31,0,58.95
45,전라북도,45790,전라북도 고창군,2013,2013,-63.21,1,2.76,0,19.92
45,전라북도,45800,전라북도 부안군,2013,2013,-61.21,4,-1.75,1,58.58
46,전라남도,46110,전라남도 목포시,2013,2013,-0.21,1,1.06,0,70.94
46,전라남도,46130,전라남도 여수시,2013,2013,-14.08,5,-2.73,0,63.35
46,전라남도,46150,전라남도 순천시,2013,2013,-4.75,1,4.87,0,55.52
46,전라남도,46170,전라남도 나주시,2013,2013,-57.7,5,-9.51,2,61.76
46,전라남도,46230,전라남도 광양시,2013,2013,-8.3,0,3.5,0,50.02
46,전라남도,46710,전라남도 담양군,2013,2013,-54.99,2,-12.13,1,45.59
46,전라남도,46720,전라남도 곡성군,2013,2013,-63.69,4,-14.48,0,56.53
46,전라남도,46730,전라남도 구례군,2013,2013,-61.32,2,-20.13,3,59.95
46,전라남도,46770,전라남도 고흥군,2013,2013,-66.92,5,-17.05,1,61.94
46,전라남도,46780,전라남도 보성군,2013,2013,-68.5,5,-10.01,2,65.72
46,전라남도,46790,전라남도 화순군,2013,2013,-42.07,5,1.42,0,57.76
46,전라남도,46800,전라남도 장흥군,2013,2013,-68.34,1,-8.34,2,61.5
46,전라남도,46810,전라남도 강진군,2013,2013,-62.75,3,-16.21,1,63.74
46,전라남도,46820,전라남도 해남군,2013,2013,-60.85,4,-6.16,1,64.17
46,전라남도,46830,전라남도 영암군,2013,2013,-41.27,2,-0.57,1,53.33
46,전라남도,46840,전라남도 무안군,2013,2013,-40.64,0,5.47,0,58.17
46,전라남도,46860,전라남도 함평군,2013,2013,-67.83,5,-10.89,2,37.36
46,전라남도,46870,전라남도 영광군,2013,2013,-59.31,1,-5.47,1,44.2
46,전라남도,46880,전라남도 장성군,2013,2013,-59.41,1,-2.4,1,55.78
46,전라남도,46890,전라남도 완도군,2013,2013,-63.1,5,-12.77,1,64.62
46,전라남도,46900,전라남도 진도군,2013,2013,-65.76,5,-14.7,2,74.53
46,전라남도,46910,전라남도 신안군,2013,2013,-74.64,2,-8.64,0,73.43
47,경상북도,47110,경상북도 포항시,2013,2013,-0.84,0,3.95,0,46.48
47,경상북도,47130,경상북도 경주시,2013,2013,-11.44,5,3.21,1,53.14
47,경상북도,47150,경상북도 김천시,2013,2013,-28.13,2,1.72,1,53.21
47,경상북도,47170,경상북도 안동시,2013,2013,-30.04,0,1.15,1,65.57
47,경상북도,47190,경상북도 구미시,2013,2013,4.9,0,5.65,0,41.43
47,경상북도,47210,경상북도 영주시,2013,2013,-33.36,2,3.62,0,64.18
47,경상북도,47230,경상북도 영천시,2013,2013,-39.66,2,1.81,0,55.86
47,경상북도,47250,경상북도 상주시,2013,2013,-48.83,4,-8.57,1,58.79
47,경상북도,47280,경상북도 문경시,2013,2013,-53.12,3,-2.09,0,60.85
47,경상북도,47290,경상북도 경산시,2013,2013,9.8,1,3.76,0,45.46
47,경상북도,47720,경상북도 군위군,2013,2013,-62.6,4,-6.28,1,58.88
47,경상북도,47730,경상북도 의성군,2013,2013,-64.91,5,-25.55,3,66.95
47,경상북도,47750,경상북도 청송군,2013,2013,-62.79,5,-13.14,1,53.01
47,경상북도,47760,경상북도 영양군,2013,2013,-68.63,4,-16.57,1,57.03
47,경상북도,47770,경상북도 영덕군,2013,2013,-60.06,5,-3.91,1,56.33
47,경상북도,47820,경상북도 청도군,2013,2013,-55.31,3,-1.69,1,57.51
47,경상북도,47830,경상북도 고령군,2013,2013,-35.01,2,5.84,0,64.53
47,경상북도,47840,경상북도 성주군,2013,2013,-52.35,2,2.98,1,53.04
47,경상북도,47850,경상북도 칠곡군,2013,2013,4.8,1,5.04,0,41.58
47,경상북도,47900,경상북도 예천군,2013,2013,-64.22,5,-10.18,2,62.8
47,경상북도,47920,경상북도 봉화군,2013,2013,-67.96,3,-10.72,1,64.68
47,경상북도,47930,경상북도 울진군,2013,2013,-48.07,4,-1.48,1,66.89
47,경상북도,47940,경상북도 울릉군,2013,2013,-59.05,2,-1.25,1,69.47
48,경상남도,48110,경상남도 창원시,2013,2013,-2.02,2,4.86,0,56.01
48,경상남도,48170,경상남도 진주시,2013,2013,-0.56,1,1.93,0,61.73
48,경상남도,48220,경상남도 통영시,2013,2013,-11.3,2,2.21,0,64.27
48,경상남도,48240,경상남도 사천시,2013,2013,-20.7,1,3.69,1,56.53
48,경상남도,48250,경상남도 김해시,2013,2013,14.53,0,4.8,0,35.5
48,경상남도,48270,경상남도 밀양시,2013,2013,-38.64,3,1.36,0,54.07
48,경상남도,48310,경상남도 거제시,2013,2013,17.71,0,3.56,0,50.09
48,경상남도,48330,경상남도 양산시,2013,2013,16.28,0,5.98,0,37.97
48,경상남도,48720,경상남도 의령군,2013,2013,-60.11,3,-14.67,1,27.85
48,경상남도,48730,경상남도 함안군,2013,2013,-24.34,1,7.95,0,16.76
48,경상남도,48740,경상남도 창녕군,2013,2013,-52.36,1,-3.84,0,60.03
48,경상남도,48820,경상남도 고성군,2013,2013,-44.35,2,0.33,0,63.9
48,경상남도,48840,경상남도 남해군,2013,2013,-57.41,2,-0.38,1,59.3
48,경상남도,48850,경상남도 하동군,2013,2013,-57.12,2,-14.28,2,57.6
48,경상남도,48860,경상남도 산청군,2013,2013,-56.24,1,-9.96,2,61.54
48,경상남도,48870,경상남도 함양군,2013,2013,-54.09,3,5.16,0,54.78
48,경상남도,48880,경상남도 거창군,2013,2013,-44,2,-0.23,2,60.84
48,경상남도,48890,경상남도 합천군,2013,2013,-62.28,4,-11.43,1,65.28
49,제주특별자치도,49110,제주특별자치도 제주시,2013,2013,2.37,0,4.91,1,49.2
49,제주특별자치도,49130,제주특별자치도 서귀포시,2013,2013,-24.5,1,5.39,1,54.03
