시군구코드,연도,시군구명,대졸인구비율,대졸인구비율등급,여성종사자비율,여성종사자비율등급,20세미만인구성장률,20세미만인구성장률등급,투표율,투표율등급,재정자립도,재정자립도등급,경제활동인구대비종사자수,경제활동인구대비종사자수등급,1인당지역내총생산,1인당지역내총생산등급,특허출원건수,특허출원건수등급,1인당주민세,1인당주민세등급,1인당공원면적,1인당공원면적등급,도로밀도,도로밀도등급,1만인당공무원수,1만인당공무원수등급,건축허가면적증감률,건축허가면적증감률등급,주민등록인구전출입률,주민등록인구전출입률등급,폐기물재활용률,폐기물재활용률등급,1만인당사회복지시설수,1만인당사회복지시설수등급,1만인당문화체육시설수,1만인당문화체육시설수등급,1만인당축제건수,1만인당축제건수등급,비영리단체수,비영리단체수등급
11110,2024,서울특별시 종로구,,,,,,,,,42.04,10,,,,,,,,,,,,,,,,,-0.472039093,5,,,,,,,,,443,10
11140,2024,서울특별시 중구,,,,,,,,,53.63,10,,,,,,,,,,,,,,,,,-0.365011946,5,,,,,,,,,180,9
11170,2024,서울특별시 용산구,,,,,,,,,39.39,9,,,,,,,,,,,,,,,,,-4.36783188,4,,,,,,,,,124,7
11200,2024,서울특별시 성동구,,,,,,,,,30.16,8,,,,,,,,,,,,,,,,,-1.400231667,4,,,,,,,,,60,5
11215,2024,서울특별시 광진구,,,,,,,,,23.21,6,,,,,,,,,,,,,,,,,-0.981434678,4,,,,,,,,,63,6
11230,2024,서울특별시 동대문구,,,,,,,,,21.56,6,,,,,,,,,,,,,,,,,-0.521646715,5,,,,,,,,,83,6
11260,2024,서울특별시 중랑구,,,,,,,,,15.43,5,,,,,,,,,,,,,,,,,-0.559753635,5,,,,,,,,,37,5
11290,2024,서울특별시 성북구,,,,,,,,,18.65,5,,,,,,,,,,,,,,,,,-0.764778442,5,,,,,,,,,70,6
11305,2024,서울특별시 강북구,,,,,,,,,15.35,5,,,,,,,,,,,,,,,,,-1.05819173,4,,,,,,,,,53,5
11320,2024,서울특별시 도봉구,,,,,,,,,17.27,5,,,,,,,,,,,,,,,,,-0.854472542,4,,,,,,,,,41,5
11350,2024,서울특별시 노원구,,,,,,,,,16.59,5,,,,,,,,,,,,,,,,,-1.216699542,4,,,,,,,,,46,5
11380,2024,서울특별시 은평구,,,,,,,,,15.96,5,,,,,,,,,,,,,,,,,-1.003430104,4,,,,,,,,,92,6
11410,2024,서울특별시 서대문구,,,,,,,,,20.29,6,,,,,,,,,,,,,,,,,-0.945012927,4,,,,,,,,,106,7
11440,2024,서울특별시 마포구,,,,,,,,,27.98,7,,,,,,,,,,,,,,,,,-0.592667196,5,,,,,,,,,268,10
11470,2024,서울특별시 양천구,,,,,,,,,21.59,6,,,,,,,,,,,,,,,,,-1.024651025,4,,,,,,,,,65,6
11500,2024,서울특별시 강서구,,,,,,,,,19.43,6,,,,,,,,,,,,,,,,,-1.195855232,4,,,,,,,,,83,6
11530,2024,서울특별시 구로구,,,,,,,,,19.94,6,,,,,,,,,,,,,,,,,-1.131465934,4,,,,,,,,,78,6
11545,2024,서울특별시 금천구,,,,,,,,,22.02,6,,,,,,,,,,,,,,,,,-0.872716614,4,,,,,,,,,47,5
11560,2024,서울특별시 영등포구,,,,,,,,,35.17,8,,,,,,,,,,,,,,,,,-0.36546246,5,,,,,,,,,263,10
11590,2024,서울특별시 동작구,,,,,,,,,28.41,7,,,,,,,,,,,,,,,,,-0.749070647,5,,,,,,,,,73,6
11620,2024,서울특별시 관악구,,,,,,,,,17.72,5,,,,,,,,,,,,,,,,,-0.655487932,5,,,,,,,,,89,6
11650,2024,서울특별시 서초구,,,,,,,,,53.16,10,,,,,,,,,,,,,,,,,0.091337395,6,,,,,,,,,210,10
11680,2024,서울특별시 강남구,,,,,,,,,56.08,10,,,,,,,,,,,,,,,,,2.133149127,9,,,,,,,,,174,9
11710,2024,서울특별시 송파구,,,,,,,,,31.9,8,,,,,,,,,,,,,,,,,-0.692805833,5,,,,,,,,,133,8
11740,2024,서울특별시 강동구,,,,,,,,,21.95,6,,,,,,,,,,,,,,,,,3.708207707,10,,,,,,,,,69,6
26110,2024,부산광역시 중구,,,,,,,,,22.05,6,,,,,,,,,,,,,,,,,-1.88613901,4,,,,,,,,,40,5
26140,2024,부산광역시 서구,,,,,,,,,12.43,3,,,,,,,,,,,,,,,,,-0.07462108,6,,,,,,,,,19,3
26170,2024,부산광역시 동구,,,,,,,,,16.56,5,,,,,,,,,,,,,,,,,-1.439862183,4,,,,,,,,,107,7
26200,2024,부산광역시 영도구,,,,,,,,,9.25,3,,,,,,,,,,,,,,,,,-1.692742223,4,,,,,,,,,14,3
26230,2024,부산광역시 부산진구,,,,,,,,,19.04,5,,,,,,,,,,,,,,,,,0.285848681,6,,,,,,,,,144,8
26260,2024,부산광역시 동래구,,,,,,,,,19.2,6,,,,,,,,,,,,,,,,,1.520209935,8,,,,,,,,,73,6
26290,2024,부산광역시 남구,,,,,,,,,18.43,5,,,,,,,,,,,,,,,,,0.523776218,6,,,,,,,,,51,5
26320,2024,부산광역시 북구,,,,,,,,,10.69,3,,,,,,,,,,,,,,,,,-1.866323984,4,,,,,,,,,44,5
26350,2024,부산광역시 해운대구,,,,,,,,,26.22,7,,,,,,,,,,,,,,,,,-0.709078543,5,,,,,,,,,59,5
26380,2024,부산광역시 사하구,,,,,,,,,17.68,5,,,,,,,,,,,,,,,,,-1.32927167,4,,,,,,,,,37,5
26410,2024,부산광역시 금정구,,,,,,,,,15.93,5,,,,,,,,,,,,,,,,,-2.063048987,4,,,,,,,,,60,5
26440,2024,부산광역시 강서구,,,,,,,,,41.59,10,,,,,,,,,,,,,,,,,0.077737081,6,,,,,,,,,19,3
26470,2024,부산광역시 연제구,,,,,,,,,17.19,5,,,,,,,,,,,,,,,,,3.440911806,10,,,,,,,,,73,6
26500,2024,부산광역시 수영구,,,,,,,,,17.58,5,,,,,,,,,,,,,,,,,-1.134261683,4,,,,,,,,,43,5
26530,2024,부산광역시 사상구,,,,,,,,,17.97,5,,,,,,,,,,,,,,,,,-1.673421099,4,,,,,,,,,45,5
26710,2024,부산광역시 기장군,,,,,,,,,27.76,7,,,,,,,,,,,,,,,,,-1.524831175,4,,,,,,,,,16,3
27110,2024,대구광역시 중구,,,,,,,,,25.33,7,,,,,,,,,,,,,,,,,8.713450891,10,,,,,,,,,86,6
27140,2024,대구광역시 동구,,,,,,,,,15.97,5,,,,,,,,,,,,,,,,,0.166501626,6,,,,,,,,,40,5
27170,2024,대구광역시 서구,,,,,,,,,13.13,3,,,,,,,,,,,,,,,,,0.06436387,6,,,,,,,,,25,5
27200,2024,대구광역시 남구,,,,,,,,,11.08,3,,,,,,,,,,,,,,,,,-1.387023623,4,,,,,,,,,58,5
27230,2024,대구광역시 북구,,,,,,,,,16.71,5,,,,,,,,,,,,,,,,,-1.365826493,4,,,,,,,,,40,5
27260,2024,대구광역시 수성구,,,,,,,,,24.12,6,,,,,,,,,,,,,,,,,0.731104577,7,,,,,,,,,58,5
27290,2024,대구광역시 달서구,,,,,,,,,18.29,5,,,,,,,,,,,,,,,,,-0.862608976,4,,,,,,,,,54,5
27710,2024,대구광역시 달성군,,,,,,,,,29.99,7,,,,,,,,,,,,,,,,,-1.82079354,4,,,,,,,,,20,3
27720,2024,대구광역시 군위군,,,,,,,,,8.66,3,,,,,,,,,,,,,,,,,-0.747896541,5,,,,,,,,,5,3
28110,2024,인천광역시 중구,,,,,,,,,38.05,9,,,,,,,,,,,,,,,,,4.704002681,10,,,,,,,,,65,6
28140,2024,인천광역시 동구,,,,,,,,,13.1,3,,,,,,,,,,,,,,,,,-1.451214492,4,,,,,,,,,16,3
28177,2024,인천광역시 미추홀구,,,,,,,,,14.34,5,,,,,,,,,,,,,,,,,1.75975201,8,,,,,,,,,88,6
28185,2024,인천광역시 연수구,,,,,,,,,29.84,7,,,,,,,,,,,,,,,,,1.788047865,8,,,,,,,,,212,10
28200,2024,인천광역시 남동구,,,,,,,,,17.22,5,,,,,,,,,,,,,,,,,-1.031209831,4,,,,,,,,,102,7
28237,2024,인천광역시 부평구,,,,,,,,,16.36,5,,,,,,,,,,,,,,,,,-0.141119221,5,,,,,,,,,51,5
28245,2024,인천광역시 계양구,,,,,,,,,15.39,5,,,,,,,,,,,,,,,,,0.27834577,6,,,,,,,,,82,6
28260,2024,인천광역시 서구,,,,,,,,,28.36,7,,,,,,,,,,,,,,,,,1.30081506,7,,,,,,,,,138,8
28710,2024,인천광역시 강화군,,,,,,,,,11.92,3,,,,,,,,,,,,,,,,,1.602259301,8,,,,,,,,,34,5
28720,2024,인천광역시 옹진군,,,,,,,,,9.64,3,,,,,,,,,,,,,,,,,-1.065213043,4,,,,,,,,,1,3
29110,2024,광주광역시 동구,,,,,,,,,16.3,5,,,,,,,,,,,,,,,,,-0.566838978,5,,,,,,,,,168,8
29140,2024,광주광역시 서구,,,,,,,,,18.59,5,,,,,,,,,,,,,,,,,-1.499731231,4,,,,,,,,,135,8
29155,2024,광주광역시 남구,,,,,,,,,14.7,5,,,,,,,,,,,,,,,,,-0.606463485,5,,,,,,,,,117,7
29170,2024,광주광역시 북구,,,,,,,,,13.3,3,,,,,,,,,,,,,,,,,0.759975564,7,,,,,,,,,201,9
29200,2024,광주광역시 광산구,,,,,,,,,18.81,5,,,,,,,,,,,,,,,,,-1.312016261,4,,,,,,,,,87,6
30110,2024,대전광역시 동구,,,,,,,,,10.24,3,,,,,,,,,,,,,,,,,0.772951724,7,,,,,,,,,72,6
30140,2024,대전광역시 중구,,,,,,,,,12.6,3,,,,,,,,,,,,,,,,,1.241289199,7,,,,,,,,,198,9
30170,2024,대전광역시 서구,,,,,,,,,15.86,5,,,,,,,,,,,,,,,,,-1.424606563,4,,,,,,,,,176,9
30200,2024,대전광역시 유성구,,,,,,,,,25.82,7,,,,,,,,,,,,,,,,,0.408695746,6,,,,,,,,,102,7
30230,2024,대전광역시 대덕구,,,,,,,,,14.16,5,,,,,,,,,,,,,,,,,-0.690179946,5,,,,,,,,,52,5
31110,2024,울산광역시 중구,,,,,,,,,14.05,5,,,,,,,,,,,,,,,,,-0.593719807,5,,,,,,,,,84,6
31140,2024,울산광역시 남구,,,,,,,,,26.35,7,,,,,,,,,,,,,,,,,-0.690424258,5,,,,,,,,,168,8
31170,2024,울산광역시 동구,,,,,,,,,15.68,5,,,,,,,,,,,,,,,,,-0.890370999,4,,,,,,,,,34,5
31200,2024,울산광역시 북구,,,,,,,,,23.92,6,,,,,,,,,,,,,,,,,-0.168112247,5,,,,,,,,,35,5
31710,2024,울산광역시 울주군,,,,,,,,,32.53,8,,,,,,,,,,,,,,,,,0.085463836,6,,,,,,,,,41,5
36110,2024,세종특별자치시,,,,,,,,,57.55,10,,,,,,,,,,,,,,,,,0.718737602,7,,,,,,,,,370,10
41110,2024,경기도 수원시,,,,,,,,,39.84,9,,,,,,,,,,,,,,,,,-0.434952075,5,,,,,,,,,191,9
41130,2024,경기도 성남시,,,,,,,,,57.21,10,,,,,,,,,,,,,,,,,-0.725841695,5,,,,,,,,,103,7
41150,2024,경기도 의정부시,,,,,,,,,23.23,6,,,,,,,,,,,,,,,,,-0.433801388,5,,,,,,,,,104,7
41170,2024,경기도 안양시,,,,,,,,,35.1,8,,,,,,,,,,,,,,,,,1.986910863,8,,,,,,,,,123,7
41190,2024,경기도 부천시,,,,,,,,,28.47,7,,,,,,,,,,,,,,,,,-1.214285158,4,,,,,,,,,39,5
41210,2024,경기도 광명시,,,,,,,,,34.75,8,,,,,,,,,,,,,,,,,-0.718992548,5,,,,,,,,,82,6
41220,2024,경기도 평택시,,,,,,,,,43.55,10,,,,,,,,,,,,,,,,,1.069072902,7,,,,,,,,,22,3
41250,2024,경기도 동두천시,,,,,,,,,14.05,5,,,,,,,,,,,,,,,,,-1.316244041,4,,,,,,,,,145,8
41270,2024,경기도 안산시,,,,,,,,,34.61,8,,,,,,,,,,,,,,,,,-1.36952749,4,,,,,,,,,223,10
41280,2024,경기도 고양시,,,,,,,,,33.68,8,,,,,,,,,,,,,,,,,-0.378462229,5,,,,,,,,,25,5
41290,2024,경기도 과천시,,,,,,,,,41.71,10,,,,,,,,,,,,,,,,,4.875339134,10,,,,,,,,,34,5
41310,2024,경기도 구리시,,,,,,,,,31.51,8,,,,,,,,,,,,,,,,,0.054044798,6,,,,,,,,,101,7
41360,2024,경기도 남양주시,,,,,,,,,28.98,7,,,,,,,,,,,,,,,,,0.184168348,6,,,,,,,,,40,5
41370,2024,경기도 오산시,,,,,,,,,31.4,8,,,,,,,,,,,,,,,,,5.009398302,10,,,,,,,,,60,5
41390,2024,경기도 시흥시,,,,,,,,,38.5,9,,,,,,,,,,,,,,,,,-0.496012599,5,,,,,,,,,60,5
41410,2024,경기도 군포시,,,,,,,,,29.65,7,,,,,,,,,,,,,,,,,-2.018512802,4,,,,,,,,,27,5
41430,2024,경기도 의왕시,,,,,,,,,35.51,9,,,,,,,,,,,,,,,,,-2.923851691,4,,,,,,,,,56,5
41450,2024,경기도 하남시,,,,,,,,,47.75,10,,,,,,,,,,,,,,,,,-0.415653865,5,,,,,,,,,98,7
41460,2024,경기도 용인시,,,,,,,,,49.73,10,,,,,,,,,,,,,,,,,0.963196128,7,,,,,,,,,78,6
41480,2024,경기도 파주시,,,,,,,,,29.71,7,,,,,,,,,,,,,,,,,2.767216629,9,,,,,,,,,41,5
41500,2024,경기도 이천시,,,,,,,,,34.56,8,,,,,,,,,,,,,,,,,0.282319516,6,,,,,,,,,32,5
41550,2024,경기도 안성시,,,,,,,,,29.91,7,,,,,,,,,,,,,,,,,2.728552351,9,,,,,,,,,48,5
41570,2024,경기도 김포시,,,,,,,,,33.78,8,,,,,,,,,,,,,,,,,0.075382097,6,,,,,,,,,94,6
41590,2024,경기도 화성시,,,,,,,,,50.19,10,,,,,,,,,,,,,,,,,2.132385652,9,,,,,,,,,48,5
41610,2024,경기도 광주시,,,,,,,,,36.1,9,,,,,,,,,,,,,,,,,1.557827492,8,,,,,,,,,39,5
41630,2024,경기도 양주시,,,,,,,,,26.2,7,,,,,,,,,,,,,,,,,7.335167212,10,,,,,,,,,40,5
41650,2024,경기도 포천시,,,,,,,,,22.77,6,,,,,,,,,,,,,,,,,-0.70901932,5,,,,,,,,,39,5
41670,2024,경기도 여주시,,,,,,,,,20.95,6,,,,,,,,,,,,,,,,,0.713724806,7,,,,,,,,,19,3
41800,2024,경기도 연천군,,,,,,,,,15.26,5,,,,,,,,,,,,,,,,,-0.834434493,4,,,,,,,,,21,3
41820,2024,경기도 가평군,,,,,,,,,18.29,5,,,,,,,,,,,,,,,,,1.090728805,7,,,,,,,,,35,5
41830,2024,경기도 양평군,,,,,,,,,17.46,5,,,,,,,,,,,,,,,,,1.887164443,8,,,,,,,,,113,7
43110,2024,충청북도 청주시,,,,,,,,,18.91,5,,,,,,,,,,,,,,,,,0.170588215,6,,,,,,,,,74,6
43130,2024,충청북도 충주시,,,,,,,,,18.03,5,,,,,,,,,,,,,,,,,0.37303542,6,,,,,,,,,59,5
43150,2024,충청북도 제천시,,,,,,,,,16.7,5,,,,,,,,,,,,,,,,,-0.24599121,5,,,,,,,,,31,5
43720,2024,충청북도 보은군,,,,,,,,,17.77,5,,,,,,,,,,,,,,,,,-0.558882236,5,,,,,,,,,12,3
43730,2024,충청북도 옥천군,,,,,,,,,13.97,5,,,,,,,,,,,,,,,,,-1.173028258,4,,,,,,,,,27,5
43740,2024,충청북도 영동군,,,,,,,,,18.35,5,,,,,,,,,,,,,,,,,-0.890860341,4,,,,,,,,,16,3
43745,2024,충청북도 증평군,,,,,,,,,13.56,3,,,,,,,,,,,,,,,,,-0.639831538,5,,,,,,,,,15,3
43750,2024,충청북도 진천군,,,,,,,,,12.08,3,,,,,,,,,,,,,,,,,-0.080938891,6,,,,,,,,,5,3
43760,2024,충청북도 괴산군,,,,,,,,,11.87,3,,,,,,,,,,,,,,,,,0.442410705,6,,,,,,,,,6,3
43770,2024,충청북도 음성군,,,,,,,,,13.48,3,,,,,,,,,,,,,,,,,-0.484736254,5,,,,,,,,,4,3
43800,2024,충청북도 단양군,,,,,,,,,11.74,3,,,,,,,,,,,,,,,,,0.230220814,6,,,,,,,,,6,3
44130,2024,충청남도 천안시,,,,,,,,,15.42,5,,,,,,,,,,,,,,,,,-0.987617485,4,,,,,,,,,7,3
44150,2024,충청남도 공주시,,,,,,,,,12.1,3,,,,,,,,,,,,,,,,,-1.795194706,4,,,,,,,,,5,3
44180,2024,충청남도 보령시,,,,,,,,,7.56,3,,,,,,,,,,,,,,,,,-0.100340284,5,,,,,,,,,3,3
44200,2024,충청남도 아산시,,,,,,,,,8.54,3,,,,,,,,,,,,,,,,,-1.663352893,4,,,,,,,,,5,3
44210,2024,충청남도 서산시,,,,,,,,,8.84,3,,,,,,,,,,,,,,,,,-1.309655938,4,,,,,,,,,11,3
44230,2024,충청남도 논산시,,,,,,,,,10.15,3,,,,,,,,,,,,,,,,,-0.314826475,5,,,,,,,,,7,3
44250,2024,충청남도 계룡시,,,,,,,,,10.06,3,,,,,,,,,,,,,,,,,0.192804394,6,,,,,,,,,38,5
44270,2024,충청남도 당진시,,,,,,,,,27.56,7,,,,,,,,,,,,,,,,,0.304258329,6,,,,,,,,,22,3
44710,2024,충청남도 금산군,,,,,,,,,17.72,5,,,,,,,,,,,,,,,,,0.232096931,6,,,,,,,,,251,10
44760,2024,충청남도 부여군,,,,,,,,,14.49,5,,,,,,,,,,,,,,,,,-0.62690073,5,,,,,,,,,24,3
44770,2024,충청남도 서천군,,,,,,,,,10.32,3,,,,,,,,,,,,,,,,,-0.068791562,6,,,,,,,,,13,3
44790,2024,충청남도 청양군,,,,,,,,,11.26,3,,,,,,,,,,,,,,,,,-0.284208779,5,,,,,,,,,13,3
44800,2024,충청남도 홍성군,,,,,,,,,9.66,3,,,,,,,,,,,,,,,,,-0.105623292,5,,,,,,,,,12,3
44810,2024,충청남도 예산군,,,,,,,,,16.17,5,,,,,,,,,,,,,,,,,-0.478867935,5,,,,,,,,,9,3
44825,2024,충청남도 태안군,,,,,,,,,27.88,7,,,,,,,,,,,,,,,,,0.504986306,6,,,,,,,,,20,3
46110,2024,전라남도 목포시,,,,,,,,,9.17,3,,,,,,,,,,,,,,,,,0.388944058,6,,,,,,,,,13,3
46130,2024,전라남도 여수시,,,,,,,,,23.93,6,,,,,,,,,,,,,,,,,0.826428164,7,,,,,,,,,19,3
46150,2024,전라남도 순천시,,,,,,,,,13.5,3,,,,,,,,,,,,,,,,,0.073120796,6,,,,,,,,,151,8
46170,2024,전라남도 나주시,,,,,,,,,33.41,8,,,,,,,,,,,,,,,,,0.572493636,6,,,,,,,,,32,5
46230,2024,전라남도 광양시,,,,,,,,,12.15,3,,,,,,,,,,,,,,,,,0.176729032,6,,,,,,,,,25,5
46710,2024,전라남도 담양군,,,,,,,,,13.73,5,,,,,,,,,,,,,,,,,-1.186820218,4,,,,,,,,,50,5
46720,2024,전라남도 곡성군,,,,,,,,,31.57,8,,,,,,,,,,,,,,,,,2.502718203,9,,,,,,,,,30,5
46730,2024,전라남도 구례군,,,,,,,,,20.69,6,,,,,,,,,,,,,,,,,-0.63229098,5,,,,,,,,,31,5
46770,2024,전라남도 고흥군,,,,,,,,,10.94,3,,,,,,,,,,,,,,,,,-0.797943407,5,,,,,,,,,6,3
46780,2024,전라남도 보성군,,,,,,,,,16.27,5,,,,,,,,,,,,,,,,,-0.300816502,5,,,,,,,,,36,5
46790,2024,전라남도 화순군,,,,,,,,,21.33,6,,,,,,,,,,,,,,,,,1.292378919,7,,,,,,,,,26,5
46800,2024,전라남도 장흥군,,,,,,,,,10.97,3,,,,,,,,,,,,,,,,,0.302327925,6,,,,,,,,,14,3
46810,2024,전라남도 강진군,,,,,,,,,9.98,3,,,,,,,,,,,,,,,,,-0.953820319,4,,,,,,,,,20,3
46820,2024,전라남도 해남군,,,,,,,,,8.93,3,,,,,,,,,,,,,,,,,-0.346444278,5,,,,,,,,,6,3
46830,2024,전라남도 영암군,,,,,,,,,9.26,3,,,,,,,,,,,,,,,,,-0.118012004,5,,,,,,,,,30,5
46840,2024,전라남도 무안군,,,,,,,,,12.77,3,,,,,,,,,,,,,,,,,2.259118127,9,,,,,,,,,22,3
46860,2024,전라남도 함평군,,,,,,,,,12.41,3,,,,,,,,,,,,,,,,,1.544965216,8,,,,,,,,,16,3
46870,2024,전라남도 영광군,,,,,,,,,14.22,5,,,,,,,,,,,,,,,,,-0.026607686,6,,,,,,,,,460,10
46880,2024,전라남도 장성군,,,,,,,,,21.73,6,,,,,,,,,,,,,,,,,-0.903797839,4,,,,,,,,,89,6
46890,2024,전라남도 완도군,,,,,,,,,16.11,5,,,,,,,,,,,,,,,,,-0.22011494,5,,,,,,,,,156,8
46900,2024,전라남도 진도군,,,,,,,,,14.73,5,,,,,,,,,,,,,,,,,-0.208208178,5,,,,,,,,,52,5
46910,2024,전라남도 신안군,,,,,,,,,9.69,3,,,,,,,,,,,,,,,,,-0.412231829,5,,,,,,,,,48,5
47110,2024,경상북도 포항시,,,,,,,,,8.68,3,,,,,,,,,,,,,,,,,-0.535381443,5,,,,,,,,,29,5
47130,2024,경상북도 경주시,,,,,,,,,10.02,3,,,,,,,,,,,,,,,,,0.078129844,6,,,,,,,,,44,5
47150,2024,경상북도 김천시,,,,,,,,,17.67,5,,,,,,,,,,,,,,,,,1.839261072,8,,,,,,,,,37,5
47170,2024,경상북도 안동시,,,,,,,,,6.69,3,,,,,,,,,,,,,,,,,-0.074500228,6,,,,,,,,,20,3
47190,2024,경상북도 구미시,,,,,,,,,8.14,3,,,,,,,,,,,,,,,,,0.238798194,6,,,,,,,,,22,3
47210,2024,경상북도 영주시,,,,,,,,,7.97,3,,,,,,,,,,,,,,,,,-0.382325897,5,,,,,,,,,24,3
47230,2024,경상북도 영천시,,,,,,,,,8.07,3,,,,,,,,,,,,,,,,,-0.164210032,5,,,,,,,,,15,3
47250,2024,경상북도 상주시,,,,,,,,,8.14,3,,,,,,,,,,,,,,,,,1.330996943,7,,,,,,,,,27,5
47280,2024,경상북도 문경시,,,,,,,,,9.39,3,,,,,,,,,,,,,,,,,-0.139264839,5,,,,,,,,,26,5
47290,2024,경상북도 경산시,,,,,,,,,8.23,3,,,,,,,,,,,,,,,,,-0.944534598,4,,,,,,,,,135,8
47730,2024,경상북도 의성군,,,,,,,,,16.37,5,,,,,,,,,,,,,,,,,-1.587974653,4,,,,,,,,,79,6
47750,2024,경상북도 청송군,,,,,,,,,25.87,7,,,,,,,,,,,,,,,,,-1.04474714,4,,,,,,,,,78,6
47760,2024,경상북도 영양군,,,,,,,,,19.61,6,,,,,,,,,,,,,,,,,-0.495423933,5,,,,,,,,,46,5
47770,2024,경상북도 영덕군,,,,,,,,,16.79,5,,,,,,,,,,,,,,,,,-0.264028666,5,,,,,,,,,36,5
47820,2024,경상북도 청도군,,,,,,,,,22.93,6,,,,,,,,,,,,,,,,,1.370465182,8,,,,,,,,,39,5
47830,2024,경상북도 고령군,,,,,,,,,11.97,3,,,,,,,,,,,,,,,,,-0.703672994,5,,,,,,,,,13,3
47840,2024,경상북도 성주군,,,,,,,,,9.26,3,,,,,,,,,,,,,,,,,0.161861025,6,,,,,,,,,10,3
47850,2024,경상북도 칠곡군,,,,,,,,,7.83,3,,,,,,,,,,,,,,,,,0.224765869,6,,,,,,,,,4,3
47900,2024,경상북도 예천군,,,,,,,,,7.1,3,,,,,,,,,,,,,,,,,0.10466855,6,,,,,,,,,15,3
47920,2024,경상북도 봉화군,,,,,,,,,7.61,3,,,,,,,,,,,,,,,,,-0.237548927,5,,,,,,,,,11,3
47930,2024,경상북도 울진군,,,,,,,,,15.63,5,,,,,,,,,,,,,,,,,-0.046101918,6,,,,,,,,,24,3
47940,2024,경상북도 울릉군,,,,,,,,,8.04,3,,,,,,,,,,,,,,,,,-0.391860904,5,,,,,,,,,17,3
48120,2024,경상남도 창원시,,,,,,,,,7.83,3,,,,,,,,,,,,,,,,,-0.288918575,5,,,,,,,,,14,3
48170,2024,경상남도 진주시,,,,,,,,,7.81,3,,,,,,,,,,,,,,,,,-1.004435995,4,,,,,,,,,12,3
48220,2024,경상남도 통영시,,,,,,,,,12.15,3,,,,,,,,,,,,,,,,,-0.900935962,4,,,,,,,,,18,3
48240,2024,경상남도 사천시,,,,,,,,,14.08,5,,,,,,,,,,,,,,,,,2.928134474,10,,,,,,,,,23,3
48250,2024,경상남도 김해시,,,,,,,,,7.16,3,,,,,,,,,,,,,,,,,-0.349883372,5,,,,,,,,,9,3
48270,2024,경상남도 밀양시,,,,,,,,,11.72,3,,,,,,,,,,,,,,,,,1.347460555,7,,,,,,,,,22,3
48310,2024,경상남도 거제시,,,,,,,,,10.79,3,,,,,,,,,,,,,,,,,-0.285537524,5,,,,,,,,,12,3
48330,2024,경상남도 양산시,,,,,,,,,7.24,3,,,,,,,,,,,,,,,,,-1.019044071,4,,,,,,,,,12,3
48720,2024,경상남도 의령군,,,,,,,,,9.3,3,,,,,,,,,,,,,,,,,-0.361682702,5,,,,,,,,,10,3
48730,2024,경상남도 함안군,,,,,,,,,7.87,3,,,,,,,,,,,,,,,,,1.76040657,8,,,,,,,,,4,3
48740,2024,경상남도 창녕군,,,,,,,,,23.24,6,,,,,,,,,,,,,,,,,0.037633676,6,,,,,,,,,128,7
48820,2024,경상남도 고성군,,,,,,,,,19,5,,,,,,,,,,,,,,,,,-0.520490748,5,,,,,,,,,73,6
48840,2024,경상남도 남해군,,,,,,,,,11.76,3,,,,,,,,,,,,,,,,,-0.918447204,4,,,,,,,,,29,5
48850,2024,경상남도 하동군,,,,,,,,,10.69,3,,,,,,,,,,,,,,,,,0.936281903,7,,,,,,,,,74,6
48860,2024,경상남도 산청군,,,,,,,,,27.17,7,,,,,,,,,,,,,,,,,-0.181809199,5,,,,,,,,,87,6
48870,2024,경상남도 함양군,,,,,,,,,10.42,3,,,,,,,,,,,,,,,,,-0.478405988,5,,,,,,,,,25,5
48880,2024,경상남도 거창군,,,,,,,,,12.74,3,,,,,,,,,,,,,,,,,-1.218629958,4,,,,,,,,,20,3
48890,2024,경상남도 합천군,,,,,,,,,8.24,3,,,,,,,,,,,,,,,,,-0.96352749,4,,,,,,,,,25,5
50110,2024,제주특별자치도 제주시,,,,,,,,,12.57,3,,,,,,,,,,,,,,,,,-1.109178227,4,,,,,,,,,19,3
50130,2024,제주특별자치도 서귀포시,,,,,,,,,20.59,6,,,,,,,,,,,,,,,,,0.323576003,6,,,,,,,,,39,5
51110,2024,강원특별자치도 춘천시,,,,,,,,,9.35,3,,,,,,,,,,,,,,,,,-1.043335387,4,,,,,,,,,9,3
51130,2024,강원특별자치도 원주시,,,,,,,,,7.45,3,,,,,,,,,,,,,,,,,0.025299376,6,,,,,,,,,7,3
51150,2024,강원특별자치도 강릉시,,,,,,,,,6.82,3,,,,,,,,,,,,,,,,,-0.358820459,5,,,,,,,,,5,3
51170,2024,강원특별자치도 동해시,,,,,,,,,7.81,3,,,,,,,,,,,,,,,,,-0.915386932,4,,,,,,,,,6,3
51190,2024,강원특별자치도 태백시,,,,,,,,,9.6,3,,,,,,,,,,,,,,,,,-0.30309004,5,,,,,,,,,15,3
51210,2024,강원특별자치도 속초시,,,,,,,,,10.76,3,,,,,,,,,,,,,,,,,0.941387799,7,,,,,,,,,11,3
51230,2024,강원특별자치도 삼척시,,,,,,,,,11.41,3,,,,,,,,,,,,,,,,,-0.294316318,5,,,,,,,,,7,3
51720,2024,강원특별자치도 홍천군,,,,,,,,,19.54,6,,,,,,,,,,,,,,,,,-2.4119274,4,,,,,,,,,22,3
51730,2024,강원특별자치도 횡성군,,,,,,,,,9.16,3,,,,,,,,,,,,,,,,,-0.461462396,5,,,,,,,,,11,3
51750,2024,강원특별자치도 영월군,,,,,,,,,6.85,3,,,,,,,,,,,,,,,,,-0.971008462,4,,,,,,,,,4,3
51760,2024,강원특별자치도 평창군,,,,,,,,,11.7,3,,,,,,,,,,,,,,,,,-0.190790044,5,,,,,,,,,17,3
51770,2024,강원특별자치도 정선군,,,,,,,,,10.23,3,,,,,,,,,,,,,,,,,1.131992527,7,,,,,,,,,8,3
51780,2024,강원특별자치도 철원군,,,,,,,,,30.6,8,,,,,,,,,,,,,,,,,-0.680396616,5,,,,,,,,,103,7
51790,2024,강원특별자치도 화천군,,,,,,,,,19.7,6,,,,,,,,,,,,,,,,,-0.400253848,5,,,,,,,,,21,3
51800,2024,강원특별자치도 양구군,,,,,,,,,12.54,3,,,,,,,,,,,,,,,,,-1.100598408,4,,,,,,,,,27,5
51810,2024,강원특별자치도 인제군,,,,,,,,,14.85,5,,,,,,,,,,,,,,,,,0.207365627,6,,,,,,,,,62,6
51820,2024,강원특별자치도 고성군,,,,,,,,,27.97,7,,,,,,,,,,,,,,,,,-0.267268035,5,,,,,,,,,25,5
51830,2024,강원특별자치도 양양군,,,,,,,,,13.02,3,,,,,,,,,,,,,,,,,-0.224449057,5,,,,,,,,,28,5
52110,2024,전북특별자치도 전주시,,,,,,,,,16.86,5,,,,,,,,,,,,,,,,,-0.266555638,5,,,,,,,,,50,5
52130,2024,전북특별자치도 군산시,,,,,,,,,25.09,7,,,,,,,,,,,,,,,,,1.329787974,7,,,,,,,,,348,10
52140,2024,전북특별자치도 익산시,,,,,,,,,8.04,3,,,,,,,,,,,,,,,,,0.286282306,6,,,,,,,,,7,3
52180,2024,전북특별자치도 정읍시,,,,,,,,,14.57,5,,,,,,,,,,,,,,,,,-1.164134462,4,,,,,,,,,17,3
52190,2024,전북특별자치도 남원시,,,,,,,,,13.44,3,,,,,,,,,,,,,,,,,-0.449317999,5,,,,,,,,,16,3
52210,2024,전북특별자치도 김제시,,,,,,,,,10.3,3,,,,,,,,,,,,,,,,,-1.628996979,4,,,,,,,,,16,3
52710,2024,전북특별자치도 완주군,,,,,,,,,9.25,3,,,,,,,,,,,,,,,,,-0.675336413,5,,,,,,,,,9,3
52720,2024,전북특별자치도 진안군,,,,,,,,,8.94,3,,,,,,,,,,,,,,,,,-0.478351527,5,,,,,,,,,15,3
52730,2024,전북특별자치도 무주군,,,,,,,,,9.31,3,,,,,,,,,,,,,,,,,0.195435822,6,,,,,,,,,14,3
52740,2024,전북특별자치도 장수군,,,,,,,,,10.18,3,,,,,,,,,,,,,,,,,-0.669784949,5,,,,,,,,,14,3
52750,2024,전북특별자치도 임실군,,,,,,,,,7.94,3,,,,,,,,,,,,,,,,,0.147680741,6,,,,,,,,,17,3
52770,2024,전북특별자치도 순창군,,,,,,,,,8.1,3,,,,,,,,,,,,,,,,,-0.357986327,5,,,,,,,,,9,3
52790,2024,전북특별자치도 고창군,,,,,,,,,33.99,8,,,,,,,,,,,,,,,,,-0.536297886,5,,,,,,,,,302,10
52800,2024,전북특별자치도 부안군,,,,,,,,,33.99,8,,,,,,,,,,,,,,,,,-0.407647511,5,,,,,,,,,65,6
11110,2023,서울특별시 종로구,,,47.33553891,7,-1.174624557,5,,,46.74,10,2.230739143,10,,,2439,7,422.3606447,10,13.84990264,5,,,,,,,-1.049369876,4,,,,,,,,,453,10
11140,2023,서울특별시 중구,,,45.75755164,6,2.309613535,8,,,55.83,10,4.178630397,10,,,1813,6,730.1035264,10,13.06982903,5,,,,,,,1.010617251,7,,,,,,,,,179,9
11170,2023,서울특별시 용산구,,,47.67964759,7,-1.422863125,4,,,41.67,9,0.887968327,7,,,1183,6,118.5863824,8,2.84891907,3,,,,,,,-2.454128763,2,,,,,,,,,130,7
11200,2023,서울특별시 성동구,,,43.3089909,6,-1.555940193,4,,,34.54,8,0.862803662,7,,,1940,7,71.97484145,6,5.42641453,3,,,,,,,-1.328593422,4,,,,,,,,,59,5
11215,2023,서울특별시 광진구,,,46.26399244,6,0.029713312,6,,,26.1,7,0.403730689,5,,,968,6,22.61905684,5,2.729624866,3,,,,,,,-0.461326642,5,,,,,,,,,63,6
11230,2023,서울특별시 동대문구,,,50.80339948,8,1.245698324,7,,,23.81,6,0.4351174,5,,,613,5,26.14402504,5,5.580465522,3,,,,,,,1.574092259,7,,,,,,,,,78,6
11260,2023,서울특별시 중랑구,,,53.19442317,8,-0.864659431,5,,,21.57,6,0.273468626,4,,,278,5,12.07879525,3,7.176110314,3,,,,,,,-0.613887035,5,,,,,,,,,40,5
11290,2023,서울특별시 성북구,,,54.19228209,9,-0.914219208,5,,,20.72,6,0.295696522,4,,,2259,7,14.79482709,3,7.902508833,5,,,,,,,-0.956762421,4,,,,,,,,,68,6
11305,2023,서울특별시 강북구,,,57.43353336,10,-1.643567655,4,,,17.18,5,0.26367604,4,,,143,5,11.4725507,3,4.724899389,3,,,,,,,-1.405698459,4,,,,,,,,,55,5
11320,2023,서울특별시 도봉구,,,53.27393246,8,-1.471116253,4,,,20.01,6,0.249582728,4,,,177,5,9.952043994,3,4.493907891,3,,,,,,,-1.204438537,4,,,,,,,,,46,5
11350,2023,서울특별시 노원구,,,56.8280743,9,-0.79584627,5,,,16.49,5,0.255470384,4,,,955,6,12.9922483,3,3.265325917,3,,,,,,,-0.921493417,4,,,,,,,,,48,5
11380,2023,서울특별시 은평구,,,57.98804122,10,-0.379915688,6,,,18.05,5,0.210239386,4,,,371,5,12.35248409,3,8.977773108,5,,,,,,,0.272296849,6,,,,,,,,,96,6
11410,2023,서울특별시 서대문구,,,54.34924339,9,0.598045235,7,,,25.2,6,0.396481824,4,,,1551,6,34.07137749,5,4.002903169,3,,,,,,,0.145315138,6,,,,,,,,,112,7
11440,2023,서울특별시 마포구,,,45.9275703,6,-0.18391147,6,,,32.97,8,0.933728005,7,,,1498,6,86.79104309,7,8.81533927,5,,,,,,,-0.211989651,5,,,,,,,,,273,10
11470,2023,서울특별시 양천구,,,51.64242166,8,-1.145023688,5,,,25.3,6,0.308452487,4,,,453,5,16.87663178,5,4.951780844,3,,,,,,,-0.99741301,4,,,,,,,,,66,6
11500,2023,서울특별시 강서구,,,44.79423634,6,-1.190558808,5,,,21.12,6,0.650070112,6,,,2409,7,71.92764156,6,4.658013563,3,,,,,,,-1.047494219,4,,,,,,,,,86,6
11530,2023,서울특별시 구로구,,,44.48441124,6,-0.208686065,6,,,22.09,6,0.730530921,6,,,1323,6,50.88454785,6,2.619794297,3,,,,,,,-0.722467858,4,,,,,,,,,77,6
11545,2023,서울특별시 금천구,,,38.98205798,3,-0.77983944,5,,,23.63,6,1.396235183,10,,,1995,7,102.6765356,7,1.839593402,3,,,,,,,-0.791714473,4,,,,,,,,,50,5
11560,2023,서울특별시 영등포구,,,42.50052208,5,-0.38186224,6,,,37.43,8,1.426897055,10,,,12492,10,232.7721815,10,1.82542869,3,,,,,,,-0.275084446,5,,,,,,,,,262,10
11590,2023,서울특별시 동작구,,,52.09776172,8,-0.920094112,5,,,27.42,7,0.296705506,4,,,1035,6,20.526466,5,12.14184993,5,,,,,,,-0.410540461,5,,,,,,,,,77,6
11620,2023,서울특별시 관악구,,,50.22247149,8,-0.883946875,5,,,19.87,5,0.22251465,4,,,1506,6,12.30294259,3,5.015521296,3,,,,,,,-0.768742375,4,,,,,,,,,96,6
11650,2023,서울특별시 서초구,,,41.67210373,5,0.706759803,7,,,57.29,10,1.654688456,10,,,6145,10,180.2991557,10,4.804646817,3,,,,,,,0.779808862,6,,,,,,,,,211,10
11680,2023,서울특별시 강남구,,,45.00776371,6,2.316797955,8,,,60.37,10,2.019117623,10,,,7094,10,274.9323365,10,7.503711247,3,,,,,,,2.860299556,9,,,,,,,,,171,9
11710,2023,서울특별시 송파구,,,39.22725793,3,-0.74266718,5,,,37.44,8,0.781418874,7,,,2829,8,75.02185072,6,3.315136045,3,,,,,,,-0.751796945,4,,,,,,,,,136,8
11740,2023,서울특별시 강동구,,,49.62189597,7,-0.501767152,5,,,25.56,6,0.378522824,4,,,550,5,34.32884985,5,4.039116582,3,,,,,,,-0.169872835,5,,,,,,,,,67,6
26110,2023,부산광역시 중구,,,39.70828664,3,-2.921348315,4,,,23.67,6,2.246863134,10,,,78,5,129.4899143,8,0.105284163,3,,,,,,,-1.83847329,3,,,,,,,,,40,5
26140,2023,부산광역시 서구,,,54.5388589,9,-1.299411845,4,,,13.62,4,0.534696791,5,,,70,5,50.43542545,6,0.307936728,3,,,,,,,-0.237296929,5,,,,,,,,,19,4
26170,2023,부산광역시 동구,,,49.06544369,7,1.484746411,8,,,17.27,5,1.116437978,8,,,119,5,74.91583516,6,0.097138687,3,,,,,,,2.200656096,8,,,,,,,,,106,7
26200,2023,부산광역시 영도구,,,41.3766085,5,-0.994590173,5,,,10.72,4,0.498722496,5,,,389,5,30.45552239,5,0.369873817,3,,,,,,,-0.539662875,5,,,,,,,,,14,4
26230,2023,부산광역시 부산진구,,,53.28798873,8,1.419899315,7,,,21.33,6,0.540952709,5,,,604,5,33.04544266,5,0.24159931,3,,,,,,,1.340999366,7,,,,,,,,,147,8
26260,2023,부산광역시 동래구,,,53.75721709,9,-0.876315789,5,,,22.28,6,0.39512707,4,,,177,5,19.53203109,5,0.324000925,3,,,,,,,-0.591916991,5,,,,,,,,,74,6
26290,2023,부산광역시 남구,,,45.35525225,6,-0.220390725,6,,,19.59,5,0.372259221,4,,,687,5,30.40472491,5,0.342799513,3,,,,,,,-0.392627417,5,,,,,,,,,50,5
26320,2023,부산광역시 북구,,,60.31541219,10,-1.716379626,4,,,11.09,4,0.227872914,4,,,232,5,13.76821299,3,0.417961643,3,,,,,,,-1.631602801,3,,,,,,,,,44,5
26350,2023,부산광역시 해운대구,,,50.74574778,8,-1.660400666,4,,,29.55,7,0.484005759,5,,,734,5,32.92391601,5,0.508756216,3,,,,,,,-1.344993271,4,,,,,,,,,61,6
26380,2023,부산광역시 사하구,,,45.70968014,6,-1.618466437,4,,,16.43,5,0.420272197,5,,,555,5,31.27531049,5,0.307921292,3,,,,,,,-0.957590043,4,,,,,,,,,39,5
26410,2023,부산광역시 금정구,,,43.82278182,6,-2.649870656,4,,,17.07,5,0.464765516,5,,,641,5,26.17554154,5,0.515109643,3,,,,,,,-2.031170277,3,,,,,,,,,60,5
26440,2023,부산광역시 강서구,,,28.90105283,1,-0.670907031,5,,,42.73,9,1.377915595,10,,,841,5,141.6244487,8,2.037346491,3,,,,,,,-0.844827102,4,,,,,,,,,19,4
26470,2023,부산광역시 연제구,,,52.17455731,8,-0.697854613,5,,,18.75,5,0.509767041,5,,,135,5,27.46629181,5,0.242226332,3,,,,,,,1.458938795,7,,,,,,,,,76,6
26500,2023,부산광역시 수영구,,,48.72911048,7,0.073098112,6,,,20.01,6,0.420064402,5,,,130,5,22.18749928,5,0.366553833,3,,,,,,,0.211439508,6,,,,,,,,,45,5
26530,2023,부산광역시 사상구,,,40.59713962,5,0.04325109,6,,,19.15,5,0.650005716,6,,,522,5,38.84885577,5,0.486056311,3,,,,,,,0.069974179,6,,,,,,,,,44,5
26710,2023,부산광역시 기장군,,,41.42358476,5,0.393877159,6,,,26.57,7,0.574675551,5,,,432,5,40.20250211,5,1.497861589,3,,,,,,,0.251777831,6,,,,,,,,,16,4
27110,2023,대구광역시 중구,,,58.24737737,10,10.61437227,10,,,28.63,7,1.155462256,9,,,134,5,71.16407303,6,0.647359555,3,,,,,,,10.0354801,10,,,,,,,,,88,6
27140,2023,대구광역시 동구,,,46.08152531,6,0.766229052,7,,,17.32,5,0.409669383,5,,,606,5,30.02568456,5,6.917829685,3,,,,,,,1.293708232,7,,,,,,,,,40,5
27170,2023,대구광역시 서구,,,44.13029158,6,0.173639717,6,,,13.91,4,0.54966269,5,,,168,5,30.12216006,5,2.947017815,3,,,,,,,3.340280825,10,,,,,,,,,26,5
27200,2023,대구광역시 남구,,,58.14019825,10,-1.024514404,5,,,10.63,4,0.45178161,5,,,131,5,28.87824294,5,23.24191335,7,,,,,,,-1.028831716,4,,,,,,,,,58,5
27230,2023,대구광역시 북구,,,45.96024353,6,-2.300019648,4,,,17.7,5,0.387292076,4,,,1363,6,21.9938707,5,4.368196283,3,,,,,,,-2.470068442,2,,,,,,,,,38,5
27260,2023,대구광역시 수성구,,,49.37188773,7,-1.527547057,4,,,28.6,7,0.388985494,4,,,398,5,19.76651176,5,8.72086758,5,,,,,,,-0.714652212,5,,,,,,,,,59,5
27290,2023,대구광역시 달서구,,,44.37501149,6,-1.203998781,5,,,21.09,6,0.434182491,5,,,993,6,31.52145682,5,4.768785632,3,,,,,,,-1.543253736,3,,,,,,,,,53,5
27710,2023,대구광역시 달성군,,,35.87294165,3,-0.09893461,6,,,29.27,7,0.503303354,5,,,910,6,51.21049358,6,11.5912129,5,,,,,,,-0.504799988,5,,,,,,,,,19,4
27720,2023,대구광역시 군위군,,,41.52982456,5,-0.009432183,6,,,7.39,3,0.659905529,6,,,27,5,23.99521489,5,24.70455617,7,,,,,,,0.147903254,6,,,,,,,,,3,4
28110,2023,인천광역시 중구,,,39.06060343,3,4.194137302,10,,,39.47,9,0.853785369,7,,,134,5,152.6949257,9,0.617443452,3,,,,,,,3.877124775,10,,,,,,,,,65,6
28140,2023,인천광역시 동구,,,32.72463325,2,1.996795267,8,,,12.97,4,0.685881983,6,,,621,5,77.14992771,6,0.946258092,3,,,,,,,1.323089338,7,,,,,,,,,17,4
28177,2023,인천광역시 미추홀구,,,46.03653173,6,-0.507289475,5,,,14.21,5,0.444154755,5,,,554,5,19.13488343,5,2.571352503,3,,,,,,,0.254190323,6,,,,,,,,,140,8
28185,2023,인천광역시 연수구,,,43.56777886,6,1.292023207,7,,,30.95,7,0.685786496,6,,,1817,7,53.1648684,6,3.373728576,3,,,,,,,1.562117753,7,,,,,,,,,89,6
28200,2023,인천광역시 남동구,,,48.2173296,7,-2.56174145,4,,,19.57,5,0.36674624,4,,,1151,6,40.55192673,5,5.612606681,3,,,,,,,-2.554349482,2,,,,,,,,,211,10
28237,2023,인천광역시 부평구,,,51.62565456,8,-0.299357646,6,,,16.92,5,0.200195064,4,,,797,5,30.81374636,5,1.922914433,3,,,,,,,1.147452736,7,,,,,,,,,101,7
28245,2023,인천광역시 계양구,,,40.24185529,5,-3.085711461,4,,,16.62,5,0.919374023,7,,,285,5,20.18294763,5,4.65582639,3,,,,,,,-2.84551105,2,,,,,,,,,49,5
28260,2023,인천광역시 서구,,,50.34721485,8,6.793011402,10,,,31.96,8,0.214229821,4,,,1403,6,37.2294549,5,6.816415326,3,,,,,,,5.511261167,10,,,,,,,,,80,6
28710,2023,인천광역시 강화군,,,45.34345875,6,-0.562452107,5,,,12.35,4,0.404405606,5,,,79,5,19.02485327,5,1.40027434,3,,,,,,,-0.12317948,5,,,,,,,,,35,5
28720,2023,인천광역시 옹진군,,,28.59223301,1,-0.960270142,5,,,8.69,4,0.351866086,4,,,12,5,51.39264857,6,0,3,,,,,,,-0.230652206,5,,,,,,,,,1,4
29110,2023,광주광역시 동구,,,52.57648488,8,0.640319977,7,,,15.55,5,0.699917693,6,,,338,5,52.87248078,6,3.08991304,3,,,,,,,1.628163022,8,,,,,,,,,174,9
29140,2023,광주광역시 서구,,,45.70712731,6,-1.118809792,5,,,17.03,5,0.61791095,6,,,331,5,47.44003507,5,16.2504384,6,,,,,,,-0.937705772,4,,,,,,,,,134,8
29155,2023,광주광역시 남구,,,51.66120262,8,-1.531893285,4,,,13.98,5,0.355867937,4,,,182,5,17.47443786,5,9.878851113,5,,,,,,,-1.014090419,4,,,,,,,,,114,7
29170,2023,광주광역시 북구,,,45.78464107,6,-0.725527168,5,,,13.35,4,0.452011134,5,,,1732,6,26.27841767,5,19.1149746,6,,,,,,,-0.4968187,5,,,,,,,,,203,9
29200,2023,광주광역시 광산구,,,40.16887299,5,-1.355372559,4,,,20.59,6,0.474148314,5,,,881,6,44.59799466,5,11.13922967,5,,,,,,,-0.977463887,4,,,,,,,,,89,6
30110,2023,대전광역시 동구,,,45.93786605,6,-1.048790798,5,,,11.05,4,0.370683119,4,,,308,5,26.05128017,5,5.80891545,3,,,,,,,-0.582645615,5,,,,,,,,,69,6
30140,2023,대전광역시 중구,,,54.8450618,9,-1.830822294,4,,,12.63,4,0.512247485,5,,,241,5,32.10011825,5,3.478534079,3,,,,,,,-1.221915648,4,,,,,,,,,194,9
30170,2023,대전광역시 서구,,,51.84358471,8,-1.312456827,4,,,16.84,5,0.426765555,5,,,643,5,28.64189878,5,7.062153264,3,,,,,,,-1.238178868,4,,,,,,,,,180,9
30200,2023,대전광역시 유성구,,,37.78982066,3,2.616627791,9,,,28.69,7,0.646983767,6,,,9085,10,80.27489267,7,10.12917306,5,,,,,,,2.655072306,9,,,,,,,,,101,7
30230,2023,대전광역시 대덕구,,,35.18965888,3,-1.937640758,4,,,14.42,5,0.658529069,6,,,1317,6,77.21024651,6,5.828378145,3,,,,,,,-1.451254909,4,,,,,,,,,50,5
31110,2023,울산광역시 중구,,,53.50127993,9,-0.568710527,5,,,16.94,5,0.299694562,4,,,226,5,23.08415761,5,15.08887086,6,,,,,,,0.507983975,6,,,,,,,,,83,6
31140,2023,울산광역시 남구,,,40.37971581,5,-0.986874439,5,,,26.54,7,0.608214215,6,,,557,5,73.48184108,6,20.89289,7,,,,,,,-1.044487553,4,,,,,,,,,160,8
31170,2023,울산광역시 동구,,,28.13861797,1,-0.067853544,6,,,19.15,5,0.600970809,6,,,241,5,120.6039583,8,12.96744852,5,,,,,,,0.426825665,6,,,,,,,,,32,5
31200,2023,울산광역시 북구,,,26.82696639,1,-1.089342977,5,,,24.52,6,0.601627275,6,,,219,5,133.5341953,8,14.58196869,6,,,,,,,-1.201513325,4,,,,,,,,,37,5
31710,2023,울산광역시 울주군,,,28.95824238,1,-0.845390918,5,,,32.48,8,0.657497029,6,,,967,6,96.03680416,7,23.03417449,7,,,,,,,-0.965766654,4,,,,,,,,,41,5
36110,2023,세종특별자치시 세종시,,,45.28540983,6,0.815680675,7,,,57.21,10,0.388782103,4,,,979,6,37.63716448,5,58.91175149,10,,,,,,,0.437229157,6,,,,,,,,,39,5
41110,2023,경기도 수원시,,,46.46863427,6,0.664420899,7,,,45.98,10,0.424064359,5,,,16781,10,53.61875855,6,14.97892134,6,,,,,,,0.484106587,6,,,,,,,,,366,10
41130,2023,경기도 성남시,,,42.29669773,5,-0.286053148,6,,,59.59,10,0.727726461,6,,,8048,10,100.6737701,7,14.63752281,6,,,,,,,-0.267247406,5,,,,,,,,,187,9
41150,2023,경기도 의정부시,,,55.40008931,9,0.627675259,7,,,22.6,6,0.293463881,4,,,423,5,17.18370015,5,7.282731333,3,,,,,,,0.317095816,6,,,,,,,,,102,7
41170,2023,경기도 안양시,,,42.33104624,5,-0.7352858,5,,,39.62,9,0.584718497,6,,,2471,7,41.5443708,5,12.87346013,5,,,,,,,-0.732016304,4,,,,,,,,,103,7
41190,2023,경기도 부천시,,,48.95932291,7,-1.191225669,5,,,31.11,7,0.419617926,5,,,1409,6,25.67519308,5,6.678002449,3,,,,,,,-1.178381677,4,,,,,,,,,121,7
41210,2023,경기도 광명시,,,41.92244903,5,-2.81441602,4,,,35.96,8,0.447245913,5,,,584,5,37.524067,5,8.871756374,5,,,,,,,-2.765197343,2,,,,,,,,,40,5
41220,2023,경기도 평택시,,,35.41491797,3,2.39411345,9,,,45.83,10,0.545378504,5,,,2011,7,98.2382534,7,15.24745916,6,,,,,,,2.004324712,8,,,,,,,,,83,6
41250,2023,경기도 동두천시,,,52.10115992,8,-3.515611946,4,,,13.94,5,0.368936125,4,,,52,5,18.10179857,5,19.75571206,6,,,,,,,-2.693340555,2,,,,,,,,,22,4
41270,2023,경기도 안산시,,,39.42347064,3,-1.865253157,4,,,37.18,8,0.545561888,5,,,2028,7,54.11214699,6,15.56070102,6,,,,,,,-1.884450857,3,,,,,,,,,143,8
41280,2023,경기도 고양시,,,48.15277032,7,0.223654372,6,,,32.65,8,0.386274856,4,,,1785,6,23.18853817,5,10.28768758,5,,,,,,,-0.053865125,5,,,,,,,,,213,10
41290,2023,경기도 과천시,,,37.08814015,3,4.673844552,10,,,45.34,10,0.652599525,6,,,408,5,74.63669136,6,99.53079279,10,,,,,,,3.177777778,9,,,,,,,,,25,5
41310,2023,경기도 구리시,,,49.80368338,7,-0.652018676,5,,,28.39,7,0.352965047,4,,,188,5,20.61676813,5,7.478627469,3,,,,,,,-0.749894438,4,,,,,,,,,33,5
41360,2023,경기도 남양주시,,,46.71898255,7,-0.659808753,5,,,30.63,7,0.315655569,4,,,1032,6,15.90484592,3,13.97012204,5,,,,,,,-0.56250128,5,,,,,,,,,96,6
41370,2023,경기도 오산시,,,45.40060869,6,-0.021253044,6,,,33.9,8,0.349268153,4,,,403,5,34.22659978,5,9.640007617,5,,,,,,,-0.153708155,5,,,,,,,,,40,5
41390,2023,경기도 시흥시,,,37.77101885,3,1.074715053,7,,,39.98,9,0.493696252,5,,,1577,6,37.31211914,5,12.54647342,5,,,,,,,1.125424512,7,,,,,,,,,60,5
41410,2023,경기도 군포시,,,43.47474255,6,-1.572266079,4,,,32.7,8,0.489224278,5,,,746,5,35.63112442,5,8.325786971,5,,,,,,,-1.905224918,3,,,,,,,,,58,5
41430,2023,경기도 의왕시,,,38.10119684,3,-1.658150164,4,,,35.69,8,0.451799099,5,,,660,5,50.1177126,6,15.97887632,6,,,,,,,-0.909548688,4,,,,,,,,,28,5
41450,2023,경기도 하남시,,,43.09007627,5,1.670784534,8,,,51.5,10,0.418080135,5,,,855,5,21.2545072,5,15.05237063,6,,,,,,,0.93372663,7,,,,,,,,,55,5
41460,2023,경기도 용인시,,,41.92701889,5,0.099103351,6,,,47.91,10,0.44307781,5,,,8871,10,54.52332632,6,9.913942419,5,,,,,,,0.092416458,6,,,,,,,,,95,6
41480,2023,경기도 파주시,,,38.67983368,3,0.593240513,7,,,30.04,7,0.54520995,5,,,1035,6,52.5621724,6,13.78603007,5,,,,,,,0.616169064,6,,,,,,,,,80,6
41500,2023,경기도 이천시,,,36.50959273,3,-0.345176072,6,,,43.87,10,0.770592469,7,,,1244,6,123.9199137,8,18.80693484,6,,,,,,,-0.154886582,5,,,,,,,,,42,5
41550,2023,경기도 안성시,,,36.1484449,3,-0.243101078,6,,,29.64,7,0.709609874,6,,,683,5,68.55183195,6,5.59461746,3,,,,,,,0.436958431,6,,,,,,,,,30,5
41570,2023,경기도 김포시,,,38.28366121,3,0.291861529,6,,,37.16,8,0.527621013,5,,,1485,6,30.25546926,5,12.23875473,5,,,,,,,0.270480406,6,,,,,,,,,48,5
41590,2023,경기도 화성시,,,30.90078108,2,3.860008528,10,,,61.08,10,0.774500592,7,,,4579,9,109.8409231,7,16.45007947,6,,,,,,,3.182215765,10,,,,,,,,,88,6
41610,2023,경기도 광주시,,,39.1435349,3,-0.0708689,6,,,36.65,8,0.4493384,5,,,962,6,26.56615488,5,7.722392658,5,,,,,,,-0.030405466,5,,,,,,,,,47,5
41630,2023,경기도 양주시,,,41.91794051,5,10.78149879,10,,,26.71,7,0.443979961,5,,,415,5,28.04438748,5,14.22765204,6,,,,,,,9.305813615,10,,,,,,,,,42,5
41650,2023,경기도 포천시,,,36.79210859,3,-5.925606425,4,,,24.63,6,0.888159103,7,,,495,5,45.47032926,5,4.645481274,3,,,,,,,-1.6794234,3,,,,,,,,,41,5
41670,2023,경기도 여주시,,,42.88300903,5,1.09723625,7,,,21.46,6,0.577680464,5,,,154,5,36.58140754,5,11.85844421,5,,,,,,,1.74719435,8,,,,,,,,,38,5
41800,2023,경기도 연천군,,,41.79462572,5,-1.693898966,4,,,15.05,5,0.440424363,5,,,51,5,19.57108503,5,21.71449629,7,,,,,,,-0.334263178,5,,,,,,,,,19,4
41820,2023,경기도 가평군,,,45.84308295,6,0.072063416,6,,,20.51,6,0.577698695,5,,,54,5,25.22074733,5,12.95535286,5,,,,,,,1.15084588,7,,,,,,,,,20,4
41830,2023,경기도 양평군,,,47.8545298,7,1.834334487,8,,,20.54,6,0.326118994,4,,,132,5,15.74967662,3,5.679585634,3,,,,,,,2.873728421,9,,,,,,,,,35,5
43110,2023,충청북도 청주시,,,49.06130268,7,-0.29695878,6,,,30.52,7,0.449418855,5,,,1040,6,25.43291112,5,15.32279722,6,,,,,,,0.332085957,6,,,,,,,,,237,10
43130,2023,충청북도 충주시,,,46.07123596,6,0.62536999,7,,,18.17,5,0.506496437,5,,,952,6,35.2415554,5,17.20772156,6,,,,,,,0.281069218,6,,,,,,,,,38,5
43150,2023,충청북도 제천시,,,46.10837294,6,-1.042602063,5,,,13.92,4,0.489723789,5,,,401,5,29.02683359,5,13.60098386,5,,,,,,,-0.043780819,5,,,,,,,,,22,4
43720,2023,충청북도 보은군,,,44.35862181,6,-0.886938661,5,,,10.4,4,0.450074624,5,,,43,5,33.06747532,5,22.55907357,7,,,,,,,-0.080619155,5,,,,,,,,,24,4
43730,2023,충청북도 옥천군,,,48.31593598,7,-1.965392562,4,,,10.68,4,0.616738197,6,,,28,5,22.09485298,5,72.45809953,10,,,,,,,-0.149311734,5,,,,,,,,,13,4
43740,2023,충청북도 영동군,,,49.33998787,7,-0.872459529,5,,,8.24,4,0.41167886,5,,,49,5,22.47482146,5,7.342783374,3,,,,,,,-0.350718407,5,,,,,,,,,13,4
43745,2023,충청북도 증평군,,,38.11979561,3,-1.414855988,4,,,15.73,5,0.532312497,5,,,57,5,58.73400265,6,11.18665108,5,,,,,,,0.7576566,6,,,,,,,,,16,4
43750,2023,충청북도 진천군,,,42.14649852,5,-0.491639005,5,,,26.43,7,0.490782196,5,,,120,5,25.61559375,5,18.83447147,6,,,,,,,0.45679041,6,,,,,,,,,12,4
43760,2023,충청북도 괴산군,,,41.00950424,5,0.927648045,7,,,9.28,4,0.609710258,6,,,76,5,38.81662676,5,3.420793994,3,,,,,,,0.251434818,6,,,,,,,,,9,4
43770,2023,충청북도 음성군,,,34.32109308,3,-0.556012595,5,,,22.96,6,0.572476167,5,,,35,5,30.73749062,5,35.95450007,9,,,,,,,-0.262110262,5,,,,,,,,,20,4
43800,2023,충청북도 단양군,,,41.33314033,5,-0.203155506,6,,,11.38,4,0.612048726,6,,,52,5,32.84394599,5,26.32687376,7,,,,,,,0.859174759,7,,,,,,,,,12,4
44130,2023,충청남도 천안시,,,40.48897796,5,-1.997571342,4,,,31.16,7,0.651810439,6,,,29,5,75.02953044,6,13.65912893,5,,,,,,,-0.257028259,5,,,,,,,,,150,8
44150,2023,충청남도 공주시,,,43.43543544,6,-1.864377168,4,,,13.24,4,0.339145313,4,,,47,5,14.87603744,3,15.20818922,6,,,,,,,0.450521037,6,,,,,,,,,32,5
44180,2023,충청남도 보령시,,,39.70223325,3,-1.481981982,4,,,14.48,5,0.293112226,4,,,14,5,9.748685183,3,18.09418865,6,,,,,,,-0.544000334,5,,,,,,,,,25,5
44200,2023,충청남도 아산시,,,43.61972547,6,-0.705615316,5,,,34.9,8,0.462750941,5,,,11,5,10.33971315,3,30.54122149,8,,,,,,,3.225601222,10,,,,,,,,,49,5
44210,2023,충청남도 서산시,,,40.14410005,5,1.040148403,7,,,23.51,6,0.37087829,4,,,9,5,15.10224859,3,13.71480559,5,,,,,,,0.068177557,6,,,,,,,,,29,5
44230,2023,충청남도 논산시,,,45.31988654,6,0.798898072,7,,,12.14,4,0.625755982,6,,,53,5,20.37564549,5,19.66626323,6,,,,,,,-1.006130969,4,,,,,,,,,31,5
44250,2023,충청남도 계룡시,,,44.02857143,6,-0.179993873,6,,,18.67,5,0.690244544,6,,,36,5,26.87506315,5,7.926529829,5,,,,,,,4.838536868,10,,,,,,,,,6,4
44270,2023,충청남도 당진시,,,42.02899521,5,1.029556421,7,,,22.72,6,0.492202727,5,,,2317,7,55.77423905,6,15.61671389,6,,,,,,,1.53550751,7,,,,,,,,,36,5
44710,2023,충청남도 금산군,,,40.52827226,5,-0.261930804,6,,,11.2,4,0.582741734,5,,,544,5,42.33068467,5,11.58812636,5,,,,,,,1.311560497,7,,,,,,,,,25,5
44760,2023,충청남도 부여군,,,44.32432432,6,0.474166504,6,,,9.35,4,0.49931331,5,,,165,5,30.74254574,5,5.946543199,3,,,,,,,-0.576614356,5,,,,,,,,,13,4
44770,2023,충청남도 서천군,,,41.69150522,5,-1.710059568,4,,,9.75,4,0.682083863,6,,,22,5,45.87984521,5,12.04225256,5,,,,,,,-0.162879713,5,,,,,,,,,19,4
44790,2023,충청남도 청양군,,,41.27168336,5,-1.021798365,5,,,9.42,4,0.607337612,6,,,63,5,28.85899245,5,11.66268066,5,,,,,,,1.107133386,7,,,,,,,,,6,4
44800,2023,충청남도 홍성군,,,41.69522092,5,0.560848547,7,,,14.12,5,0.457149924,5,,,29,5,24.1248105,5,13.58285301,5,,,,,,,0.143554407,6,,,,,,,,,22,4
44810,2023,충청남도 예산군,,,39.35051642,3,0.640620274,7,,,12.11,4,0.433399202,5,,,39,5,44.4936773,5,10.92036389,5,,,,,,,2.321515175,8,,,,,,,,,22,4
44825,2023,충청남도 태안군,,,31.87110105,2,-0.186069962,6,,,12.08,4,0.883316077,7,,,270,5,115.1044473,8,16.49622957,6,,,,,,,0.054290603,5,,,,,,,,,16,4
46110,2023,전라남도 목포시,,,37.43441763,3,-1.359180647,4,,,18.7,5,0.562241888,5,,,70,5,34.2581853,5,16.92720744,6,,,,,,,-0.863856254,4,,,,,,,,,133,8
46130,2023,전라남도 여수시,,,31.77045742,2,-0.629707231,5,,,26.87,7,1.263537347,9,,,470,5,114.4062051,8,17.00553916,6,,,,,,,-0.686060892,5,,,,,,,,,78,6
46150,2023,전라남도 순천시,,,28.58114014,1,-0.599946502,5,,,19.69,5,0.697156398,6,,,23,5,48.46103029,6,32.21047978,8,,,,,,,-0.016538612,5,,,,,,,,,76,6
46170,2023,전라남도 나주시,,,40.49509221,5,-0.316124481,6,,,15.24,5,0.515461711,5,,,3969,9,54.62243982,6,8.563903765,5,,,,,,,1.159511659,7,,,,,,,,,46,5
46230,2023,전라남도 광양시,,,41.91340895,5,-1.025422332,5,,,22.59,6,0.575109624,5,,,525,5,35.53703087,5,7.543140845,3,,,,,,,0.347163088,6,,,,,,,,,36,5
46710,2023,전라남도 담양군,,,41.41739846,5,-1.047545796,5,,,11.06,4,0.524968036,5,,,135,5,39.18312242,5,6.242216238,3,,,,,,,0.072730478,6,,,,,,,,,13,4
46720,2023,전라남도 곡성군,,,34.10030699,3,2.88267712,9,,,8.67,4,0.687844474,6,,,1427,6,114.8090117,8,11.48182143,5,,,,,,,0.918044973,7,,,,,,,,,10,4
46730,2023,전라남도 구례군,,,33.88514327,3,-0.143492945,6,,,7.72,3,0.583250678,5,,,333,5,87.39449239,7,11.60640454,5,,,,,,,0.028789998,5,,,,,,,,,4,4
46770,2023,전라남도 고흥군,,,44.62524239,6,-2.102373298,4,,,6.76,3,0.539103691,5,,,234,5,29.11990256,5,5.257924062,3,,,,,,,0.31580842,6,,,,,,,,,15,4
46780,2023,전라남도 보성군,,,48.56361149,7,5.624110109,10,,,8.12,4,0.23274325,4,,,63,5,12.48970364,3,13.55412267,5,,,,,,,-0.336995171,5,,,,,,,,,11,4
46790,2023,전라남도 화순군,,,27.8898672,1,1.114099826,7,,,14.37,5,0.699351098,6,,,269,5,105.699293,7,16.32102658,6,,,,,,,-0.44078754,5,,,,,,,,,26,5
46800,2023,전라남도 장흥군,,,34.62538889,3,0.060996686,6,,,7.49,3,0.6804206,6,,,140,5,48.51508195,6,3.423587264,3,,,,,,,-0.422302117,5,,,,,,,,,16,4
46810,2023,전라남도 강진군,,,45.54700191,6,-1.724485003,4,,,7.61,3,0.45095229,5,,,77,5,21.92335288,5,12.47586372,5,,,,,,,-0.16197054,5,,,,,,,,,14,4
46820,2023,전라남도 해남군,,,48.05958252,7,-1.576373292,4,,,7.73,3,0.825404005,7,,,114,5,40.25684095,5,10.25892514,5,,,,,,,-0.684475416,5,,,,,,,,,12,4
46830,2023,전라남도 영암군,,,40.32764505,5,-0.305693542,6,,,11.12,4,0.46850016,5,,,26,5,30.56215195,5,2.04170877,3,,,,,,,0.744985673,6,,,,,,,,,18,4
46840,2023,전라남도 무안군,,,46.74999092,7,-1.051563891,5,,,13.17,4,0.460805652,5,,,95,5,24.38718674,5,16.62252882,6,,,,,,,0.053158501,5,,,,,,,,,22,4
46860,2023,전라남도 함평군,,,37.60083657,3,1.762305638,8,,,7.58,3,0.612653015,6,,,106,5,43.76412181,5,15.98454714,6,,,,,,,0.591483938,6,,,,,,,,,9,4
46870,2023,전라남도 영광군,,,42.70400892,5,-1.060536084,5,,,11.72,4,0.486290225,5,,,71,5,40.86766254,5,9.559689494,5,,,,,,,-0.044444444,5,,,,,,,,,22,4
46880,2023,전라남도 장성군,,,49.66443667,7,-1.33550972,4,,,10.98,4,0.413476317,5,,,0,5,25.83717659,5,25.63113746,7,,,,,,,-0.467762029,5,,,,,,,,,11,4
46890,2023,전라남도 완도군,,,38.99431811,3,-1.000259858,5,,,6.17,3,0.46771951,5,,,0,5,43.0058466,5,23.3625095,7,,,,,,,-0.810445745,4,,,,,,,,,12,4
46900,2023,전라남도 진도군,,,45.31271652,6,-1.404755297,4,,,7.81,3,0.482514989,5,,,0,5,36.35145314,5,19.30650943,6,,,,,,,-0.479657683,5,,,,,,,,,10,4
46910,2023,전라남도 신안군,,,45.9717797,6,-1.342019152,4,,,6.94,3,0.525023897,5,,,0,5,28.91737116,5,20.23127715,6,,,,,,,1.969135316,8,,,,,,,,,4,4
47110,2023,경상북도 포항시,,,47.4864743,7,-1.411898354,4,,,25.39,6,0.414841138,5,,,0,5,18.12925073,5,36.53911576,9,,,,,,,-0.431614111,5,,,,,,,,,121,7
47130,2023,경상북도 경주시,,,40.16153217,5,0.771812968,7,,,17.77,5,0.676284858,6,,,0,5,38.72088911,5,10.05089836,5,,,,,,,-0.272335336,5,,,,,,,,,71,6
47150,2023,경상북도 김천시,,,30.38382921,2,6.278742478,10,,,11.97,4,0.706866381,6,,,0,5,85.22162593,7,17.82865693,6,,,,,,,-0.731556557,4,,,,,,,,,28,5
47170,2023,경상북도 안동시,,,42.54047803,5,-0.117434508,6,,,11.25,4,0.440108585,5,,,0,5,16.69691396,3,23.17432396,7,,,,,,,-0.290319417,5,,,,,,,,,70,6
47190,2023,경상북도 구미시,,,39.81603154,3,-0.773384587,5,,,27.57,7,0.509072665,5,,,0,5,23.3507376,5,9.462851081,5,,,,,,,-0.617993322,5,,,,,,,,,83,6
47210,2023,경상북도 영주시,,,43.87593389,6,-1.483983216,4,,,11.49,4,0.431811516,5,,,0,5,16.49749797,3,36.28610015,9,,,,,,,0.403197637,6,,,,,,,,,22,4
47230,2023,경상북도 영천시,,,44.9754902,6,-2.402942378,4,,,12.83,4,0.579316873,5,,,0,5,18.89285714,5,17.089356,6,,,,,,,-0.045902686,5,,,,,,,,,20,4
47250,2023,경상북도 상주시,,,47.41425271,7,0.088716832,6,,,8.57,4,0.415215466,5,,,0,5,16.65150949,3,8.135858179,5,,,,,,,0.010654393,5,,,,,,,,,22,4
47280,2023,경상북도 문경시,,,47.74169184,7,-1.725081592,4,,,8.41,4,0.510054704,5,,,0,5,19.908657,5,13.77679455,5,,,,,,,-1.247909243,4,,,,,,,,,20,4
47290,2023,경상북도 경산시,,,46.70437777,7,-1.494476933,4,,,21.86,6,0.491597147,5,,,0,5,20.51096835,5,21.17752858,7,,,,,,,-0.285118612,5,,,,,,,,,37,5
47730,2023,경상북도 의성군,,,52.26294066,8,-1.203059967,5,,,9.26,4,0.388940624,4,,,231,5,19.17787034,5,27.09123644,7,,,,,,,1.545342012,7,,,,,,,,,9,4
47750,2023,경상북도 청송군,,,34.43588097,3,-0.681663258,5,,,6.93,3,0.654583674,6,,,311,5,76.21573376,6,22.88342215,7,,,,,,,0.116574379,6,,,,,,,,,7,4
47760,2023,경상북도 영양군,,,49.77036625,7,-0.189636196,6,,,6.31,3,0.417007893,5,,,434,5,23.83495544,5,30.59212967,8,,,,,,,-0.721537577,4,,,,,,,,,5,4
47770,2023,경상북도 영덕군,,,40.14368916,5,0.983754513,7,,,7.57,3,0.664453986,6,,,1852,7,60.88737146,6,19.81461257,6,,,,,,,-0.278960505,5,,,,,,,,,6,4
47820,2023,경상북도 청도군,,,27.86292179,1,0.793976919,7,,,8.23,4,0.740086261,6,,,263,5,115.6509832,8,32.24455331,8,,,,,,,0.655920225,6,,,,,,,,,15,4
47830,2023,경상북도 고령군,,,41.96887901,5,-0.303037477,6,,,10.69,4,0.645683822,6,,,109,5,30.39792388,5,28.98691553,8,,,,,,,0.358339693,6,,,,,,,,,11,4
47840,2023,경상북도 성주군,,,34.45173582,3,-1.01463868,5,,,11.64,4,0.67045132,6,,,36,5,50.98899833,6,23.89174491,7,,,,,,,0.064154351,6,,,,,,,,,6,4
47850,2023,경상북도 칠곡군,,,48.22500429,7,-1.237591289,5,,,19.97,6,0.480154809,5,,,34,5,18.67936168,5,38.0647361,9,,,,,,,-1.323916405,4,,,,,,,,,22,4
47900,2023,경상북도 예천군,,,46.81258752,7,-0.789127576,5,,,9.49,4,0.492040469,5,,,44,5,15.55220657,3,10.48415378,5,,,,,,,0.262087664,6,,,,,,,,,11,4
47920,2023,경상북도 봉화군,,,48.48255751,7,-1.946082561,4,,,6.24,3,0.526408551,5,,,32,5,17.16626864,5,9.612251912,5,,,,,,,-0.297267169,5,,,,,,,,,4,4
47930,2023,경상북도 울진군,,,45.55195842,6,-0.955191294,5,,,10.89,4,0.618088045,6,,,112,5,37.18699187,5,18.80358896,6,,,,,,,0.17356275,6,,,,,,,,,17,4
47940,2023,경상북도 울릉군,,,47.1263075,7,-1.191924106,5,,,11.46,4,0.511417889,5,,,71,5,17.60229413,5,29.85352043,8,,,,,,,1.410157541,7,,,,,,,,,7,4
48120,2023,경상남도 창원시,,,49.02628354,7,-1.131757305,5,,,31.17,7,0.449608131,5,,,25,5,19.30315995,5,9.836460247,5,,,,,,,-1.00848531,4,,,,,,,,,332,10
48170,2023,경상남도 진주시,,,43.71090605,6,-1.242411173,5,,,19.03,5,0.49545873,5,,,39,5,21.04795974,5,14.40319465,6,,,,,,,-0.549147692,5,,,,,,,,,103,7
48220,2023,경상남도 통영시,,,23.52395098,1,0.860245381,7,,,12.34,4,1.033252334,8,,,148,5,100.330086,7,38.79791866,9,,,,,,,-1.145573243,4,,,,,,,,,21,4
48240,2023,경상남도 사천시,,,49.50097894,7,-0.498235181,5,,,14.65,5,0.364324362,4,,,162,5,18.95102773,5,10.85251848,5,,,,,,,0.456755022,6,,,,,,,,,28,5
48250,2023,경상남도 김해시,,,41.4226873,5,-0.612448369,5,,,28.24,7,0.614012303,6,,,64,5,24.88758537,5,18.11683147,6,,,,,,,-0.183075709,5,,,,,,,,,60,5
48270,2023,경상남도 밀양시,,,41.78684016,5,-0.176943253,6,,,14.79,5,0.543053836,5,,,48,5,49.19733333,6,25.47586178,7,,,,,,,0.135182791,6,,,,,,,,,25,5
48310,2023,경상남도 거제시,,,35.15674799,3,-0.678820293,5,,,16.45,5,0.778956396,7,,,189,5,37.34929366,5,17.2843089,6,,,,,,,-0.937454601,4,,,,,,,,,28,5
48330,2023,경상남도 양산시,,,41.48970227,5,-1.463022508,4,,,25.16,6,0.402551656,5,,,42,5,13.67496409,3,21.66396289,7,,,,,,,0.448296642,6,,,,,,,,,49,5
48720,2023,경상남도 의령군,,,41.45825317,5,-1.250093013,5,,,7.72,3,0.363725422,4,,,25,5,13.58728735,3,8.972647125,5,,,,,,,-0.573110893,5,,,,,,,,,7,4
48730,2023,경상남도 함안군,,,39.32513403,3,0.972285325,7,,,15.13,5,0.360894554,4,,,26,5,13.29721061,3,84.12275018,10,,,,,,,-1.036493198,4,,,,,,,,,16,4
48740,2023,경상남도 창녕군,,,37.10300429,3,-0.839897164,5,,,13.08,4,0.529493416,5,,,2725,7,62.68707571,6,17.45122765,6,,,,,,,-0.92672074,4,,,,,,,,,17,4
48820,2023,경상남도 고성군,,,38.32266089,3,-0.762643227,5,,,9.36,4,0.656487819,6,,,647,5,58.93972257,6,8.100195544,5,,,,,,,-0.612517183,5,,,,,,,,,23,4
48840,2023,경상남도 남해군,,,39.35683364,3,-0.632378055,5,,,8.93,4,0.576977972,5,,,325,5,51.24171181,6,19.59473617,6,,,,,,,-0.308974988,5,,,,,,,,,9,4
48850,2023,경상남도 하동군,,,49.40523394,7,-1.266669698,5,,,10.37,4,0.434773069,5,,,347,5,25.23614608,5,27.45875248,8,,,,,,,-0.658558862,5,,,,,,,,,15,4
48860,2023,경상남도 산청군,,,35.89890118,3,-0.689317809,5,,,8.16,4,0.542429817,5,,,1632,6,80.54605111,7,23.04536419,7,,,,,,,0.6814411,6,,,,,,,,,14,4
48870,2023,경상남도 함양군,,,44.19228086,6,-1.438001178,4,,,9.86,4,0.45504069,5,,,97,5,28.95558838,5,16.32984123,6,,,,,,,-0.603599946,5,,,,,,,,,14,4
48880,2023,경상남도 거창군,,,36.62084995,3,-0.110677219,6,,,8.51,4,0.605521963,6,,,222,5,42.08407177,5,8.958669566,5,,,,,,,0.341399237,6,,,,,,,,,17,4
48890,2023,경상남도 합천군,,,49.31381519,7,-0.998721549,5,,,8.11,4,0.485787165,5,,,95,5,19.64214025,5,13.46529364,5,,,,,,,-0.332500061,5,,,,,,,,,9,4
50110,2023,제주특별자치도 제주시,,,50.52602436,8,-1.897002676,4,,,33.3,8,0.48528819,5,,,42,5,22.30441422,5,5.188756435,3,,,,,,,-0.24549785,5,,,,,,,,,291,10
50130,2023,제주특별자치도 서귀포시,,,40.85059172,5,-1.022226189,5,,,33.3,8,0.479695071,5,,,925,6,37.2959411,5,14.20720604,5,,,,,,,-0.261440756,5,,,,,,,,,74,6
51110,2023,강원특별자치도 춘천시,,,44.54081633,6,-0.278812387,6,,,20.12,6,0.432537406,5,,,46,5,13.09601485,3,25.15556836,7,,,,,,,0.233219051,6,,,,,,,,,111,7
51130,2023,강원특별자치도 원주시,,,49.81373071,7,-0.734711835,5,,,18.97,5,0.644873445,6,,,14,5,16.78625255,5,18.13477818,6,,,,,,,0.374547376,6,,,,,,,,,74,6
51150,2023,강원특별자치도 강릉시,,,39.78798587,3,-1.70181527,4,,,15.12,5,0.372564508,4,,,1,5,13.34525254,3,33.3895037,8,,,,,,,-0.391044648,5,,,,,,,,,58,5
51170,2023,강원특별자치도 동해시,,,48.00109529,7,-1.237870117,5,,,15.63,5,0.452989333,5,,,21,5,15.91860226,3,39.78824715,9,,,,,,,-0.412976023,5,,,,,,,,,30,5
51190,2023,강원특별자치도 태백시,,,51.13139026,8,-0.638771077,5,,,13.06,4,0.531949673,5,,,54,5,17.92022461,5,5.083183676,3,,,,,,,-1.072296005,4,,,,,,,,,12,4
51210,2023,강원특별자치도 속초시,,,30.4114264,2,-0.096414798,6,,,17.49,5,0.987641221,8,,,51,5,50.18109426,6,14.66361654,6,,,,,,,-0.436298048,5,,,,,,,,,27,5
51230,2023,강원특별자치도 삼척시,,,30.61979138,2,-0.493578314,5,,,13.48,4,0.834938482,7,,,109,5,38.25854203,5,10.21282398,5,,,,,,,-0.625688337,5,,,,,,,,,16,4
51720,2023,강원특별자치도 홍천군,,,37.3257773,3,-1.60991909,4,,,11.74,4,0.702571828,6,,,250,5,45.67343395,5,16.87945552,6,,,,,,,-0.200567532,5,,,,,,,,,15,4
51730,2023,강원특별자치도 횡성군,,,50.05790083,7,-0.638959781,5,,,10.87,4,0.322985379,4,,,102,5,13.75799367,3,23.10529079,7,,,,,,,0.601824888,6,,,,,,,,,5,4
51750,2023,강원특별자치도 영월군,,,32.92631579,2,-1.766222756,4,,,11.52,4,0.495169921,5,,,25,5,24.65608215,5,4.135243986,3,,,,,,,-0.026786671,5,,,,,,,,,6,4
51760,2023,강원특별자치도 평창군,,,38.78896882,3,-0.983920193,5,,,11.48,4,0.518394779,5,,,35,5,57.31446999,6,14.92526568,6,,,,,,,0.179542045,6,,,,,,,,,4,4
51770,2023,강원특별자치도 정선군,,,36.33322181,3,1.261439525,7,,,12.34,4,0.561419985,5,,,5,5,17.25658257,5,5.746458232,3,,,,,,,-1.137360388,4,,,,,,,,,6,4
51780,2023,강원특별자치도 철원군,,,40.65818969,5,-1.232102634,5,,,9.93,4,0.521521303,5,,,2643,7,55.59342661,6,18.53484114,6,,,,,,,-1.452422312,4,,,,,,,,,7,4
51790,2023,강원특별자치도 화천군,,,47.14890365,7,-1.155039884,5,,,7.02,3,0.435678643,5,,,954,6,29.94620815,5,22.08808632,7,,,,,,,-1.469118094,4,,,,,,,,,5,4
51800,2023,강원특별자치도 양구군,,,48.0774589,7,-1.91607929,4,,,9.63,4,0.384312676,4,,,71,5,20.41216581,5,30.11600858,8,,,,,,,-1.18731003,4,,,,,,,,,3,4
51810,2023,강원특별자치도 인제군,,,37.36476129,3,-0.777248843,5,,,8.14,4,0.679646686,6,,,179,5,66.23945703,6,15.5550012,6,,,,,,,-0.306058713,5,,,,,,,,,5,4
51820,2023,강원특별자치도 고성군,,,39.94945369,5,-0.565945826,5,,,8.32,4,0.521438175,5,,,1173,6,36.26944922,5,10.6085188,5,,,,,,,0.999816883,7,,,,,,,,,3,4
51830,2023,강원특별자치도 양양군,,,41.17305084,5,-0.448058073,5,,,11.07,4,0.539990931,5,,,136,5,30.62747345,5,13.49624594,5,,,,,,,0.461927102,6,,,,,,,,,6,4
52110,2023,전라북도 전주시,,,32.50563526,2,-1.267874541,5,,,23.95,6,0.526412607,5,,,542,5,63.74130269,6,34.79623426,9,,,,,,,-1.174682252,4,,,,,,,,,471,10
52130,2023,전라북도 군산시,,,41.99901877,5,0.45964321,6,,,15.86,5,0.52567169,5,,,425,5,44.23284111,5,9.944797288,5,,,,,,,-0.472344026,5,,,,,,,,,92,6
52140,2023,전라북도 익산시,,,40.59919028,5,-1.881475342,4,,,15.27,5,0.49826515,5,,,31,5,26.30975466,5,66.3612519,10,,,,,,,-0.723236902,4,,,,,,,,,159,8
52180,2023,전라북도 정읍시,,,29.26986688,1,-2.046171789,4,,,9.57,4,1.079014567,8,,,138,5,74.1854891,6,13.43865455,5,,,,,,,-0.366724571,5,,,,,,,,,55,5
52190,2023,전라북도 남원시,,,38.67308179,3,-2.093776579,4,,,8.56,4,0.651392188,6,,,85,5,40.97053413,5,16.08334258,6,,,,,,,-0.566546411,5,,,,,,,,,52,5
52210,2023,전라북도 김제시,,,35.9030255,3,-0.60774663,5,,,10.13,4,0.573018397,5,,,47,5,49.22984556,6,27.23509021,7,,,,,,,0.983666953,7,,,,,,,,,31,5
52710,2023,전라북도 완주군,,,49.8736991,7,-2.415213301,4,,,16.35,5,0.494256892,5,,,19,5,13.32172634,3,13.33732805,5,,,,,,,6.072965541,10,,,,,,,,,43,5
52720,2023,전라북도 진안군,,,44.83228512,6,-1.605681643,4,,,6.96,3,0.46700607,5,,,48,5,30.87912801,5,34.14506512,9,,,,,,,0.866544043,7,,,,,,,,,41,5
52730,2023,전라북도 무주군,,,54.45265409,9,-0.691186589,5,,,7.17,3,0.618149038,6,,,49,5,18.59679426,5,16.96734167,6,,,,,,,0.395681906,6,,,,,,,,,21,4
52740,2023,전라북도 장수군,,,46.09038737,6,-1.855611957,4,,,7.04,3,0.44303194,5,,,42,5,22.10345108,5,27.66047928,8,,,,,,,-0.462278988,5,,,,,,,,,23,4
52750,2023,전라북도 임실군,,,45.29144852,6,-0.527919133,5,,,7.68,3,0.418504777,5,,,52,5,21.99763519,5,7.301832292,3,,,,,,,-0.720449992,4,,,,,,,,,24,4
52770,2023,전라북도 순창군,,,44.13441708,6,-1.807797241,4,,,8.13,4,0.424240865,5,,,75,5,19.09227483,5,7.988314723,5,,,,,,,1.449708564,7,,,,,,,,,17,4
52790,2023,전라북도 고창군,,,46.80006921,7,-0.336536852,6,,,7.89,3,0.487647289,5,,,908,6,25.66017769,5,15.78659177,6,,,,,,,0.285990338,6,,,,,,,,,30,5
52800,2023,전라북도 부안군,,,49.3743672,7,-0.390912729,5,,,8.8,4,0.467091996,5,,,230,5,21.70410353,5,15.84684674,6,,,,,,,-0.424909021,5,,,,,,,,,27,5
11110,2022,서울특별시 종로구,,,45.15434058,6,-0.887877063,6,,,51.22,10,2.027807739,10,,,1079,7,417.6439641,10,13.08001188,5,9.563779514,7,87.59,5,,,-1.013587591,4,,,,,,,0,4,564,10
11140,2022,서울특별시 중구,,,45.47665597,6,5.831480109,10,,,65.64,10,3.46410093,10,,,1042,7,699.0949376,10,12.58029509,5,5.875984206,4,98.28,6,,,-0.603635096,4,,,,,,,0,4,250,10
11170,2022,서울특별시 용산구,,,45.44830915,6,8.031820384,10,,,47.7,9,0.726131689,7,,,823,6,107.8042808,8,2.774630688,4,6.318760625,5,60.1,4,,,-0.584953121,5,,,,,,,0.049148985,4,175,8
11200,2022,서울특별시 성동구,,,42.60488069,5,-1.743536655,6,,,40.57,8,0.829391795,7,,,1022,7,66.01417082,6,5.1473879,4,4.510663455,3,47.11,4,,,-1.428825623,3,,,,,,,0.147307947,4,77,6
11215,2022,서울특별시 광진구,,,45.67705995,6,-0.621781793,6,,,33.98,7,0.369221265,4,,,415,5,21.22915926,5,2.642479906,4,6.646642951,5,41.04,4,,,-0.358607772,5,,,,,,,0,4,76,6
11230,2022,서울특별시 동대문구,,,50.20602778,8,1.277420281,8,,,27.82,6,0.39381049,5,,,275,5,25.57033543,5,5.515832749,4,4.909748786,3,39.72,4,,,0.346359953,6,,,,,,,0,4,93,6
11260,2022,서울특별시 중랑구,,,53.1604605,9,-2.388250601,5,,,22.45,5,0.265152539,4,,,135,5,11.8632039,4,6.8691704,4,6.202656802,5,37.14,4,,,-0.041524144,5,,,,,,,0.080633456,4,46,5
11290,2022,서울특별시 성북구,,,53.5735953,9,-0.18109951,7,,,27.33,6,0.269163856,4,,,1183,7,14.47201072,4,7.659574765,5,4.985189807,3,35.84,4,,,0.473748655,6,,,,,,,0,4,96,6
11305,2022,서울특별시 강북구,,,57.42956237,10,-5.356083086,4,,,23.74,5,0.254788264,4,,,66,5,10.67238643,4,4.465742696,4,7.739548005,6,47.05,4,,,-1.062793707,4,,,,,,,0,4,71,6
11320,2022,서울특별시 도봉구,,,52.4508877,8,-5.258272497,4,,,24.82,6,0.224040783,4,,,110,5,10.28056042,4,4.272927936,4,9.660473963,7,43.37,4,,,-1.144391615,4,,,,,,,0.19947339,5,55,5
11350,2022,서울특별시 노원구,,,57.37584175,10,-4.11837176,4,,,21.97,5,0.239794116,4,,,405,5,12.72759631,4,3.147139165,4,5.999383668,4,31.73,4,,,-0.967772674,4,,,,,,,0.061156219,4,68,6
11380,2022,서울특별시 은평구,,,57.20568081,10,-2.836640339,5,,,23.51,5,0.204626351,3,,,157,5,11.08511482,4,8.33357972,5,7.91915647,6,32.55,4,,,-0.754800255,4,,,,,,,0,4,130,7
11410,2022,서울특별시 서대문구,,,54.30285168,9,2.772141687,8,,,31.73,7,0.368498532,4,,,684,6,33.05484809,5,3.960827455,4,5.09343048,4,43.17,4,,,1.166688973,7,,,,,,,0,4,146,7
11440,2022,서울특별시 마포구,,,45.88923959,6,-2.089552239,6,,,38.35,8,0.841593791,7,,,684,6,81.93639445,7,8.423718866,5,9.36738977,7,38.8,4,,,-0.671350764,4,,,,,,,0,4,334,10
11470,2022,서울특별시 양천구,,,50.85784314,8,-4.133629348,4,,,29.64,6,0.297946143,4,,,227,5,16.93700568,5,4.682537918,4,12.70058985,10,33.77,4,,,-1.078068685,4,,,,,,,0.023711404,4,84,6
11500,2022,서울특별시 강서구,,,45.0080378,6,-3.990619504,4,,,26.44,6,0.604811267,6,,,1543,8,63.96145764,6,4.427767997,4,6.232190477,5,31.6,4,,,-0.605095877,4,,,,,,,0,4,102,6
11530,2022,서울특별시 구로구,,,44.48138331,6,0.896371203,7,,,26.76,6,0.659569949,6,,,651,6,49.89595133,6,2.517900914,4,1.938784281,1,34.43,4,,,-0.123698822,5,,,,,,,0.02624982,4,90,6
11545,2022,서울특별시 금천구,,,38.65136958,4,1.073135175,7,,,29.8,6,1.223605373,10,,,1087,7,96.08264603,7,1.765278129,4,4.339300481,3,47.01,4,,,-0.094494909,5,,,,,,,0,4,61,5
11560,2022,서울특별시 영등포구,,,42.12214703,5,2.36019701,8,,,42.88,9,1.200841459,10,,,7035,10,230.1481839,10,1.737887802,4,4.645010768,3,36.61,4,,,-0.077726759,5,,,,,,,0.027852826,4,320,10
11590,2022,서울특별시 동작구,,,51.92768016,8,-1.805247142,6,,,31.53,7,0.274491575,4,,,456,6,20.52238857,5,11.73491314,5,5.603606138,4,35.85,4,,,-0.853398354,4,,,,,,,0,4,112,7
11620,2022,서울특별시 관악구,,,49.73979007,8,-3.244315976,5,,,23.79,5,0.206109071,3,,,654,6,12.19642652,4,4.837590806,4,8.804171062,7,30.26,4,,,0.709190717,6,,,,,,,0,4,123,7
11650,2022,서울특별시 서초구,,,40.26720983,5,-3.17961165,5,,,63.54,10,1.585527396,10,,,3543,10,169.5729228,10,4.502316206,4,4.619264349,3,41.26,4,,,-1.500278242,3,,,,,,,0.02657991,4,258,10
11680,2022,서울특별시 강남구,,,44.48952867,6,-0.933135076,6,,,69.44,10,2.005469866,10,,,3825,10,269.4205805,10,7.110608163,4,5.501828919,4,35.09,4,,,-0.28406621,5,,,,,,,0,4,230,10
11710,2022,서울특별시 송파구,,,37.37221608,4,-1.179890903,6,,,46.88,9,0.743419375,7,,,1399,7,69.58220009,6,3.118269402,4,6.241946929,5,27.57,4,,,0.322707464,6,,,,,,,0,4,164,8
11740,2022,서울특별시 강동구,,,49.14322885,7,-2.131857214,5,,,30.37,7,0.365073165,4,,,281,5,31.87077534,5,6.054624652,4,5.259789938,4,32.63,4,,,-0.28843625,5,,,,,,,0.02261231,4,79,6
26110,2022,부산광역시 중구,,,39.41166545,5,-2.93398533,5,,,26.38,6,1.91274879,10,,,22,5,129.5844692,8,0.099700169,3,9.757682713,8,125.9,6,,,-0.768474892,4,,,,,,,1.291489087,8,50,5
26140,2022,부산광역시 서구,,,54.56473733,9,2.926421405,9,,,18.62,5,0.502687544,5,,,49,5,49.53906191,6,0.291913834,3,8.502404211,6,60.77,5,,,1.155981443,7,,,,,,,0.097700139,4,24,4
26170,2022,부산광역시 동구,,,48.46703205,7,-0.756143667,6,,,18.62,5,1.077371793,9,,,44,5,71.86359325,6,0.08966945,3,8.423526206,6,75.07,5,,,-0.074020957,5,,,,,,,0.119448625,4,116,7
26200,2022,부산광역시 영도구,,,41.82588264,5,-4.365361803,4,,,14.41,3,0.458684893,5,,,210,5,27.95849514,5,0.35426606,3,8.617321923,7,59.97,4,,,-0.997633049,4,,,,,,,0.278857058,5,18,4
26230,2022,부산광역시 부산진구,,,52.47453565,8,-2.083846274,6,,,23.5,5,0.543102011,6,,,298,5,33.20805974,5,0.22923603,3,9.803454537,8,29.88,4,,,1.315194273,7,,,,,,,0.086351063,4,164,8
26260,2022,부산광역시 동래구,,,52.49087335,8,4.377169302,9,,,25.63,6,0.395236298,5,,,112,5,19.21797706,5,0.280057535,3,9.227024311,7,30.08,4,,,2.803173929,9,,,,,,,0.037593985,4,80,6
26290,2022,부산광역시 남구,,,42.7311139,6,-4.162655774,4,,,28.6,6,0.365678484,4,,,276,5,30.06493116,5,0.302731213,3,7.657685409,6,33.87,4,,,-1.621718624,3,,,,,,,0.039853657,4,54,5
26320,2022,부산광역시 북구,,,59.94367004,10,-4.377984418,4,,,14.08,3,0.217240932,4,,,102,5,13.91303428,4,0.402005329,3,8.504098873,6,31.06,4,,,-1.177664538,4,,,,,,,0.036643459,4,48,5
26350,2022,부산광역시 해운대구,,,49.34503013,7,-3.774289378,4,,,32.09,7,0.451620457,5,,,329,5,28.36154194,5,0.481450935,3,8.164195883,6,29.88,4,,,-1.927427382,3,,,,,,,0.18798002,5,65,5
26380,2022,부산광역시 사하구,,,44.54350417,6,-2.946399364,5,,,18.12,5,0.401229992,5,,,226,5,29.26453125,5,0.298688354,3,8.471468859,6,30.99,4,,,-0.704334955,4,,,,,,,0.134340439,4,44,5
26410,2022,부산광역시 금정구,,,41.64824035,5,-4.054508748,4,,,24.66,6,0.446467696,5,,,253,5,25.13925498,5,0.50376487,3,9.639631533,7,36.66,4,,,-2.295079004,2,,,,,,,0.08997863,4,68,6
26440,2022,부산광역시 강서구,,,27.72112587,1,0.60348892,7,,,45.39,9,1.241853685,10,,,436,6,133.2001788,8,1.96056757,4,8.668220957,7,47.31,4,,,-0.111726382,5,,,,,,,0.290435944,5,20,4
26470,2022,부산광역시 연제구,,,51.3855011,8,-2.853298372,5,,,24.11,6,0.486554424,5,,,87,5,28.8067025,5,0.234867542,3,8.717226052,7,37.3,4,,,-1.316720384,3,,,,,,,0.050313959,4,88,6
26500,2022,부산광역시 수영구,,,47.12503803,7,-2.285346024,5,,,23.94,6,0.400647751,5,,,75,5,20.77539673,5,0.29002437,3,10.26344775,8,38.82,4,,,0.299188815,6,,,,,,,0.118858719,4,49,5
26530,2022,부산광역시 사상구,,,39.91463033,5,-4.025933691,4,,,22.64,5,0.628722265,6,,,243,5,37.83473102,5,0.484618895,3,9.370128668,7,37.3,4,,,-1.472601563,3,,,,,,,0.049713897,4,43,5
26710,2022,부산광역시 기장군,,,42.21050537,5,-1.478110957,6,,,32.7,7,0.51495462,5,,,246,5,37.71263171,5,1.43821313,4,8.607586547,7,48.14,4,,,0.979206557,7,,,,,,,0.465438297,5,18,4
27110,2022,대구광역시 중구,,,57.33379439,10,11.13781214,10,,,27.62,6,1.234736119,10,,,46,5,66.13083704,6,0.68465941,3,10.27816769,8,82.31,5,,,7.522537688,10,,,,,,,1.56361978,9,110,7
27140,2022,대구광역시 동구,,,45.68116582,6,-1.289365822,6,,,19,5,0.402463299,5,,,270,5,28.2188702,5,5.486560834,4,10.54281431,8,31.3,4,,,-0.040055371,5,,,,,,,0.120999456,4,63,5
27170,2022,대구광역시 서구,,,44.2835245,6,-4.534065147,4,,,14.86,3,0.520954951,5,,,103,5,28.95013984,5,2.915339711,4,10.93227299,9,47.96,4,,,-1.890794421,3,,,,,,,0.063372159,4,32,5
27200,2022,대구광역시 남구,,,57.97166259,10,-2.075694081,6,,,12.31,3,0.4372993,5,,,41,5,20.970428,5,0.875175771,3,11.59869716,9,50.11,4,,,-0.132137734,5,,,,,,,0.142194921,4,71,6
27230,2022,대구광역시 북구,,,45.2716767,6,-3.427096073,5,,,20.14,5,0.361747797,4,,,644,6,18.78683583,5,4.267866757,4,10.87202445,9,26.22,4,,,-1.125519828,4,,,,,,,0.046231551,4,55,5
27260,2022,대구광역시 수성구,,,48.11063688,7,-3.307550449,5,,,29.76,6,0.364054955,4,,,276,5,18.01389614,5,8.260510797,5,10.69702965,8,28.9,4,,,-0.901949445,4,,,,,,,0.024980328,4,84,6
27290,2022,대구광역시 달서구,,,44.56339211,6,-3.322909402,5,,,21.84,5,0.40757087,5,,,599,6,27.64414541,5,4.686263592,4,10.67348202,8,23.41,4,,,-1.11138217,4,,,,,,,0.037624962,4,68,6
27710,2022,대구광역시 달성군,,,34.64468423,3,0.259482561,7,,,29.73,6,0.47820908,5,,,529,6,47.07106649,6,11.3459922,5,10.02436983,8,37.99,4,,,0.122738085,6,,,,,,,0.077595773,4,22,4
28110,2022,인천광역시 중구,,,37.37539634,4,6.988984088,10,,,43.84,9,0.807481903,7,,,68,5,136.9030805,9,0.610628323,3,7.785185067,6,62.21,5,,,6.256416292,10,,,,,,,0.068891874,4,63,5
28140,2022,인천광역시 동구,,,31.62816282,2,-7.450208999,2,,,18.01,5,0.757085969,7,,,310,5,75.11469686,6,0.926829268,3,8.285809616,6,123.63,6,,,-3.076323328,1,,,,,,,0.176084239,5,18,4
28177,2022,인천광역시 미추홀구,,,50.50899349,8,0.611285266,7,,,17.91,5,0.306240331,4,,,283,5,18.73527847,5,2.554386164,4,7.18980457,5,28.88,4,,,0.268716564,6,,,,,,,0.024989629,4,143,7
28185,2022,인천광역시 연수구,,,45.08951191,6,4.960612886,10,,,36.68,8,0.399041653,5,,,809,6,49.75328671,6,3.085685181,4,9.076147836,7,24.87,4,,,-1.021783533,4,,,,,,,0.052984343,4,89,6
28200,2022,인천광역시 남동구,,,43.03574099,6,-4.426713948,4,,,24.6,6,0.539024967,6,,,647,6,37.65061115,5,5.397867561,4,9.056241309,7,25.3,4,,,-2.046303595,2,,,,,,,0.020238122,4,202,9
28237,2022,인천광역시 부평구,,,47.31754,7,0.170548191,7,,,20.25,5,0.336959789,4,,,366,5,31.05545697,5,1.855057471,4,8.230579388,6,28.42,4,,,0.872591072,7,,,,,,,0.021081524,4,106,6
28245,2022,인천광역시 계양구,,,51.33773953,8,-4.084694495,4,,,19.63,5,0.304270995,4,,,171,5,18.54231174,5,4.4703347,4,8.68207888,7,33.42,4,,,-1.898523832,3,,,,,,,0,4,49,5
28260,2022,인천광역시 서구,,,39.5207326,5,5.904696807,10,,,33.18,7,0.426101192,5,,,788,6,37.11772066,5,6.852993058,4,6.971031381,5,24.52,4,,,5.687820133,10,,,,,,,0.017748371,4,78,6
28710,2022,인천광역시 강화군,,,44.66619318,6,0.109140518,7,,,14.23,3,0.37043858,4,,,43,5,18.14899073,5,1.301577296,4,6.459027096,5,118.19,6,,,1.229173531,7,,,,,,,0.30651341,5,33,5
28720,2022,인천광역시 옹진군,,,25.8089172,1,-2.049861496,6,,,11.31,3,0.315514469,4,,,11,5,47.4537913,6,0,3,19.89622247,10,326.45,10,,,2.003589967,8,,,,,,,0,4,1,4
29110,2022,광주광역시 동구,,,52.36047641,8,5.78844993,10,,,15.09,3,0.730525071,7,,,140,5,51.28165689,6,3.142934028,4,11.14191845,9,66.47,5,,,2.734422948,9,,,,,,,0.091736386,4,176,8
29140,2022,광주광역시 서구,,,44.41741866,6,-4.384645499,4,,,20.12,5,0.592944604,6,,,139,5,43.10069554,5,17.0137543,6,10.45726856,8,36.58,4,,,-1.039314407,4,,,,,,,0.035171638,4,135,7
29155,2022,광주광역시 남구,,,52.60055339,8,-2.314480339,5,,,12.01,3,0.341184438,4,,,75,5,17.06648962,5,9.297199817,5,11.55568708,9,41.95,4,,,-1.155010618,4,,,,,,,0.094038876,4,119,7
29170,2022,광주광역시 북구,,,45.10353721,6,-1.891427168,6,,,15.48,3,0.425789605,5,,,729,6,25.98007332,5,19.14647981,6,10.89201948,9,29.65,4,,,-0.343060039,5,,,,,,,0,4,206,9
29200,2022,광주광역시 광산구,,,38.88978443,4,-1.314924392,6,,,21.99,5,0.430349412,5,,,562,6,43.51966036,5,11.09319762,5,9.366774177,7,30.42,4,,,-0.908764171,4,,,,,,,0,4,88,6
30110,2022,대전광역시 동구,,,45.56242362,6,-1.574254667,6,,,11.29,3,0.346562974,4,,,126,5,24.77689294,5,5.920177838,4,11.2568281,9,38.13,4,,,-0.481454009,5,,,,,,,0.133490556,4,71,6
30140,2022,대전광역시 중구,,,53.81039398,9,-3.40433012,5,,,14.77,3,0.44775289,5,,,121,5,31.17403614,5,3.21720503,4,11.04343335,9,37.88,4,,,-0.803582437,4,,,,,,,0.045027602,4,199,9
30170,2022,대전광역시 서구,,,50.8073144,8,-1.653947055,6,,,19.01,5,0.406320335,5,,,253,5,27.54684358,5,6.930882659,4,10.74270677,8,24.44,4,,,-0.518736155,5,,,,,,,0.021319961,4,174,8
30200,2022,대전광역시 유성구,,,37.56115786,4,0.285380182,7,,,29.52,6,0.603792029,6,,,4539,10,76.62139947,7,10.33304783,5,13.50255313,10,24.64,4,,,1.127514441,7,,,,,,,0.055537043,4,99,6
30230,2022,대전광역시 대덕구,,,33.96029777,3,-3.554267409,5,,,17.37,3,0.634530754,6,,,701,6,74.76518125,6,5.49949637,4,10.26056884,8,45.28,4,,,-0.977157213,4,,,,,,,0.233380398,5,52,5
31110,2022,울산광역시 중구,,,52.9290023,9,-4.351322373,4,,,19.24,5,0.274184284,4,,,99,5,22.08100628,5,14.74879884,6,11.725835,9,33.43,4,,,-1.922818212,3,,,,,,,0,4,97,6
31140,2022,울산광역시 남구,,,40.03930423,5,-2.888194431,5,,,33.89,7,0.57650213,6,,,259,5,69.81838668,6,19.29117172,6,10.72233628,8,29.08,4,,,-0.916178961,4,,,,,,,0.360412312,5,192,9
31170,2022,울산광역시 동구,,,27.84018381,1,-2.452550722,5,,,22.44,5,0.567943525,6,,,128,5,96.74840321,7,13.0081207,5,10.91732646,9,37.5,4,,,-1.33807041,3,,,,,,,0.134363453,4,39,5
31200,2022,울산광역시 북구,,,26.30870894,1,-1.049818668,6,,,26.64,6,0.581335402,6,,,148,5,115.161618,8,14.1405817,6,10.78534217,8,32.39,4,,,-0.252435176,5,,,,,,,0.046813192,4,44,5
31710,2022,울산광역시 울주군,,,28.05936943,1,-1.829170024,6,,,44.28,9,0.603002373,6,,,522,6,86.89227672,7,28.55289555,8,9.401471026,7,47.58,4,,,-0.047852938,5,,,,,,,0.046629394,4,48,5
36110,2022,세종특별자치시 세종시,,,44.69104866,6,4.036157242,9,,,66.96,10,0.369846238,4,,,460,6,33.7690561,5,58.1228131,10,2.830950366,2,48.96,4,,,2.640312208,9,,,,,,,0.106555281,4,49,5
41110,2022,경기도 수원시,,,45.89943736,6,0.06875844,7,,,48.47,9,0.402078749,5,,,8577,10,55.17047954,6,14.63862972,6,5.589976106,4,31.32,4,,,0.647038869,6,,,,,,,0.086198871,4,382,10
41130,2022,경기도 성남시,,,41.62066034,5,-1.564504434,6,,,62.22,10,0.677069687,6,,,4229,10,93.91531873,7,13.95186544,6,5.285930602,4,36.37,4,,,-0.664810876,4,,,,,,,0,4,196,9
41150,2022,경기도 의정부시,,,55.85025965,9,-2.381808128,5,,,27.56,6,0.278999395,4,,,163,5,16.27821075,5,7.065437631,4,6.190315945,5,32.17,4,,,0.499435009,6,,,,,,,0.066916339,4,105,6
41170,2022,경기도 안양시,,,42.01927452,5,-1.188369449,6,,,46.49,9,0.548303129,6,,,1490,8,39.33000686,5,12.46325434,5,5.866676825,4,36.82,4,,,0.305529816,6,,,,,,,0.037706964,4,107,6
41190,2022,경기도 부천시,,,49.36667639,7,-1.358908114,6,,,33.99,7,0.395292619,5,,,752,6,25.44503675,5,6.317882672,4,6.668299631,5,32.82,4,,,-1.724404147,3,,,,,,,0.039022461,4,127,7
41210,2022,경기도 광명시,,,42.76280389,6,-3.761008807,5,,,39.71,8,0.398862511,5,,,269,5,32.08136971,5,8.058816788,5,6.067837642,4,41.65,4,,,-1.497508205,3,,,,,,,0.143757682,4,41,5
41220,2022,경기도 평택시,,,34.89740699,3,3.607305936,9,,,44.52,9,0.506310906,5,,,1024,7,92.67419265,7,15.74937471,6,4.979759915,3,39.46,4,,,2.541445632,9,,,,,,,0.144136872,4,85,6
41250,2022,경기도 동두천시,,,51.98995546,8,1.232419893,8,,,15.82,3,0.330726922,4,,,28,5,17.66351342,5,13.64878859,6,6.168611312,4,72.55,5,,,-0.975465886,4,,,,,,,0.222789097,5,26,4
41270,2022,경기도 안산시,,,38.86346301,4,4.51135993,9,,,39.78,8,0.472076036,5,,,1141,7,52.0577019,6,14.83928872,6,5.663678972,4,32.4,4,,,-1.62375713,3,,,,,,,0.015908342,4,149,8
41280,2022,경기도 고양시,,,47.74495568,7,-3.009589406,5,,,39.18,8,0.363474279,4,,,1007,7,21.45640597,5,9.267741411,5,5.125402541,4,32.35,4,,,-0.010125077,5,,,,,,,0.019482088,4,223,9
41290,2022,경기도 과천시,,,39.45336868,5,15.04817763,10,,,63.98,10,0.491425725,5,,,87,5,51.99726122,6,97.33603798,10,5.772683017,4,81.06,5,,,5.965163751,10,,,,,,,0.136982548,4,29,5
41310,2022,경기도 구리시,,,50.38511334,8,-5.269749201,4,,,35.57,7,0.339074986,4,,,90,5,21.12952767,5,7.066899486,4,5.080016578,4,44.1,4,,,-1.328556817,3,,,,,,,0.109859929,4,37,5
41360,2022,경기도 남양주시,,,45.75023647,6,-1.474565216,6,,,31.15,7,0.29620466,4,,,587,6,14.5067288,5,13.21773967,5,4.843700618,3,31.73,4,,,0.65518144,6,,,,,,,0.014095466,4,97,6
41370,2022,경기도 오산시,,,45.31583293,6,0.039030314,7,,,31.81,7,0.32020182,4,,,231,5,29.62070316,5,9.528233753,5,5.291084643,4,33.39,4,,,-0.120948971,5,,,,,,,0.044277175,4,40,5
41390,2022,경기도 시흥시,,,37.21998882,4,2.987444225,9,,,40.89,8,0.433605273,5,,,813,6,35.27435116,5,12.5288529,5,5.221579795,4,31.85,4,,,0.140764888,6,,,,,,,0.03992255,4,61,5
41410,2022,경기도 군포시,,,43.29928683,6,-3.559151603,5,,,33.91,7,0.476727807,5,,,467,6,32.26549417,5,7.939229114,5,5.145505884,4,37.24,4,,,-0.742262775,4,,,,,,,0.038773516,4,61,5
41430,2022,경기도 의왕시,,,37.493707,4,-2.739097169,5,,,39.09,8,0.41725309,5,,,396,5,42.85220414,5,15.28681633,6,5.143440305,4,47.99,4,,,-1.822482696,3,,,,,,,0.128389482,4,30,5
41450,2022,경기도 하남시,,,42.23340312,5,4.105633068,9,,,48.76,9,0.397407338,5,,,366,5,15.71073947,5,14.68030326,6,5.179162418,4,34.42,4,,,1.640500646,8,,,,,,,0.032087277,4,53,5
41460,2022,경기도 용인시,,,41.47625524,5,-2.660217072,5,,,55.59,10,0.426952565,5,,,4897,10,50.38133122,6,9.561761201,5,5.936282351,4,31.67,4,,,-0.160655497,5,,,,,,,0.07704828,4,101,6
41480,2022,경기도 파주시,,,38.23501978,4,1.842177923,8,,,38.3,8,0.521355443,5,,,524,6,54.05467834,6,13.29010428,5,4.883718588,3,36.86,4,,,2.638119177,9,,,,,,,0.126400678,4,79,6
41500,2022,경기도 이천시,,,36.51971304,4,-5.476319284,3,,,54.76,10,0.689494187,6,,,831,6,132.6795228,8,17.62357838,6,5.301356759,4,53.39,4,,,0.025592558,5,,,,,,,0.415318803,5,42,5
41550,2022,경기도 안성시,,,35.96744668,4,6.60195444,10,,,34.4,7,0.603814039,6,,,485,6,63.26157317,6,5.610404465,4,4.908493282,3,53.06,4,,,0.093199606,5,,,,,,,0.159236514,4,35,5
41570,2022,경기도 김포시,,,37.32394366,4,-1.281589891,6,,,39.88,8,0.48434869,5,,,860,6,29.1828165,5,12.36618436,5,5.503084421,4,33.12,4,,,-0.609994074,4,,,,,,,0.064714308,4,46,5
41590,2022,경기도 화성시,,,30.15767818,2,1.336758576,8,,,58.62,10,0.724757875,7,,,2260,9,97.12533185,7,16.53669904,6,4.600054345,3,30.26,4,,,2.298822811,9,,,,,,,0.057159907,4,89,6
41610,2022,경기도 광주시,,,38.0593119,4,0.136216845,7,,,42.22,8,0.417130293,5,,,518,6,24.95003091,5,7.240043733,5,5.947425169,4,33.85,4,,,1.130633369,7,,,,,,,0.132713297,4,48,5
41630,2022,경기도 양주시,,,40.71874799,5,0.210654433,7,,,27.51,6,0.459215663,5,,,253,5,25.00389842,5,14.99489796,6,4.310189705,3,44.16,4,,,3.24772421,10,,,,,,,0.128754812,4,41,5
41650,2022,경기도 포천시,,,36.19471407,4,4.487146196,9,,,24.92,6,0.688128806,6,,,293,5,42.51229371,5,4.349193257,4,4.181735657,3,64.51,5,,,-0.764820962,4,,,,,,,0.136929091,4,42,5
41670,2022,경기도 여주시,,,42.84919028,6,-1.321036889,6,,,24.03,6,0.517772217,5,,,85,5,34.52220946,5,11.48796288,5,8.064932429,6,86.62,5,,,1.615554574,8,,,,,,,0.550913598,6,37,5
41800,2022,경기도 연천군,,,41.16114626,5,-5.498022971,3,,,22.54,5,0.416799162,5,,,22,5,18.07759973,5,19.87946365,7,6.020271483,4,174.38,8,,,-0.446959251,5,,,,,,,1.748863239,9,18,4
41820,2022,경기도 가평군,,,45.51913372,6,-1.535634598,6,,,16.8,3,0.535669291,6,,,27,5,20.51306516,5,12.04907482,5,4.787796129,3,132.88,6,,,0.926790024,7,,,,,,,0.343159123,5,20,4
41830,2022,경기도 양평군,,,45.61920253,6,-1.949173452,6,,,21.8,5,0.310781086,4,,,67,5,13.90152302,4,4.912068867,4,7.886072388,6,80.38,5,,,1.723306328,8,,,,,,,0.523099188,6,35,5
42110,2022,강원특별자치도 춘천시,,,48.67050068,7,2.080388227,8,,,20.05,5,0.432606469,5,,,465,6,23.87576047,5,15.32683909,6,11.12193224,9,56.73,4,,,1.145243212,7,,,,,,,0,4,109,7
42130,2022,강원특별자치도 원주시,,,45.80790235,6,-0.740633403,6,,,20.41,5,0.49470155,5,,,468,6,32.51946331,5,15.9387983,6,6.834397852,5,48.06,4,,,1.099479777,7,,,,,,,0.420841177,5,71,6
42150,2022,강원특별자치도 강릉시,,,45.59728284,6,-3.118137901,5,,,17.65,5,0.459907373,5,,,177,5,28.22237098,5,13.61590682,6,5.82944664,4,68.84,5,,,-0.131516078,5,,,,,,,0.519883168,6,58,5
42170,2022,강원특별자치도 동해시,,,42.61805864,5,-3.946156571,4,,,16.58,3,0.434356881,5,,,15,5,29.23725762,5,21.45300025,7,5.952888354,4,81.25,5,,,-0.07044931,5,,,,,,,0.466809822,5,30,5
42190,2022,강원특별자치도 태백시,,,39.40755407,5,-6.967787115,3,,,14.24,3,0.537623843,6,,,11,5,20.5957695,5,68.78345338,10,10.83622312,8,160.82,7,,,-2.029014913,2,,,,,,,0,4,12,4
42210,2022,강원특별자치도 속초시,,,49.33734647,7,-2.588274208,5,,,20.92,5,0.376333674,5,,,25,5,16.2445475,5,6.95112673,4,6.08588085,4,87.02,5,,,0.551892375,6,,,,,,,0.7564678,6,27,4
42230,2022,강원특별자치도 삼척시,,,35.98571429,4,-2.020772183,6,,,13.25,3,0.502680965,5,,,21,5,49.85306122,6,9.468379166,5,7.944381275,6,137.82,7,,,0.904578047,7,,,,,,,0.789540172,6,17,4
42720,2022,강원특별자치도 홍천군,,,43.7405077,6,-5.143277002,4,,,13.28,3,0.457616601,5,,,84,5,24.52248555,5,17.61963605,6,9.394112841,7,123.74,6,,,0.335407564,6,,,,,,,0,4,15,4
42730,2022,강원특별자치도 횡성군,,,43.23598743,6,-4.797794118,4,,,14.8,3,0.560955005,6,,,40,5,35.12537609,5,3.23134617,4,8.750195897,7,130.62,6,,,1.313074873,7,,,,,,,0,4,5,4
42750,2022,강원특별자치도 영월군,,,33.83404864,3,-4.144055254,4,,,13.52,3,0.521155638,5,,,17,5,30.18861323,5,33.53519932,9,6.391876622,5,180.34,8,,,0.808418151,6,,,,,,,1.418399478,8,6,4
42760,2022,강원특별자치도 평창군,,,37.57805707,4,-3.365503588,5,,,12.45,3,0.534632126,6,,,16,5,30.30161015,5,22.69675531,7,6.385264511,5,207.24,8,,,1.212490851,7,,,,,,,0,4,4,4
42770,2022,강원특별자치도 정선군,,,39.81274339,5,-5.312745355,4,,,15.48,3,0.591733673,6,,,15,5,71.51361255,6,12.66929089,5,9.668647566,7,198.18,8,,,-0.830208125,4,,,,,,,0,4,6,4
42780,2022,강원특별자치도 철원군,,,43.67647059,6,-4.381041472,4,,,11.68,3,0.335509337,4,,,20,5,10.38564938,4,17.44109712,6,5.615893792,4,166.24,7,,,-1.883756153,3,,,,,,,0,4,7,4
42790,2022,강원특별자치도 화천군,,,41.0481511,5,-4.603027495,4,,,15.36,3,0.259205627,4,,,12,5,9.038695057,4,16.92055755,6,10.49074003,8,210.69,9,,,-3.018642039,1,,,,,,,0,4,5,4
42800,2022,강원특별자치도 양구군,,,44.59195627,6,-5.577576444,3,,,13.85,3,0.376451565,5,,,4,5,4.356544919,4,30.48309405,8,9.866099895,8,226.66,9,,,-1.258008698,4,,,,,,,2.467186421,10,3,4
42810,2022,강원특별자치도 인제군,,,38.72508873,4,-1.414776555,6,,,11.09,3,0.358082018,4,,,9,5,7.906011302,4,13.07408557,5,9.721080482,8,184.44,8,,,0.524746942,6,,,,,,,0,4,5,4
42820,2022,강원특별자치도 고성군,,,47.95258621,7,2.545186278,8,,,9.43,3,0.545850244,6,,,13,5,16.7191831,5,18.46857813,6,8.104675602,6,201.64,8,,,1.103615165,7,,,,,,,2.361275089,10,3,4
42830,2022,강원특별자치도 양양군,,,45.33771379,6,-6.195309765,3,,,14.74,3,0.649491653,6,,,12,5,20.19385631,5,7.414232398,5,3.706133828,2,202.89,8,,,1.09093519,7,,,,,,,1.531862745,9,6,4
43110,2022,충청북도 청주시,,,41.45392927,5,-1.034301408,6,,,31.34,7,0.479289798,5,,,1133,7,53.04266614,6,11.58042805,5,5.444130824,4,38.35,4,,,0.292029055,6,,,,,,,0.047808517,4,297,10
43130,2022,충청북도 충주시,,,39.23410584,4,-1.580045407,6,,,19.35,5,0.543005,6,,,278,5,42.7766436,5,11.55948568,5,6.169819143,4,68.73,5,,,0.092665057,5,,,,,,,0.09594535,4,48,5
43150,2022,충청북도 제천시,,,43.49251846,6,-6.867603924,3,,,16.25,3,0.478247232,5,,,101,5,27.40136501,5,5.74909152,4,6.717999688,5,95.37,5,,,0.329037774,6,,,,,,,0.155975824,4,28,5
43720,2022,충청북도 보은군,,,35.81639136,3,-2.734617775,5,,,11.54,3,0.735385154,7,,,22,5,40.88386584,5,11.24441265,5,7.41173276,6,221.63,9,,,0.524558894,6,,,,,,,0.669299244,6,26,4
43730,2022,충청북도 옥천군,,,40.98411325,5,-5.831349881,3,,,16.23,3,0.565234102,6,,,44,5,27.5276454,5,10.95048465,5,6.114953501,4,152.88,7,,,0.149434572,6,,,,,,,0.425749319,5,17,4
43740,2022,충청북도 영동군,,,41.59146046,5,-9.521072797,1,,,14.56,3,0.407505536,5,,,9,5,23.21923659,5,12.94745974,5,7.533807714,6,163.88,7,,,-0.313640004,5,,,,,,,0.938658657,7,18,4
43745,2022,충청북도 증평군,,,39.99821556,5,-0.08152617,7,,,17.28,3,0.43099404,5,,,18,5,42.39584563,5,10.69054264,5,6.179132584,4,124.41,6,,,2.557565348,9,,,,,,,0.549888648,6,17,4
43750,2022,충청북도 진천군,,,33.15500493,3,2.452210852,8,,,28.72,6,0.751015784,7,,,184,5,108.5936481,8,16.56238755,6,5.853960039,4,87.79,5,,,1.254831857,7,,,,,,,0.240090274,5,16,4
43760,2022,충청북도 괴산군,,,38.18638824,4,-4.175688215,4,,,9.65,3,0.45816539,5,,,39,5,33.57468628,5,17.09699096,6,8.525574673,7,195.88,8,,,-1.411415464,3,,,,,,,0.823745847,7,13,4
43770,2022,충청북도 음성군,,,31.5401125,2,0.254331585,7,,,25.09,6,0.983472443,8,,,251,5,106.3825197,8,16.30089726,6,6.183096224,4,92.04,5,,,0.669143366,6,,,,,,,0.339770089,5,24,4
43800,2022,충청북도 단양군,,,28.1107854,1,-8.897554059,1,,,19.26,5,0.640447983,6,,,15,5,47.41254007,6,30.17463176,8,6.495636789,5,244.84,9,,,-0.464580257,5,,,,,,,1.146394589,8,12,4
44130,2022,충청남도 천안시,,,39.87521813,5,-0.777900378,6,,,37.35,8,0.485987569,5,,,1969,9,51.67238681,6,8.438340894,5,5.76613598,4,34.01,4,,,-0.145386193,5,,,,,,,0.060939659,4,150,8
44150,2022,충청남도 공주시,,,42.19624764,5,-2.171436231,5,,,17.52,5,0.530788856,5,,,344,5,35.0439403,5,7.509900459,5,6.71796876,5,105.43,6,,,0.499166431,6,,,,,,,0.969208254,7,33,5
44180,2022,충청남도 보령시,,,41.6947489,5,-4.681779232,4,,,14.26,3,0.50256503,5,,,54,5,37.16332328,5,5.919223525,4,4.116177124,3,116.46,6,,,-0.264520312,5,,,,,,,1.949930128,10,25,4
44200,2022,충청남도 아산시,,,33.24696201,3,8.862921348,10,,,42.54,8,0.633552977,6,,,674,6,112.406972,8,11.34015765,5,5.744055667,4,44.66,4,,,3.113239413,10,,,,,,,0.060262927,4,50,5
44210,2022,충청남도 서산시,,,32.73535606,3,-0.61321826,6,,,30.56,7,0.532668035,5,,,154,5,81.11755936,7,11.02091683,5,4.306082549,3,69.18,5,,,0.130942731,6,,,,,,,0.524974189,6,29,5
44230,2022,충청남도 논산시,,,43.32319036,6,-1.613193403,6,,,14.92,3,0.461073563,5,,,117,5,20.51096193,5,6.863688431,4,3.351797913,2,94.99,5,,,-0.517683831,5,,,,,,,0.632156919,6,33,5
44250,2022,충청남도 계룡시,,,46.97169673,7,-1.610114545,6,,,17,3,0.227694671,4,,,26,5,10.3591231,4,12.74189994,5,6.170890142,4,89.59,5,,,2.65767285,9,,,,,,,0.237304224,5,6,4
44270,2022,충청남도 당진시,,,27.14088757,1,-0.866236906,6,,,31.3,7,0.66591602,6,,,161,5,89.29409282,7,15.93403981,6,6.313238089,5,68.34,5,,,1.096562914,7,,,,,,,0.923287148,7,38,5
44710,2022,충청남도 금산군,,,34.48275862,3,-4.588630718,4,,,16.42,3,0.587496893,6,,,73,5,45.70486305,6,3.36351114,4,7.348352959,5,130.92,6,,,0.541004552,6,,,,,,,1.423256003,8,24,4
44760,2022,충청남도 부여군,,,44.71296668,6,-5.252859723,4,,,10.92,3,0.363288998,4,,,39,5,21.79275941,5,11.60422181,5,6.614189832,5,143.3,7,,,-0.484416855,5,,,,,,,1.342011676,8,12,4
44770,2022,충청남도 서천군,,,48.04178945,7,-3.012857417,5,,,11.13,3,0.692321958,6,,,43,5,36.3169482,5,9.613902009,5,4.065435349,3,150.28,7,,,0.196141222,6,,,,,,,1.679225877,9,22,4
44790,2022,충청남도 청양군,,,39.98681608,5,-4.615881214,4,,,17.58,5,0.454518217,5,,,27,5,28.25824357,5,1.002015463,3,3.08710785,2,224.12,9,,,0.845833609,7,,,,,,,0.694758051,6,6,4
44800,2022,충청남도 홍성군,,,46.59224875,7,-2.549192364,5,,,20.68,5,0.422685228,5,,,57,5,23.31054982,5,16.32627361,6,7.384725607,6,90.99,5,,,-0.445609169,5,,,,,,,0.517501915,6,21,4
44810,2022,충청남도 예산군,,,36.93074541,4,-0.342583076,7,,,13.17,3,0.572534267,6,,,73,5,43.20553079,5,14.29675002,6,5.581823418,4,104.59,6,,,2.013310073,8,,,,,,,0.813371833,6,24,4
44825,2022,충청남도 태안군,,,41.45531401,5,-5.569288934,3,,,14.45,3,0.457483839,5,,,43,5,40.62147224,5,9.01511372,5,4.510725389,3,121.67,6,,,0.78421782,6,,,,,,,0.855271035,7,15,4
45110,2022,전라북도 전주시,,,49.19204658,7,-2.261233985,5,,,26.47,6,0.392676887,5,,,691,6,24.5200746,5,25.37376189,7,6.003404578,4,34.32,4,,,-0.637917405,4,,,,,,,0.152979349,4,464,10
45130,2022,전라북도 군산시,,,39.30974257,4,-2.403749582,5,,,17.53,5,0.447432722,5,,,228,5,39.63504364,5,22.72047153,7,6.024858084,4,58.55,4,,,-0.50634937,5,,,,,,,0.155139179,4,91,6
45140,2022,전라북도 익산시,,,44.39714653,6,-3.873088788,4,,,18.11,5,0.449893985,5,,,590,6,34.92909312,5,18.75356325,6,5.898451393,4,61.44,5,,,-0.858613722,4,,,,,,,0.148024794,4,158,8
45180,2022,전라북도 정읍시,,,45.76597903,6,-4.588251827,4,,,11.7,3,0.467000426,5,,,104,5,27.45751373,5,18.92361131,6,7.464628435,6,116.99,6,,,-0.274074286,5,,,,,,,0.401501616,5,58,5
45190,2022,전라북도 남원시,,,47.9359681,7,-5.310137535,4,,,12.21,3,0.379610462,5,,,45,5,17.52310515,5,34.17233284,9,7.189746966,5,152.27,7,,,-0.818494381,4,,,,,,,0.946675142,7,51,5
45210,2022,전라북도 김제시,,,39.68958634,5,-2.923225185,5,,,14.15,3,0.634606565,6,,,84,5,36.80653121,5,10.72893008,5,6.661259652,5,145.89,7,,,1.797311399,8,,,,,,,0.528639019,6,30,5
45710,2022,전라북도 완주군,,,29.4585367,2,-0.766768903,6,,,21.98,5,0.696817768,7,,,260,5,84.4569042,7,18.50095215,6,5.85973292,4,94.33,5,,,2.236480492,9,,,,,,,0.443257499,5,41,5
45720,2022,전라북도 진안군,,,42.57387247,5,-3.588516746,5,,,9.95,3,0.412146463,5,,,18,5,16.84057026,5,20.87482688,7,9.34265153,7,281.3,10,,,-0.382892057,5,,,,,,,2.258355917,10,41,5
45730,2022,전라북도 무주군,,,40.52403151,5,-5.35243121,4,,,13.39,3,0.49333862,5,,,11,5,23.23879263,5,4.76648644,4,9.913128223,8,240.85,9,,,0.442760441,6,,,,,,,1.830496064,10,22,4
45740,2022,전라북도 장수군,,,41.99231986,5,-5.068937551,4,,,13.25,3,0.402894066,5,,,2,5,14.84912823,5,32.74184477,9,8.762850306,7,284.99,10,,,-0.365579303,5,,,,,,,1.0234367,7,25,4
45750,2022,전라북도 임실군,,,45.04017916,6,-3.306686047,5,,,10.68,3,0.562546317,6,,,15,5,18.83325788,5,15.4302852,6,7.732195657,6,261.62,10,,,0.494190433,6,,,,,,,2.860645689,10,24,4
45770,2022,전라북도 순창군,,,46.65230659,7,-4.091193004,4,,,13.2,3,0.397474315,5,,,14,5,17.19646799,5,7.554757361,5,9.478464222,7,251.59,10,,,1.036405133,7,,,,,,,1.209774982,8,16,4
45790,2022,전라북도 고창군,,,45.53499598,6,-4.181075134,4,,,12.59,3,0.439828739,5,,,25,5,18.89319424,5,12.75898964,5,7.527814194,6,167.18,7,,,-0.393595476,5,,,,,,,1.216273743,8,30,5
45800,2022,전라북도 부안군,,,46.51645647,7,-3.792598021,4,,,12.67,3,0.485187673,5,,,27,5,20.38687268,5,19.22635445,6,7.330440658,5,155.15,7,,,-0.037928694,5,,,,,,,2.382499459,10,26,4
46110,2022,전라남도 목포시,,,51.15140728,8,-3.647246811,5,,,19.2,5,0.35706294,4,,,89,5,19.44046944,5,26.59543466,8,6.639393341,5,61.42,5,,,-0.177469243,5,,,,,,,0.093008115,4,141,7
46130,2022,전라남도 여수시,,,34.46906767,3,-2.516424078,5,,,33.74,7,0.588990734,6,,,143,5,68.41756774,6,21.5463578,7,6.128008532,4,71.6,5,,,-0.270776846,5,,,,,,,0.268069821,5,83,6
46150,2022,전라남도 순천시,,,48.70802385,7,-2.273312343,5,,,19.46,5,0.402482092,5,,,219,5,23.13633999,5,30.0490857,8,6.421316162,5,55.5,4,,,-0.698507912,4,,,,,,,0.148734271,4,84,6
46170,2022,전라남도 나주시,,,39.38901021,5,-1.432271827,6,,,16.93,3,0.605845427,6,,,932,7,62.46322216,6,20.37665728,7,6.921247673,5,100.27,6,,,0.341759978,6,,,,,,,0.270758123,5,48,5
46230,2022,전라남도 광양시,,,28.33122002,1,-1.469166109,6,,,36.04,7,0.694581658,7,,,115,5,101.5626479,7,29.53761632,8,5.647281519,4,75.59,5,,,1.222333211,7,,,,,,,0.348235491,5,41,5
46710,2022,전라남도 담양군,,,40.16382613,5,-3.816361232,4,,,14.19,3,0.580244548,6,,,69,5,30.93372205,5,26.5900594,8,5.883769526,4,155.15,7,,,0.345038435,6,,,,,,,0.946992116,7,11,4
46720,2022,전라남도 곡성군,,,32.58241758,3,-8.177570093,2,,,14.29,3,0.604089219,6,,,19,5,50.00606061,6,22.50343681,7,8.650174195,7,231.72,9,,,0.210643016,6,,,,,,,1.161800015,8,11,4
46730,2022,전라남도 구례군,,,44.85202906,6,-4.811969268,4,,,7.06,3,0.444540728,5,,,3,5,17.43739607,5,36.73121071,9,8.951926143,7,227.07,9,,,-0.823362401,4,,,,,,,3.498491276,10,6,4
46770,2022,전라남도 고흥군,,,47.26517424,7,-5.103347357,4,,,10.62,3,0.437720982,5,,,30,5,15.58600517,5,9.395539754,5,6.200703604,5,129.97,6,,,0.467032967,6,,,,,,,0.52608505,6,14,4
46780,2022,전라남도 보성군,,,48.03467522,7,-5.555555556,3,,,9.37,3,0.447997021,5,,,16,5,16.78926984,5,8.782693457,5,8.022248906,6,168.3,7,,,-0.587455486,5,,,,,,,1.684919966,9,14,4
46790,2022,전라남도 화순군,,,45.96412556,6,-3.996649515,4,,,18.67,5,0.551312713,6,,,57,5,37.61390752,5,17.60395976,6,8.227888474,6,129.22,6,,,0.254740101,6,,,,,,,1.023419244,7,28,5
46800,2022,전라남도 장흥군,,,44.15107336,6,-5.16338239,4,,,10.11,3,0.470559637,5,,,11,5,17.17725105,5,27.20580645,8,5.823692902,4,192.94,8,,,-0.824684432,4,,,,,,,1.52031136,9,16,4
46810,2022,전라남도 강진군,,,47.81577111,7,-3.110993936,5,,,7.8,3,0.411734283,5,,,15,5,17.2158423,5,8.948488411,5,6.286832989,5,212.54,9,,,-0.150706815,5,,,,,,,1.621428803,9,16,4
46820,2022,전라남도 해남군,,,45.34969779,6,-5.220522052,4,,,9.57,3,0.458683414,5,,,28,5,20.76843736,5,11.62592092,5,5.517378118,4,140.15,7,,,-0.580273731,5,,,,,,,0.829379956,7,10,4
46830,2022,전라남도 영암군,,,24.14644961,1,-2.883554084,5,,,10.79,3,0.852291745,8,,,52,5,89.35150301,7,36.40570665,9,6.340646977,5,134.13,6,,,0.288195438,6,,,,,,,0.805850474,6,17,4
46840,2022,전라남도 무안군,,,49.2098656,7,-1.424342289,6,,,11.72,3,0.336090935,4,,,78,5,16.7578801,5,10.50086085,5,6.694969063,5,85.95,5,,,-0.058493731,5,,,,,,,0.340479622,5,25,4
46860,2022,전라남도 함평군,,,40.67937034,5,-5.53633218,3,,,9.77,3,0.532690247,5,,,45,5,22.31805483,5,15.6043724,6,7.93535309,6,208.62,8,,,0.126689189,6,,,,,,,1.424298533,8,8,4
46870,2022,전라남도 영광군,,,41.13330912,5,-1.181480973,6,,,13.37,3,0.475820111,5,,,28,5,41.08906642,5,23.40448685,7,7.006603075,5,146.38,7,,,1.245282296,7,,,,,,,1.249011199,8,25,4
46880,2022,전라남도 장성군,,,32.2858167,2,-6.843829632,3,,,14.85,3,0.70357293,7,,,89,5,35.6656237,5,15.47399527,6,6.287819279,5,153.98,7,,,0.934037918,7,,,,,,,1.285644494,8,11,4
46890,2022,전라남도 완도군,,,43.77479893,6,-4.308736217,4,,,6.49,3,0.343045286,4,,,20,5,12.52391957,4,19.51658718,6,10.30481191,8,155.35,7,,,-0.701724899,4,,,,,,,0.689021589,6,12,4
46900,2022,전라남도 진도군,,,41.89933523,5,-3.656693865,5,,,14.51,3,0.315742129,4,,,10,5,13.17012912,4,8.147795438,5,10.83916627,8,210.4,8,,,-0.433795371,5,,,,,,,1.116154476,7,9,4
46910,2022,전라남도 신안군,,,37.33673623,4,-1.084745763,6,,,7.54,3,0.357196482,4,,,14,5,13.90218712,4,74.38470072,10,12.32178957,10,235.45,9,,,0.628665011,6,,,,,,,0.605785249,6,6,4
47110,2022,경상북도 포항시,,,37.21782521,4,-3.040681545,5,,,29.46,6,0.492282468,5,,,807,6,55.69213732,6,17.07188362,6,6.237813129,5,46.05,4,,,-1.081445686,4,,,,,,,0.286794153,5,183,8
47130,2022,경상북도 경주시,,,38.24579503,4,1.989450751,8,,,21.79,5,0.566284451,6,,,313,5,47.16875729,6,7.835393238,5,6.669014099,5,66.16,5,,,-0.137816648,5,,,,,,,0.082225685,4,95,6
47150,2022,경상북도 김천시,,,39.64072616,5,-2.297776948,5,,,24.86,6,0.533106233,5,,,174,5,45.48779105,6,18.73965002,6,5.912310318,4,82.14,5,,,0.027274554,5,,,,,,,0.372864419,5,33,5
47170,2022,경상북도 안동시,,,48.98200641,7,-3.081657603,5,,,14.37,3,0.405833925,5,,,149,5,23.90012289,5,25.31886036,7,7.628719476,6,94.15,5,,,-0.582109825,5,,,,,,,0.324787102,5,98,6
47190,2022,경상북도 구미시,,,35.4877937,3,-4.016064257,4,,,32.7,7,0.535494575,6,,,819,6,77.21943349,7,22.63238588,7,5.774671476,4,43.67,4,,,-1.062703683,4,,,,,,,0.099325333,4,123,7
47210,2022,경상북도 영주시,,,43.55925786,6,-2.501019437,5,,,18.22,5,0.421433929,5,,,34,5,22.80376976,5,15.84140786,6,8.212458793,6,111.31,6,,,-0.04367289,5,,,,,,,0.499305965,6,31,5
47230,2022,경상북도 영천시,,,36.39914291,4,-1.712950947,6,,,15.89,3,0.594431188,6,,,125,5,37.66033555,5,8.262197293,5,7.314739234,5,109.98,6,,,0.127611586,6,,,,,,,0.522062355,6,32,5
47250,2022,경상북도 상주시,,,47.4553921,7,-3.008968234,5,,,15.09,3,0.444263406,5,,,53,5,18.03607774,5,12.21232191,5,7.352033935,6,133.25,6,,,0.537844194,6,,,,,,,0.109269316,4,32,5
47280,2022,경상북도 문경시,,,49.70448827,8,-2.667586524,5,,,14.92,3,0.432293643,5,,,40,5,15.48269933,5,5.113864692,4,7.954757568,6,145.3,7,,,0.433404857,6,,,,,,,0.751585846,6,32,5
47290,2022,경상북도 경산시,,,40.73603095,5,0.376465527,7,,,25.78,6,0.42641436,5,,,439,6,31.94982538,5,14.90691941,6,5.890413904,4,43.75,4,,,0.121766738,6,,,,,,,0.107114166,4,60,5
47720,2022,경상북도 군위군,,,39.75105932,5,0.630693763,7,,,9.74,3,0.656125109,6,,,7,5,24.18598972,5,22.44155955,7,7.980439388,6,247.28,9,,,3.303341902,10,,,,,,,0,4,10,4
47730,2022,경상북도 의성군,,,43.40296001,6,-1.108033241,6,,,13.97,3,0.401170625,5,,,19,5,13.02699956,4,23.37305225,7,8.353668652,6,179.8,8,,,1.117841629,7,,,,,,,0.425667766,5,16,4
47750,2022,경상북도 청송군,,,50.42874643,8,-6.372809347,3,,,10.73,3,0.590642335,6,,,4,5,16.69137683,5,12.69071825,5,8.847446092,7,225.69,9,,,0.596830624,6,,,,,,,0.439947206,5,12,4
47760,2022,경상북도 영양군,,,38.23431796,4,-4.876325088,4,,,12.51,3,0.368202371,4,,,3,5,12.96623393,4,31.61053551,8,12.06742754,10,322.83,10,,,-0.162276869,5,,,,,,,1.334757074,8,6,4
47770,2022,경상북도 영덕군,,,46.4527027,7,-5.350960025,4,,,10.99,3,0.428698752,5,,,9,5,5.14031746,4,36.55847042,9,8.297904037,6,179.02,8,,,0.063492063,5,,,,,,,0.933067927,7,9,4
47820,2022,경상북도 청도군,,,49.56253217,8,0.082281953,7,,,24.73,6,0.441450448,5,,,15,5,17.32008459,5,4.594607584,4,5.287096784,4,158.82,7,,,1.016484837,7,,,,,,,0.775835316,6,19,4
47830,2022,경상북도 고령군,,,30.76110593,2,-5.956320318,3,,,19.58,5,0.881338298,8,,,42,5,33.45616578,5,13.60330116,6,3.466775224,2,195.74,8,,,0.510657925,6,,,,,,,0.357091844,5,10,4
47840,2022,경상북도 성주군,,,31.34267841,2,-3.926915735,4,,,16.12,3,0.71306431,7,,,61,5,28.40750834,5,9.131583893,5,8.240028875,6,168.17,7,,,0.493351501,6,,,,,,,0.775253896,6,17,4
47850,2022,경상북도 칠곡군,,,36.6035339,4,-4.647337035,4,,,24.83,6,0.645271068,6,,,140,5,36.79447403,5,16.06744779,6,6.234577573,5,74.42,5,,,-0.553841777,5,,,,,,,0.092047975,4,38,5
47900,2022,경상북도 예천군,,,50.21244954,8,-1.054339011,6,,,12.05,3,0.307637005,4,,,19,5,8.402224016,4,16.79704062,6,6.254760764,5,138.3,7,,,1.086898036,7,,,,,,,0.745142602,6,17,4
47920,2022,경상북도 봉화군,,,33.19871884,3,-7.190694395,2,,,9.94,3,0.465875178,5,,,7,5,27.29420352,5,3.815554597,4,3.743650606,2,236.47,9,,,-0.384883374,5,,,,,,,1.412978205,8,7,4
47930,2022,경상북도 울진군,,,38.6027278,4,-4.6013821,4,,,14.88,3,0.487049928,5,,,15,5,54.53808208,6,13.79674676,6,7.25626521,5,154.28,7,,,-0.667658941,4,,,,,,,0.683277912,6,22,4
47940,2022,경상북도 울릉군,,,39.20623145,4,-5.026455026,4,,,22.9,5,0.49341142,5,,,1,5,16.13650511,5,5.470653624,4,8.93346932,7,483.83,10,,,2.312138728,9,,,,,,,1.236705417,8,8,4
48120,2022,경상남도 창원시,,,39.66466783,5,-3.107859998,5,,,34.36,7,0.49011049,5,,,1361,7,51.05757195,6,17.61269698,6,5.949615127,4,40.38,4,,,-0.858943873,4,,,,,,,0.070171007,4,351,10
48170,2022,경상남도 진주시,,,46.75254063,7,-2.353931584,5,,,28.36,6,0.412671086,5,,,442,6,27.97604878,5,21.50841522,7,4.667702922,3,47.39,4,,,-0.650121298,4,,,,,,,0.145032632,4,108,6
48220,2022,경상남도 통영시,,,47.73472949,7,-4.489775999,4,,,15.39,3,0.349224149,4,,,45,5,17.43070239,5,28.39802414,8,7.815943734,6,85.2,5,,,-1.338430564,3,,,,,,,0.339279201,5,24,4
48240,2022,경상남도 사천시,,,36.23356177,4,-2.737567126,5,,,20.46,5,0.608946975,6,,,104,5,60.74412311,6,18.28076512,6,7.78756033,6,90.53,5,,,0.300816502,6,,,,,,,0.760145568,6,29,5
48250,2022,경상남도 김해시,,,39.7624219,5,-1.433437825,6,,,31.28,7,0.481368983,5,,,689,6,32.99141142,5,10.27876269,5,5.833037349,4,36.87,4,,,-0.346084776,5,,,,,,,0.210959135,5,62,5
48270,2022,경상남도 밀양시,,,40.719198,5,-4.093802885,4,,,15.4,3,0.467183504,5,,,35,5,25.05279518,5,12.81957356,5,7.590786099,6,106.92,6,,,0.537180048,6,,,,,,,0.307591355,5,25,4
48310,2022,경상남도 거제시,,,32.35028928,2,-3.412277039,5,,,21.19,5,0.47221828,5,,,408,5,56.74859082,6,32.95807946,9,6.4036368,5,52.22,4,,,-1.733696157,3,,,,,,,0.393207128,5,29,5
48330,2022,경상남도 양산시,,,41.60239027,5,-1.449253438,6,,,30.39,7,0.494346756,5,,,332,5,39.48300696,5,9.894132711,5,6.235154044,5,37.33,4,,,-0.166482001,5,,,,,,,0.290545645,5,51,5
48720,2022,경상남도 의령군,,,38.93964111,4,-3.524229075,5,,,18,5,0.445720934,5,,,14,5,23.83308392,5,60.1372549,10,9.177682409,7,250.88,10,,,0.813476075,7,,,,,,,1.657687526,9,7,4
48730,2022,경상남도 함안군,,,29.22254995,2,-3.513633341,5,,,25.33,6,0.905832535,8,,,91,5,67.46792827,6,16.02056756,6,5.324946024,4,119.69,6,,,-0.634600364,4,,,,,,,0.514544457,6,16,4
48740,2022,경상남도 창녕군,,,37.43446347,4,-3.222453222,5,,,18.79,5,0.571922209,6,,,24,5,38.22272665,5,14.90682176,6,5.876608862,4,137.07,7,,,-1.401356815,3,,,,,,,1.085795979,7,18,4
48820,2022,경상남도 고성군,,,35.61672185,3,-4.561003421,4,,,11.94,3,0.511575381,5,,,26,5,44.87842927,6,23.97771963,7,4.226415304,3,152.8,7,,,1.365762766,7,,,,,,,2.139952921,10,23,4
48840,2022,경상남도 남해군,,,50.29245564,8,-3.69047619,5,,,14,3,0.45847916,5,,,13,5,12.61684985,4,12.13530869,5,13.82530511,10,168.68,7,,,0.137088434,6,,,,,,,3.050795749,10,9,4
48850,2022,경상남도 하동군,,,43.6567559,6,-6.089171975,3,,,18.5,5,0.432164251,5,,,20,5,28.94258801,5,31.40767691,8,6.803637902,5,180.57,8,,,-0.779465442,4,,,,,,,2.573207761,10,15,4
48860,2022,경상남도 산청군,,,47.18271033,7,-5.697384807,3,,,16.87,3,0.507470203,5,,,28,5,17.13212648,5,15.56576937,6,6.728972841,5,198.1,8,,,0.946279535,7,,,,,,,2.502032902,10,13,4
48870,2022,경상남도 함양군,,,46.16645649,7,-4.871060172,4,,,19.64,5,0.396183054,5,,,22,5,14.82849793,5,25.2699162,7,7.339214039,5,180.75,8,,,0.079558714,5,,,,,,,0.564015792,6,13,4
48880,2022,경상남도 거창군,,,43.39475549,6,-3.116053733,5,,,18.49,5,0.397397623,5,,,21,5,19.71253747,5,6.938943812,4,6.641227882,5,132.53,6,,,-0.04471161,5,,,,,,,0.692352962,6,17,4
48890,2022,경상남도 합천군,,,40.03262263,5,-5.18089725,4,,,9.02,3,0.409904962,5,,,8,5,15.19768877,5,7.299843387,5,5.990661602,4,195.6,8,,,0.052204452,5,,,,,,,1.274892272,8,10,4
50110,2022,제주특별자치도 제주시,,,46.58535052,7,-1.204627636,6,,,37.08,8,0.453684529,5,,,330,5,20.48439264,5,15.16048189,6,6.248101947,5,21.39,3,,,0.258619467,6,,,,,,,0.397649265,5,339,10
50130,2022,제주특별자치도 서귀포시,,,49.51918251,8,1.95138085,8,,,37.08,8,0.412438314,5,,,76,5,18.31120312,5,14.72847865,6,5.901324301,4,47.97,4,,,1.013151486,7,,,,,,,0.695987055,6,84,6
11110,2021,서울특별시 종로구,11110,,44.8095629,6,-6.2,4,,,52.41,7,2.09,10,24688.13682,10,2265,7,346.52,10,9.98,5,9.563779514,7,85.65267337,5,-15.49583637,4,-1.54,4,,,7.322463841,4,35.81968342,7,0.07,4,561,10
11140,2021,서울특별시 중구,11140,,44.95134785,6,-9.53,2,,,69.16,7,3.74,10,50076.09042,10,2002,7,607.01,10,13.17,5,5.867916599,4,97.7753147,6,17.62603603,5,-0.99,4,,,6.096112739,4,30.53714047,6,0.26,5,251,10
11170,2021,서울특별시 용산구,11170,,45.0662843,6,-7.48,4,,,45.91,6,0.75,7,5962.978744,6,1203,6,90.59,7,2.93,4,6.500310663,5,58.77629822,5,146.3358123,9,-1.6,4,,,5.954314171,4,12.85998207,4,0.05,4,173,8
11200,2021,서울특별시 성동구,11200,,42.49398915,6,-5.78,5,,,40.14,6,0.81,7,4895.238645,6,1836,7,54.98,6,5.14,4,4.510663455,3,44.5772492,4,7.365567433,5,-2.18,3,,,7.400451707,4,13.10298147,4,0.07,4,77,6
11215,2021,서울특별시 광진구,11215,,44.49534975,6,-6.61,4,,,34.76,6,0.38,5,1927.950329,4,967,6,18.41,5,2.72,4,6.641020343,5,40.56479563,4,47.68673584,6,-1.54,4,,,4.868927885,4,14.58609297,4,0.03,4,78,6
11230,2021,서울특별시 동대문구,11230,,49.54303239,8,-5.11,5,,,26.98,6,0.41,5,2285.498814,5,668,5,25.13,5,5.16,4,5.109883906,4,40.12050511,4,-92.73644265,2,-0.62,5,,,7.495670604,4,12.79277527,4,0.12,4,90,6
11260,2021,서울특별시 중랑구,11260,,52.27262842,8,-6.45,4,,,22.73,5,0.25,4,1254.741706,4,285,5,11.99,4,8.37,5,6.371172847,5,37.28566658,4,82.86651667,7,-1.31,4,,,7.835774782,4,13.49603554,4,0.08,4,44,5
11290,2021,서울특별시 성북구,11290,,53.89460653,9,-3.84,6,,,24.94,6,0.27,4,1480.018489,4,2508,8,13.29,4,7.8,5,4.995553651,3,33.86841604,4,25.33368773,6,-0.78,5,,,6.429258638,4,14.15625858,4,0.14,4,91,6
11305,2021,서울특별시 강북구,11305,,57.0230057,10,-8.08,3,,,23.93,5,0.24,4,1157.476386,4,245,5,10.1,4,4.49,4,7.752403038,6,45.28196138,4,47.36640513,6,-1.97,3,,,7.894440059,4,12.99996872,4,0.03,4,71,6
11320,2021,서울특별시 도봉구,11320,,50.40169316,8,-7.16,4,,,25.3,6,0.21,4,1099.891923,4,276,5,8.76,4,3,4,9.706321389,7,42.076326,4,19.07003504,5,-1.82,4,,,9.379042691,4,13.13004625,4,0.23,5,53,5
11350,2021,서울특별시 노원구,11350,,56.24349453,10,-5.76,5,,,20.24,5,0.24,4,1316.817495,4,1002,6,12.08,4,3.19,4,5.986912233,4,30.7979894,4,-64.98978655,3,-1.91,3,,,8.29481931,4,14.06904469,4,0.1,4,69,6
11380,2021,서울특별시 은평구,11380,,55.99140247,10,-6.06,5,,,22.06,5,0.21,4,1080.100653,4,426,5,10.39,4,8.61,5,7.91915647,6,31.8550018,4,72.26854526,7,-0.78,5,,,6.602752604,4,10.49459661,4,0.09,4,127,7
11410,2021,서울특별시 서대문구,11410,,53.36573273,9,-5.07,5,,,35.94,6,0.37,5,2965.393561,5,1599,6,31.51,5,4.07,4,5.09343048,4,42.75990551,4,56.90749253,7,-1.5,4,,,6.421933765,4,15.13777375,4,0.17,4,139,7
11440,2021,서울특별시 마포구,11440,,45.74335891,7,-3.64,6,,,39.06,6,0.87,7,5800.765509,6,1715,7,74.73,7,8.71,5,9.427699106,7,37.98002147,4,84.20356113,7,-0.16,5,,,6.325439769,4,17.68547071,5,0.37,5,339,10
11470,2021,서울특별시 양천구,11470,,49.19390904,8,-4.32,6,,,30.94,6,0.29,4,1644.541495,4,610,5,16.85,5,4.82,4,12.70748978,10,32.3508848,4,59.51064302,7,-1.23,4,,,7.637762389,4,13.19840591,4,0.02,4,79,6
11500,2021,서울특별시 강서구,11500,,43.90848858,6,-5.53,5,,,27.13,6,0.58,6,3194.687236,5,2361,7,53.87,6,4.55,4,6.228877633,5,30.45529324,4,35.30821159,6,-0.71,5,,,6.930588725,4,16.10241718,4,0.02,4,96,6
11530,2021,서울특별시 구로구,11530,,42.73767494,6,-6.26,4,,,27.52,6,0.72,7,3695.841252,5,1398,6,46.78,6,2.76,4,1.93489108,1,33.50382432,4,-15.2016606,4,-1.69,4,,,7.109004739,4,14.89562627,4,0.03,4,88,6
11545,2021,서울특별시 금천구,11545,,37.7715789,4,-6.71,4,,,30.96,6,1.33,10,7712.377226,7,2325,7,88.74,7,1.82,4,4.372986463,3,45.51370666,4,64.31016746,7,0.27,6,,,5.739739206,4,18.94766215,5,0.09,4,62,5
11560,2021,서울특별시 영등포구,11560,,41.49945781,5,-2.43,7,,,42.59,6,1.35,10,11746.69074,9,11206,10,200.5,10,2.21,4,4.729358684,3,35.78305838,4,59.94641615,7,-0.14,5,,,6.972981558,4,16.34959209,4,0.03,4,312,10
11590,2021,서울특별시 동작구,11590,,52.06038985,8,-4.98,5,,,32.17,6,0.28,4,1741.416353,4,1002,6,19.91,5,11.96,5,5.606333634,4,33.90931063,4,27.27591165,6,-1.05,4,,,6.235602715,4,11.45392605,4,0.03,4,111,7
11620,2021,서울특별시 관악구,11620,,49.45972495,8,-7.09,4,,,23.11,5,0.22,4,1306.892129,4,1617,6,11.66,4,4.97,4,8.953121436,7,29.52940536,4,-24.34865661,4,-1.23,4,,,4.74003433,4,11.47353586,4,0.02,4,123,7
11650,2021,서울특별시 서초구,11650,,39.74725736,5,-4.36,6,,,62.82,7,1.52,10,9298.486219,8,5962,10,146.18,10,4.72,4,4.458236399,3,39.816264,4,21.05176748,6,-2.84,2,,,4.996150925,4,28.22277035,6,0.34,5,251,10
11680,2021,서울특별시 강남구,11680,,43.72938565,6,-3.14,6,,,70.59,7,1.98,10,14618.73905,10,7151,10,224.17,10,7.54,5,5.498953756,4,34.55137877,4,-92.78382658,2,-0.75,5,,,5.089270982,4,31.70967135,6,0.02,4,226,10
11710,2021,서울특별시 송파구,11710,,37.80026778,4,-3.87,6,,,48.05,6,0.72,7,4835.559242,6,2828,8,60.18,6,3.28,4,6.305570853,5,27.36639778,4,159.5963416,10,-1.29,4,,,3.986009579,4,15.37656586,4,0.03,4,159,8
11740,2021,서울특별시 강동구,11740,,48.46593185,7,-0.3,8,,,32.35,6,0.36,4,2023.94459,4,583,5,28.22,5,7.99,5,5.184091151,4,31.43434146,4,-87.84504957,2,0.74,6,,,4.876978224,4,11.06117595,4,0.02,4,76,6
26110,2021,부산광역시 중구,26110,,39.71614839,5,-9.91,2,,,25.99,6,1.98,10,8857.778107,8,62,5,113.56,8,0.1,3,9.757682713,8,118.9243843,6,2.306400448,5,0.36,6,,,11.55540576,4,27.99765838,6,1.27,8,48,5
26140,2021,부산광역시 서구,26140,,54.66577214,9,-4.54,5,,,16.61,5,0.49,5,3305.473356,5,83,5,46,6,0.27,3,8.555535491,7,61.17353308,5,82.88601997,7,-0.91,5,,,10.46768462,4,17.08763798,5,0.1,4,45,5
26170,2021,부산광역시 동구,26170,,47.04606113,7,-5.31,5,,,18.24,5,1.06,9,4973.184001,6,121,5,64.35,6,0.09,3,8.445141879,6,72.7610856,5,-42.20273139,4,-0.17,5,,,12.43679898,4,21.10534788,5,0.12,4,116,7
26200,2021,부산광역시 영도구,26200,,39.60783087,5,-3.75,6,,,13.68,4,0.44,5,2437.812506,5,374,5,26.68,5,0.26,3,8.602617364,7,56.80911782,4,1.600735684,5,-0.51,5,,,10.28058918,4,13.8121547,4,0.18,4,17,4
26230,2021,부산광역시 부산진구,26230,,52.8833635,9,-3.99,6,,,21.49,5,0.51,5,2565.904026,5,681,5,30.58,5,0.2,3,9.329714123,7,29.41335588,4,232.9177983,10,-1.03,4,,,9.282433706,4,16.91755778,5,0.11,4,158,8
26260,2021,부산광역시 동래구,26260,,50.68860928,8,-3.26,6,,,24.64,5,0.39,5,1618.478188,4,263,5,18.51,5,0.28,3,9.235857053,7,29.21050809,4,39.63778728,6,-0.99,4,,,8.235900831,4,13.14944734,4,0.04,4,79,6
26290,2021,부산광역시 남구,26290,,41.41840607,5,-5.63,5,,,26.64,6,0.36,4,3017.438919,5,641,5,28.03,5,0.27,3,7.69981711,6,31.99172068,4,-41.55149497,4,-1.47,4,,,8.347308465,4,12.7054959,4,0.04,4,53,5
26320,2021,부산광역시 북구,26320,,59.32922036,10,-3.8,6,,,13.54,4,0.21,4,1173.02294,4,222,5,13.12,4,0.4,3,8.494200445,6,29.94835874,4,138.1327605,9,0.13,6,,,8.612833479,4,13.71430221,4,0.04,4,45,5
26350,2021,부산광역시 해운대구,26350,,49.37676161,8,-3.93,6,,,30.33,6,0.43,5,2314.307912,5,694,5,25.72,5,0.41,3,8.269924241,6,28.46678271,4,-11.21246745,5,-1,4,,,8.780927515,4,13.16372581,4,0.13,4,67,5
26380,2021,부산광역시 사하구,26380,,44.27858309,6,-6.58,4,,,18.9,5,0.4,5,2333.151963,5,606,5,28.67,5,0.3,3,8.474848188,6,30.11870892,4,-5.441118884,5,-1.18,4,,,8.012034403,4,14.52889155,4,0.13,4,40,5
26410,2021,부산광역시 금정구,26410,,40.16666208,5,-5.43,5,,,23.18,5,0.46,5,2041.927831,4,571,5,22.38,5,0.42,3,9.823718838,8,35.01772291,4,30.24297148,6,-1.18,4,,,8.476172537,4,15.82250817,4,0.09,4,69,6
26440,2021,부산광역시 강서구,26440,,27.26756216,1,3.26,10,,,45.02,6,1.27,10,10987.63977,9,814,6,118.96,8,2.1,4,8.037490216,6,46.79473647,4,105.9738212,8,3.23,9,,,14.14397298,4,27.1101993,6,0.29,5,20,4
26470,2021,부산광역시 연제구,26470,,51.15944577,8,-4.83,5,,,23.57,5,0.46,5,3093.70969,5,160,5,25.12,5,0.24,3,8.773848496,7,35.73256733,4,-35.41974068,4,-0.4,5,,,8.200102377,4,11.98603627,4,0.05,4,84,6
26500,2021,부산광역시 수영구,26500,,46.62521145,7,-4.09,6,,,22.54,5,0.36,4,1689.045946,4,269,5,19.15,5,0.27,3,10.26684904,8,38.19119025,4,14.9710132,5,-0.5,5,,,7.614807873,4,12.60213349,4,0.06,4,46,5
26530,2021,부산광역시 사상구,26530,,39.40430539,5,-7.02,4,,,21.68,5,0.62,6,3093.745019,5,496,5,36.42,5,0.48,4,9.422914624,7,35.79050749,4,100.2256555,8,-1.46,4,,,8.215762933,4,17.26462401,5,0.05,4,42,5
26710,2021,부산광역시 기장군,26710,,41.09281437,5,-0.38,8,,,31.94,6,0.49,5,3719.148059,5,447,5,36.36,5,1.69,4,8.614653474,7,46.84734705,4,348.2405491,10,1.59,7,,,19.89566344,4,23.47004635,5,0.47,5,17,4
27110,2021,대구광역시 중구,27110,,58.21282729,10,-3.23,6,,,27.2,6,1.25,10,8167.268789,7,101,5,69.24,7,0.76,4,10.27692214,8,86.49806409,5,10.84166418,5,-1.69,4,,,12.08226927,4,17.75016641,5,1.8,9,103,6
27140,2021,대구광역시 동구,27140,,44.29222698,6,-3.89,6,,,18.75,5,0.39,5,2335.529645,5,593,5,27.31,5,5.65,4,10.53275073,8,30.99474803,4,58.90098333,7,0.33,6,,,9.199217165,4,12.89315029,4,0.09,4,63,5
27170,2021,대구광역시 서구,27170,,43.71645716,6,-8.59,3,,,15.31,4,0.5,5,2545.862102,5,198,5,26.94,5,2.87,4,10.87029849,8,45.2691064,4,-23.57504256,4,-2.76,2,,,10.39557584,4,13.84513144,4,0.06,4,98,6
27200,2021,대구광역시 남구,27200,,55.899016,10,-5.35,5,,,12.24,3,0.41,5,2044.656539,4,131,5,18.9,5,0.71,4,11.59869716,9,48.30984555,4,13.95598534,5,-1.3,4,,,10.83520822,4,11.96155514,4,0.21,5,70,6
27230,2021,대구광역시 북구,27230,,44.57453261,6,-5.35,5,,,20.39,5,0.36,4,2183.610826,4,1408,6,17.05,5,4.06,4,10.87807809,8,25.35741125,4,-41.30148138,4,-0.47,5,,,9.472466846,4,12.93982866,4,0.05,4,51,5
27260,2021,대구광역시 수성구,27260,,48.30840023,7,-3.97,6,,,29.99,6,0.34,4,2138.414805,4,489,5,16.8,5,8.45,5,10.73675531,8,27.76382371,4,-19.37324765,4,-1.36,4,,,8.478625776,4,14.92838808,4,0.02,4,86,6
27290,2021,대구광역시 달서구,27290,,44.06943105,6,-6.56,4,,,22.97,5,0.4,5,2347.25192,5,1150,6,26.12,5,4.63,4,10.73816521,8,22.60673298,4,3.174205911,5,-2.32,3,,,7.120940613,4,16.05966072,4,0.02,4,67,5
27710,2021,대구광역시 달성군,27710,,34.3710579,3,-0.17,8,,,36.24,6,0.48,5,3252.316051,5,967,6,43.01,6,11.61,5,10.04727608,8,37.34132767,4,21.73649843,6,0.98,7,,,15.32920024,4,13.4181203,4,0.08,4,21,4
28110,2021,인천광역시 중구,28110,,34.6011264,3,-0.24,8,,,48.27,6,0.86,7,10389.30538,9,138,5,131.69,9,0.68,4,7.783450129,6,59.53808603,5,-15.48166524,4,3.06,9,,,11.78064025,4,19.10590233,5,0.07,4,60,5
28140,2021,인천광역시 동구,28140,,30.73904955,2,-5.75,5,,,22.72,5,0.74,7,7116.280129,7,399,5,73.35,7,4.22,4,8.139673604,6,105.1545379,6,-2.187382026,5,-0.3,5,,,13.92232978,4,16.20366504,4,0.17,4,213,9
28170,2021,인천광역시 미추홀구,28170,,49.93163301,8,-1.27,8,,,17.58,5,0.31,4,1986.14577,4,554,5,17.82,5,2.62,4,7.270979965,5,28.34800083,4,11.50601075,5,1.19,7,,,10.21790099,4,17.31842595,5,0.03,4,33,5
28185,2021,인천광역시 연수구,28185,,43.70134401,6,0.52,9,,,37.28,6,0.39,5,3376.85169,5,1764,7,43.16,6,3.54,4,9.076147836,7,24.02438475,4,-53.55685291,3,0.37,6,,,7.983102849,4,11.74620816,4,0.05,4,84,6
28200,2021,인천광역시 남동구,28200,,42.16511258,5,-5.93,5,,,25.8,6,0.54,6,3388.707474,5,1400,6,34.76,5,15.26,6,9.047963747,7,24.00391431,4,28.3652521,6,-1.19,4,,,10.55327967,4,14.30354419,4,0.04,4,196,9
28237,2021,인천광역시 부평구,28237,,46.33293839,7,-5.95,5,,,21.7,5,0.34,4,2246.886691,5,801,5,29,5,2.23,4,8.237135224,6,27.25208788,4,-43.47261956,4,-1.33,4,,,9.926391059,4,12.11122851,4,0.02,4,104,6
28245,2021,인천광역시 계양구,28245,,50.08545693,8,-5.74,5,,,19.36,5,0.3,4,1734.520927,4,353,5,16.31,5,1.9,4,8.932667579,7,31.96238749,4,9.020743045,5,-0.1,5,,,13.09426842,4,13.55070338,4,0.07,4,50,5
28260,2021,인천광역시 서구,28260,,39.12595754,5,-0.82,8,,,33.68,6,0.44,5,3923.409377,5,1436,6,35.41,5,7.62,5,6.948439674,5,25.17122604,4,-33.24542218,4,2.27,8,,,9.963232225,4,14.19625623,4,0,4,73,6
28710,2021,인천광역시 강화군,28710,,45.82853026,7,-3.24,6,,,16.01,4,0.37,5,2539.899273,5,67,5,17.96,5,1.17,4,6.907476578,5,117.2646353,6,37.12707967,6,1.76,8,,,49.67038308,6,33.35443722,7,0.77,6,32,5
28720,2021,인천광역시 옹진군,28720,,27.57021386,1,-5.42,5,,,11.88,3,0.32,4,4588.216498,6,16,5,47.37,6,0,3,21.34594198,10,327.6443321,10,4.3667579,5,0.01,6,,,44.24778761,6,93.56787681,10,0.53,5,2,4
29110,2021,광주광역시 동구,29110,,52.24273913,8,2.95,10,,,15.27,4,0.73,7,3656.797139,5,300,5,49.06,6,3.13,4,11.15777907,9,66.71206154,5,-54.31830942,3,1.24,7,,,16.01089477,4,25.53798776,6,0.09,4,170,8
29140,2021,광주광역시 서구,29140,,44.09300053,6,-6.02,5,,,19.52,5,0.58,6,3560.111389,5,355,5,39.88,5,16.96,6,10.46175121,8,34.7598644,4,193.696409,10,-1.6,4,,,11.49484625,4,17.34208299,5,0.03,4,135,7
29155,2021,광주광역시 남구,29155,,50.41288361,8,-0.79,8,,,14.09,4,0.33,4,1577.000116,4,170,5,15.31,5,9.21,5,11.5713794,9,41.10678516,4,-12.02554193,5,0.91,7,,,17.57095429,4,20.57680374,5,0.09,4,109,7
29170,2021,광주광역시 북구,29170,,45.02859452,6,-4.05,6,,,14.81,4,0.41,5,2605.663359,5,1697,7,24.99,5,18.87,6,10.89992156,8,29.47388655,4,26.94100741,6,-0.63,5,,,12.67743257,4,20.2517903,5,0,4,198,9
29200,2021,광주광역시 광산구,29200,,39.06740075,5,-3.65,6,,,22.02,5,0.45,5,3726.172811,5,1027,6,40.61,5,9.92,5,9.379448867,7,29.89890197,4,9.480876309,5,-0.44,5,,,13.31731156,4,17.89647237,5,0,4,84,6
30110,2021,대전광역시 동구,30110,,45.26473326,6,-3.75,6,,,11.49,3,0.34,4,1658.854659,4,323,5,22.98,5,4.06,4,11.45641599,9,35.98307384,4,103.674153,8,0.36,6,,,11.76616564,4,17.40098533,5,0,4,87,6
30140,2021,대전광역시 중구,30140,,53.75211831,9,-6.46,4,,,13.47,4,0.45,5,2300.854385,5,346,5,29.5,5,3.08,4,11.49545684,9,35.76361701,4,32.5967536,6,-1.7,4,,,12.09716442,4,14.91086763,4,0.04,4,203,9
30170,2021,대전광역시 서구,30170,,51.29687211,8,-4.71,5,,,19.18,5,0.37,5,2786.726099,5,678,5,25.23,5,6.92,4,10.74024906,8,23.33545665,4,376.6779576,10,-0.92,5,,,7.589279145,4,14.83540972,4,0.02,4,188,9
30200,2021,대전광역시 유성구,30200,,37.86256863,4,-4.17,6,,,27.78,6,0.59,6,4689.080128,6,8849,10,69.89,7,10.25,5,13.50255313,10,23.93217312,4,43.21995382,6,-0.18,5,,,7.732351724,4,53.13993516,9,0.06,4,94,6
30230,2021,대전광역시 대덕구,30230,,32.32268026,3,-5.04,5,,,18.21,5,0.58,6,4608.727991,6,1177,6,70.03,7,5.5,4,10.19478331,8,43.41789295,4,54.29855663,6,-0.47,5,,,11.66535787,4,22.39998148,5,0.12,4,56,5
31110,2021,울산광역시 중구,31110,,51.61657497,8,-5.26,5,,,19.15,5,0.25,4,2198.971736,4,287,5,20.19,5,16.05,6,11.74086919,9,31.54303166,4,-13.79437754,5,-1.85,3,,,6.394502637,4,13.14803625,4,0.15,4,95,6
31140,2021,울산광역시 남구,31140,,39.94745059,5,-4.58,5,,,33.23,6,0.57,6,10303.38762,9,482,5,63.53,6,19.45,6,10.78981542,8,27.40186548,4,71.12409548,7,-1.93,3,,,6.279594173,4,15.0779296,4,0.06,4,190,9
31170,2021,울산광역시 동구,31170,,26.48209932,1,-3.69,6,,,21.78,5,0.57,6,3663.357907,5,237,5,93.92,8,29.7,8,10.91082225,9,35.54487138,4,-22.87104178,4,-1.64,4,,,5.59205029,4,12.74709888,4,0.07,4,36,5
31200,2021,울산광역시 북구,31200,,25.94817707,1,-2.8,7,,,28.09,6,0.57,6,5685.899833,6,252,5,106.86,8,16.43,6,10.79802608,8,31.50604444,4,-34.09718153,4,-0.47,5,,,9.530462783,4,17.03609493,5,0.05,4,42,5
31710,2021,울산광역시 울주군,31710,,27.90455065,1,-4.85,5,,,45.34,6,0.59,6,10301.96795,9,951,6,77.77,7,48.15,10,9.41176674,7,46.75148552,4,-4.000564159,5,-0.06,6,,,21.68055531,5,19.12117053,5,0.14,4,47,5
36110,2021,세종특별자치시 세종시,36110,,44.38901181,6,2.46,10,,,65.65,7,0.38,5,3756.878151,5,922,6,31.64,5,62.06,10,2.830950366,2,50.24206298,4,-7.837779535,5,3.79,10,,,15.56411734,4,14.05761115,4,0.06,4,34,5
41110,2021,경기도 수원시,41110,,46.78096781,7,-4.54,6,,,48.06,6,0.4,5,3014.637404,5,14171,10,50.87,6,15.13,6,5.56477686,4,30.59576923,4,-1.517887999,5,-0.18,5,,,6.786186304,4,13.73064715,4,0.09,4,379,10
41130,2021,경기도 성남시,41130,,41.51806487,5,-3.98,6,,,61.64,7,0.66,6,5403.385581,6,8064,10,80.45,7,14.47,6,5.284109079,4,34.64764495,4,-36.41491294,4,-0.74,5,,,6.305542966,4,15.61432066,4,0,4,195,9
41150,2021,경기도 의정부시,41150,,55.50852372,9,-2.77,7,,,29.81,6,0.27,4,1593.527167,4,327,5,15.4,5,7.32,4,6.214107046,5,30.4750864,4,54.64923395,6,0.93,7,,,10.16568084,4,14.83739022,4,0.07,4,109,7
41170,2021,경기도 안양시,41170,,41.08922255,5,-4.06,6,,,46.25,6,0.55,6,3370.000987,5,2592,8,36.58,5,13.01,5,5.85119215,4,36.31276105,4,0.274122716,5,-0.44,5,,,6.624249205,4,13.09120903,4,0.06,4,111,7
41190,2021,경기도 부천시,41190,,48.83330877,7,-5.63,5,,,35.51,6,0.4,5,2225.690048,4,1524,6,24.16,5,6.37,4,6.67179105,5,31.84887587,4,-8.597818455,5,-1.35,4,,,8.37552499,4,14.76536984,4,0.08,4,131,7
41210,2021,경기도 광명시,41210,,42.69549194,6,-5.07,5,,,39.7,6,0.37,5,2756.795144,5,490,5,28.56,5,8.18,5,5.654146912,4,40.2624464,4,-73.82194701,3,-1.73,4,,,5.648452703,4,13.35202852,4,0.07,4,41,5
41220,2021,경기도 평택시,41220,,33.84944094,3,2.05,10,,,44.33,6,0.53,5,6209.374823,6,1736,7,76.74,7,16.5,6,4.841222334,3,39.74901983,4,71.60352779,7,5.03,10,,,13.55278943,4,12.72259905,4,0.15,4,83,6
41250,2021,경기도 동두천시,41250,,51.96334434,8,-4.89,5,,,17.53,5,0.33,4,1915.722498,4,65,5,17.68,5,13.77,5,6.17307669,4,68.37913014,5,30.31484234,6,0.58,6,,,20.01854349,5,26.45590132,6,0.22,5,26,4
41270,2021,경기도 안산시,41270,,37.41129263,4,-5.35,5,,,46.37,6,0.52,5,3940.003003,5,2204,7,47.79,6,14.36,5,5.768393671,4,31.22285574,4,-28.1430575,4,-0.33,5,,,6.960065926,4,17.08810004,5,0.08,4,153,8
41280,2021,경기도 고양시,41280,,47.5057881,7,-3.57,6,,,38.43,6,0.35,4,2095.417347,4,2178,7,20.37,5,9.6,5,5.190010377,4,31.26211872,4,54.24635363,6,0.12,6,,,9.299551316,4,13.83864412,4,0.03,4,231,10
41290,2021,경기도 과천시,41290,,39.10541238,5,13.66,10,,,70.68,7,0.5,5,6340.605358,7,131,5,47.17,6,116.13,10,5.761591314,4,88.64602307,5,-43.18083221,4,13.75,10,,,8.500303582,4,13.13037238,4,0.15,4,32,5
41310,2021,경기도 구리시,41310,,49.07887287,8,-6.02,5,,,38.75,6,0.34,4,1881.354846,4,203,5,18.26,5,7.18,4,5.086167773,4,42.22622179,4,-67.79422079,3,-2.64,3,,,10.9692329,4,15.82482883,4,0.05,4,39,5
41360,2021,경기도 남양주시,41360,,45.66649597,7,-0.96,8,,,32.68,6,0.29,4,1785.214187,4,1144,6,13.38,4,13.08,5,5.26224706,4,31.5465371,4,-6.875261265,5,2.89,9,,,13.08950051,4,13.96312427,4,0.03,4,93,6
41370,2021,경기도 오산시,41370,,45.76049273,7,-4.06,6,,,38.21,6,0.32,4,2622.755595,5,443,5,27.51,5,9.56,5,5.466069249,4,32.85224332,4,10.38401827,5,-0.05,6,,,8.749592442,4,19.97843037,5,0.09,4,38,5
41390,2021,경기도 시흥시,41390,,36.42870885,4,0.59,9,,,45.7,6,0.47,5,3476.714255,5,1643,6,34.14,5,11.58,5,5.348756634,4,31.13302555,4,92.47364781,8,1.86,8,,,8.211899494,4,18.39498282,5,0.04,4,62,5
41410,2021,경기도 군포시,41410,,42.21615252,5,-6.77,4,,,37.18,6,0.47,5,2729.460219,5,1022,6,29.49,5,8.13,5,5.146560908,4,35.90405372,4,-31.56577127,4,-1.91,3,,,7.691084628,4,13.27944794,4,0,4,60,5
41430,2021,경기도 의왕시,41430,,37.85262801,4,-4.59,5,,,40.94,6,0.41,5,2526.834643,5,698,5,40.45,5,15.4,6,5.170751892,4,45.90450614,4,-10.01864288,5,-0.24,5,,,9.930362552,4,12.10852263,4,0.13,4,28,5
41450,2021,경기도 하남시,41450,,41.44580922,5,9.26,10,,,48.62,6,0.39,5,2526.774596,5,805,5,15.76,5,15.84,6,5.223527716,4,33.35843127,4,-9.616466449,5,8.2,10,,,8.315055488,4,15.36418754,4,0.03,4,53,5
41460,2021,경기도 용인시,41460,,40.56489576,5,-3.95,6,,,54.81,7,0.42,5,3276.902445,5,7161,10,44.51,6,11.1,5,5.766047531,4,30.80535196,4,49.84317949,6,0.26,6,,,10.72753285,4,16.15312084,4,0.11,4,98,6
41480,2021,경기도 파주시,41480,,37.74747585,4,-0.06,8,,,40.28,6,0.54,6,4952.384815,6,1242,6,44.15,6,14.82,6,4.884051335,3,36.44689107,4,27.28845264,6,3.85,10,,,13.40454366,4,14.5266463,4,0.13,4,79,6
41500,2021,경기도 이천시,41500,,36.62736666,4,-2.95,7,,,50.98,7,0.69,6,12785.52673,10,1218,6,106.75,8,17.37,6,5.332230139,4,51.19461366,4,40.19516457,6,2.39,8,,,20.97496522,5,19.05308883,5,0.46,5,42,5
41550,2021,경기도 안성시,41550,,35.20612321,3,-6.55,4,,,28.39,6,0.66,6,5401.373368,6,789,5,60.01,6,5.56,4,4.932378538,3,53.55645252,4,15.53875581,5,1.77,8,,,29.08331167,5,23.12101431,5,0.16,4,37,5
41570,2021,경기도 김포시,41570,,37.03783183,4,2,10,,,42.8,6,0.49,5,3177.759461,5,1523,6,26.19,5,12.85,5,5.483548533,4,29.84303418,4,-24.19737849,4,2.32,8,,,9.988363861,4,11.88008206,4,0.02,4,45,5
41590,2021,경기도 화성시,41590,,30.35894252,2,0.17,9,,,58.45,7,0.76,7,10263.83286,8,4192,10,92.7,7,17.71,6,4.733063408,3,30.15288273,4,43.35283902,6,3.21,9,,,11.09908526,4,15.90074746,4,0.05,4,91,6
41610,2021,경기도 광주시,41610,,37.57027497,4,-2.71,7,,,40.65,6,0.44,5,2794.232731,5,917,6,24.07,5,7.61,5,6.077517749,4,33.16997679,4,66.69917797,7,1.32,7,,,9.827185969,4,12.62045267,4,0.08,4,49,5
41630,2021,경기도 양주시,41630,,39.96618563,5,0.17,9,,,28.56,6,0.47,5,3230.831585,5,442,5,22.46,5,15.85,6,4.303396558,3,44.49541284,4,-1.249622991,5,2.79,9,,,18.6822352,4,20.02850043,5,0.04,4,129,7
41650,2021,경기도 포천시,41650,,35.86863007,4,-5.08,5,,,24.19,5,0.82,7,5033.026273,6,531,5,39.29,5,4.43,4,4.217510358,3,62.24540298,5,41.60857402,6,1.96,8,,,28.29913326,5,29.69834962,6,0.49,5,34,5
41730,2021,경기도 여주시,41730,,43.42553481,6,-5.14,5,,,24.2,5,0.51,5,4157.840392,5,154,5,30.36,5,10.98,5,6.54092954,5,86.60722168,5,52.35540424,6,0.96,7,,,35.66699038,5,21.30563908,5,0.55,6,17,4
41800,2021,경기도 연천군,41800,,40.39862016,5,-5.8,5,,,22.52,5,0.41,5,4399.550572,6,38,5,13.53,4,20.62,6,5.945021322,4,172.1819317,8,14.18194358,5,-0.66,5,,,35.06075597,5,27.41891658,6,0.25,5,17,4
41820,2021,경기도 가평군,41820,,46.33848441,7,-6.11,4,,,18.52,5,0.51,5,3189.231338,5,45,5,23.5,5,12.68,5,4.743312265,3,126.2685467,6,26.43632367,6,0.93,7,,,34.83270255,5,28.84169685,6,0.34,5,20,4
41830,2021,경기도 양평군,41830,,46.37667916,7,-2.54,7,,,22.23,5,0.31,4,2042.323682,4,133,5,13.02,4,5.61,4,7.851346864,6,81.82258511,5,-35.49506503,4,2.76,9,,,40.6518129,6,23.28062858,5,0.18,4,36,5
42110,2021,강원도 춘천시,42110,,48.39431162,7,-3.07,6,,,20.12,5,0.43,5,2973.502252,5,929,6,21.4,5,15.58,6,11.27561108,9,59.10750111,5,19.20244602,5,1.12,7,,,18.91300713,4,24.02089143,5,0.32,5,109,7
42130,2021,강원도 원주시,42130,,45.39326402,6,-1.91,7,,,22.88,5,0.48,5,2675.929192,5,961,6,31.15,5,16.54,6,6.837974212,5,50.64049448,4,71.21425429,7,1.17,7,,,18.02790406,4,25.40964546,6,0.43,5,72,6
42150,2021,강원도 강릉시,42150,,45.00872383,6,-5.04,5,,,18.2,5,0.44,5,2968.321086,5,421,5,26.42,5,13.49,5,5.720891694,4,65.15515331,5,43.47471756,6,0.54,6,,,22.53417067,5,22.2218055,5,0.61,6,57,5
42170,2021,강원도 동해시,42170,,43.02258962,6,-3.81,6,,,18.53,5,0.43,5,3722.544155,5,43,5,27.43,5,22.26,7,5.963272493,4,80.90392373,5,-65.86843488,3,-0.01,6,,,20.62706271,5,28.17130005,6,0.23,5,30,5
42190,2021,강원도 태백시,42190,,45.52326955,6,-7.9,3,,,22.55,5,0.5,5,2498.065811,5,31,5,19.03,5,67.75,10,10.75526078,8,151.7514544,7,33.50953237,6,-2.48,3,,,32.92486694,5,42.21622702,8,0.25,5,12,4
42210,2021,강원도 속초시,42210,,49.0353545,7,-3.63,6,,,23.37,5,0.39,5,2367.374473,5,39,5,17.71,5,7.31,4,6.08588085,4,83.12386451,5,-52.84384363,3,0.74,6,,,16.79898459,4,20.53283987,5,0.51,5,27,4
42230,2021,강원도 삼척시,42230,,37.59394545,4,-5.47,5,,,12.18,3,0.46,5,4422.37147,6,45,5,45,6,9.43,5,7.947363127,6,134.8039216,7,-50.24140059,3,-1.68,4,,,42.96971953,6,19.97232182,5,0.79,6,17,4
42720,2021,강원도 홍천군,42720,,42.84714527,6,-5.05,5,,,13.88,4,0.42,5,3699.64748,5,86,5,23.42,5,18.48,6,9.405618039,7,119.5589266,6,0.928502717,5,-0.16,5,,,37.77148253,5,48.0754319,8,0.62,6,14,4
42730,2021,강원도 횡성군,42730,,42.11009823,5,-2.67,7,,,15.73,4,0.53,5,3946.175857,5,96,5,28.84,5,3.37,4,8.748547075,7,131.2846663,6,-10.24312445,5,1.16,7,,,56.36070853,6,43.00386577,8,1.14,7,5,4
42750,2021,강원도 영월군,42750,,33.52236349,3,-4.66,5,,,19.77,5,0.51,5,3555.492824,5,60,5,22.78,5,24.18,7,6.636023621,5,166.2561576,7,4.359295208,5,-0.15,5,,,57.09807434,6,66.78174255,10,1.13,7,6,4
42760,2021,강원도 평창군,42760,,37.89509079,4,-7.64,3,,,12.71,4,0.51,5,3556.305493,5,51,5,29.06,5,24.53,7,6.435209814,5,204.5943076,8,-10.11431236,5,-0.36,5,,,52.31398752,6,44.81822256,8,1.58,9,4,4
42770,2021,강원도 정선군,42770,,38.3227772,4,-5.08,5,,,22.16,5,0.6,6,3739.080589,5,22,5,63.96,6,13.57,5,9.532160362,7,195.3471852,8,-36.87655891,4,-0.97,4,,,56.82827207,6,39.52450819,7,0.9,7,6,4
42780,2021,강원도 철원군,42780,,42.9504066,6,-4.72,5,,,10.39,3,0.33,4,5079.33318,6,32,5,10.7,4,17.98,6,5.610788268,4,162.2267352,7,-24.28257875,4,-2.33,3,,,35.12125194,5,42.04042725,8,1.47,8,6,4
42790,2021,강원도 화천군,42790,,39.38387194,5,-4.88,5,,,13.89,4,0.22,4,6786.207894,7,11,5,8.17,4,17.4,6,10.49074003,8,199.2031873,8,20.61703714,6,-2.03,3,,,44.17114152,6,35.59187978,7,0.88,6,5,4
42800,2021,강원도 양구군,42800,,44.31751611,6,-1.14,8,,,18.9,5,0.25,4,5080.333824,6,16,5,7.68,4,31.47,8,9.981493911,8,236.7312154,9,-16.11541397,4,-2.01,3,,,48.76663037,6,38.14582327,7,1.93,10,2,4
42810,2021,강원도 인제군,42810,,39.63319863,5,-0.76,8,,,15.74,4,0.32,4,5493.601741,6,14,5,11.39,4,13.95,5,9.721080482,7,190.7401369,8,-33.00145746,4,1.89,8,,,30.64884252,5,32.13729583,6,0.66,6,5,4
42820,2021,강원도 고성군,42820,,50.39317754,8,-0.33,8,,,10.9,3,0.59,6,4914.712467,6,22,5,17.35,5,20.06,6,8.148024357,6,200,8,8.176397476,5,3.05,9,,,46.52908068,6,25.88610115,6,2.79,10,3,4
42830,2021,강원도 양양군,42830,,42.74614048,6,-4.29,6,,,19.48,5,0.62,6,4133.82295,5,19,5,20.82,5,7.88,5,3.74037792,2,200.886152,8,84.38002378,7,0.82,7,,,57.82517272,6,34.31447308,7,1.14,7,6,4
43110,2021,충청북도 청주시,43110,,41.61032661,5,-3.51,6,,,31.72,6,0.47,5,4555.346843,6,2462,7,45.69,6,18.7,6,5.495974578,4,37.98474309,4,3.725633095,5,0.45,6,,,16.12747003,4,21.12220053,5,0.1,4,289,10
43130,2021,충청북도 충주시,43130,,38.95041115,5,-3.77,6,,,19.91,5,0.53,5,3747.774625,5,481,5,35.15,5,12.85,5,6.169819143,4,69.05070374,5,74.72872337,7,0.23,6,,,29.95138125,5,22.06764212,5,0.19,4,45,5
43150,2021,충청북도 제천시,43150,,42.83232628,6,-5.37,5,,,17.26,5,0.45,5,2600.126148,5,240,5,25.71,5,5.72,4,6.731652249,5,87.02803738,5,4.997487243,5,-0.36,5,,,31.40186916,5,11.3187481,4,0.15,4,28,5
43720,2021,충청북도 보은군,43720,,41.19116618,5,-7.73,3,,,14.43,4,0.59,6,3829.462325,5,54,5,38.82,5,11.83,5,7.471728707,6,210.805393,9,-51.41233371,3,-0.03,6,,,99.25959456,9,67.84934136,10,1.32,8,24,4
43730,2021,충청북도 옥천군,43730,,41.33070916,5,-5.23,5,,,16.3,4,0.55,6,2991.238297,5,114,5,24.68,5,11.4,5,6.117353076,4,150.0814315,7,-9.957217394,5,0.57,6,,,71.32991115,7,72.736446,10,1.05,7,16,4
43740,2021,충청북도 영동군,43740,,41.98436444,5,-9.33,2,,,11.66,3,0.4,5,2760.288817,5,34,5,20.47,5,13.08,5,7.489833237,6,153.4712159,7,-38.4199399,4,-2.09,3,,,86.72550828,8,22.0170295,5,0.9,7,18,4
43745,2021,충청북도 증평군,43745,,37.27209585,4,-6.5,4,,,17.68,5,0.48,5,3643.438753,5,27,5,40.53,5,11.17,5,5.684228541,4,129.0516206,6,-36.66482835,4,-0.68,5,,,40.65262469,6,19.48547062,5,0.56,6,16,4
43750,2021,충청북도 진천군,43750,,32.82961062,3,-0.42,8,,,27.14,6,0.85,7,9516.017423,8,300,5,101.61,8,16.62,6,5.766606044,4,86.62112248,5,-0.28838677,5,1.96,8,,,36.39176718,5,40.88763786,7,0.24,5,16,4
43760,2021,충청북도 괴산군,43760,,37.25728155,4,-11.34,1,,,15.17,4,0.5,5,3982.275327,5,76,5,29.3,5,17,6,8.496592414,6,189.735117,8,38.50893991,6,-1.75,4,,,98.33182327,8,53.49658063,9,0.83,6,13,4
43770,2021,충청북도 음성군,43770,,31.30463566,2,-7.61,4,,,23.79,5,1.12,9,10026.11148,8,526,5,97.2,8,17.34,6,6.181555865,5,92.00325184,5,61.68031738,7,-0.14,5,,,45.20849444,6,17.39743473,5,0.34,5,25,4
43800,2021,충청북도 단양군,43800,,28.2482292,1,-6.98,4,,,12.8,4,0.6,6,4211.806855,5,33,5,40.57,5,30.91,8,6.653393654,5,233.1365779,9,-35.93004346,4,-1.05,4,,,69.05000557,7,79.47516401,10,1.12,7,12,4
44130,2021,충청남도 천안시,44130,,39.83624967,5,-3.17,6,,,37.41,6,0.5,5,4236.188165,5,3905,9,46.33,6,8.43,5,5.777754668,4,33.33879232,4,145.794787,9,-0.1,5,,,13.92040802,4,13.99124212,4,0.08,4,143,7
44150,2021,충청남도 공주시,44150,,42.02089035,5,-3.82,6,,,18.45,5,0.53,5,3956.267391,5,439,5,33.01,5,7.41,4,6.694853748,5,100.5471636,6,-15.58725013,4,-0.23,5,,,46.95318711,6,17.1766896,5,0.96,7,32,5
44180,2021,충청남도 보령시,44180,,42.54092527,6,-5.88,5,,,16.83,5,0.48,5,3914.462239,5,140,5,35.78,5,6.16,4,4.125706654,3,106.2737447,6,-43.76484081,4,-0.77,5,,,46.9247356,6,17.34233993,5,1.71,9,24,4
44200,2021,충청남도 아산시,44200,,32.38930055,3,-1.34,8,,,38.55,6,0.71,7,9721.729004,8,1293,6,99.78,8,12.08,5,5.993947367,4,44.96353881,4,64.2585577,7,2.74,9,,,18.61054636,4,15.04444666,4,0.09,4,50,5
44210,2021,충청남도 서산시,44210,,32.11646613,3,-2.88,7,,,30.81,6,0.53,5,11386.70101,9,327,5,81.64,7,10.98,5,4.283866713,3,68.17016626,5,-28.55855006,4,0.84,7,,,27.43708344,5,12.88832644,4,0.52,5,29,5
44230,2021,충청남도 논산시,44230,,42.76625825,6,-6.18,4,,,16.25,4,0.49,5,3844.562948,5,189,5,19.23,5,6.56,4,3.349614524,2,93.89230953,5,-29.06840162,4,-0.65,5,,,50.39995907,6,16.26917438,4,0.63,6,32,5
44250,2021,충청남도 계룡시,44250,,45.39724421,6,-2.03,7,,,18.06,5,0.23,4,3948.404145,5,67,5,8.41,4,13.76,5,6.190483729,5,90.5469033,5,-16.600291,4,1.28,7,,,15.21187975,4,29.15947805,6,0.24,5,6,4
44710,2021,충청남도 금산군,44710,,32.68185158,3,-7.46,4,,,18.72,5,0.69,6,4578.083087,6,151,5,43.36,6,6.17,4,7.709896341,6,132.1611107,6,-16.76940387,4,-0.32,5,,,76.0927607,7,21.9523493,5,1.21,7,24,4
44760,2021,충청남도 부여군,44760,,43.9022182,6,-8.52,3,,,13.25,4,0.33,4,3216.000251,5,80,5,19.79,5,11.46,5,6.614189832,5,134.2625971,7,-33.64336658,4,-0.72,5,,,82.19178082,8,14.14752912,4,0.82,6,11,4
44770,2021,충청남도 서천군,44770,,45.82866113,7,-6.52,4,,,12.01,3,0.69,6,4743.044635,6,75,5,35.73,5,8.8,5,4.06346716,3,145.1651604,7,-59.36852894,3,-0.6,5,,,77.58138047,7,19.47863567,5,1.66,9,20,4
44790,2021,충청남도 청양군,44790,,42.56449165,6,-0.67,8,,,19.18,5,0.4,5,4337.555848,6,44,5,25.24,5,1.04,4,3.086223138,2,216.5897087,9,-50.55075236,3,0,6,,,108.2948543,9,24.2975942,5,1.37,8,6,4
44800,2021,충청남도 홍성군,44800,,43.87778112,6,-3.87,6,,,20.28,5,0.43,5,3943.975273,5,89,5,21.42,5,16.47,6,6.061056895,4,88.4685784,5,-41.09087722,4,-0.06,6,,,41.13444468,6,11.90645798,4,0.51,5,16,4
44810,2021,충청남도 예산군,44810,,36.69909968,4,-5.7,5,,,14.41,4,0.57,6,5074.831057,6,91,5,31.27,5,14.73,6,5.562295259,4,103.6736828,6,138.2307696,9,-0.33,5,,,56.34723493,6,26.82169698,6,0.68,6,25,4
44825,2021,충청남도 태안군,44825,,36.19741874,4,-4.3,6,,,17.45,5,0.49,5,4318.922082,6,82,5,38.25,5,8.4,5,4.528931164,3,119.5985734,6,-7.597342349,5,-0.21,5,,,44.78726051,6,13.2023387,4,0.86,6,14,4
44830,2021,충청남도 당진시,44830,,26.30919238,1,-2.82,7,,,26.79,6,0.71,7,7927.769732,7,297,5,85.15,7,15.4,6,6.371589364,5,66.7229082,5,59.33888151,7,0.82,7,,,24.71874318,5,14.7387586,4,0.74,6,34,5
45110,2021,전라북도 전주시,45110,,49.17436886,8,-3.44,6,,,28.01,6,0.38,5,2435.9912,5,1830,7,23.15,5,25.09,7,6.003404578,4,33.26317736,4,32.67133325,6,0.13,6,,,12.41029756,4,16.9220916,5,0.12,4,454,10
45130,2021,전라북도 군산시,45130,,39.56104853,5,-4.44,6,,,17.71,5,0.44,5,3960.685855,5,456,5,34.62,5,23.03,7,6.054828584,4,56.94322491,4,34.23537812,6,-0.32,5,,,24.88463766,5,18.39444934,5,0.19,4,87,6
45140,2021,전라북도 익산시,45140,,44.34965498,6,-6.02,5,,,16.94,5,0.45,5,3115.629618,5,910,6,30.86,5,18.41,6,5.977443239,4,59.68231305,5,87.78286459,7,-0.95,5,,,30.69784044,5,24.6034788,5,0.18,4,157,8
45180,2021,전라북도 정읍시,45180,,45.32021417,6,-6.44,4,,,12.49,4,0.47,5,3318.104557,5,176,5,25.45,5,19.69,6,7.491748773,6,112.4800168,6,-36.13362209,4,-0.62,5,,,76.39068378,7,20.00237652,5,0.3,5,57,5
45190,2021,전라북도 남원시,45190,,46.28036914,7,-4.98,5,,,12.28,3,0.35,4,2406.967053,5,75,5,16.76,5,35.42,9,7.092166379,5,148.0059046,7,30.29287804,6,-0.68,5,,,73.41510888,7,21.38881139,5,0.93,7,50,5
45210,2021,전라북도 김제시,45210,,40.10949943,5,-6.77,4,,,17.1,5,0.65,6,4064.854844,5,170,5,33.51,5,11.73,5,6.661259652,5,134.6188364,7,-7.126774606,5,-0.39,5,,,88.7202236,8,24.59796868,5,0.66,6,28,5
45710,2021,전라북도 완주군,45710,,29.74029537,2,-6.94,4,,,18.38,5,0.74,7,5742.608238,6,515,5,80.08,7,18.86,6,5.862628641,4,92.81377264,5,-56.88917041,3,0.23,6,,,53.24690358,6,17.053206,5,0.55,6,42,5
45720,2021,전라북도 진안군,45720,,41.56269176,5,-6.24,4,,,13.31,4,0.4,5,2634.814103,5,28,5,16.57,5,22.97,7,9.34265153,7,282.0738137,10,-17.12798364,4,-0.3,5,,,161.2478032,10,42.57607673,8,2.24,10,42,5
45730,2021,전라북도 무주군,45730,,38.97507408,5,-6.1,4,,,17.66,5,0.46,5,3171.471282,5,20,5,14.41,4,5.08,4,9.840488768,8,243.4431742,10,17.01843916,5,0.03,6,,,130.0156915,10,39.04299269,7,1.82,9,21,4
45740,2021,전라북도 장수군,45740,,42.78148745,6,-5.32,5,,,16.14,4,0.4,5,2674.76377,5,26,5,14.06,4,35.15,8,8.762850306,7,277.8460782,10,-13.00170208,5,-0.65,5,,,146.5453651,10,35.21835379,7,1.01,7,25,4
45750,2021,전라북도 임실군,45750,,40.6168265,5,-7.71,3,,,15.04,4,0.69,6,3292.469136,5,19,5,18.51,5,16.62,6,7.732195657,6,258.0309637,10,-47.9365865,4,-0.94,5,,,155.2186262,10,22.35318025,5,2.44,10,23,4
45770,2021,전라북도 순창군,45770,,46.21880998,7,-9.53,2,,,16.3,4,0.38,5,2889.811953,5,26,5,16.54,5,8.1,5,9.494270645,7,244.47671,10,-64.73019688,3,-2.01,3,,,152.6507868,10,27.96308872,6,1.2,7,16,4
45790,2021,전라북도 고창군,45790,,45.3926049,6,-9,3,,,11.87,3,0.44,5,3128.857753,5,44,5,18.13,5,13.36,5,7.490885751,6,163.3450567,7,-32.78477598,4,-0.71,5,,,125.4396249,10,28.0033604,6,1.2,7,28,5
45800,2021,전라북도 부안군,45800,,46.49958229,7,-6.6,4,,,13.16,4,0.45,5,2924.577222,5,59,5,20.1,5,30.14,8,7.325689914,5,157.2577268,7,-31.77851703,4,-1.02,4,,,107.8398526,9,30.41922838,6,2.36,10,25,4
46110,2021,전라남도 목포시,46110,,52.17060316,8,-6.35,4,,,21.9,5,0.34,4,2101.702739,4,193,5,17.08,5,26.6,7,6.656050628,5,59.40916366,5,-13.92916636,5,-1.89,3,,,14.69404733,4,21.29414964,5,0.09,4,138,7
46130,2021,전라남도 여수시,46130,,33.50002891,3,-4.39,6,,,34.02,6,0.59,6,11044.50683,9,263,5,70.93,7,22.5,7,5.9749477,4,72.5751525,5,-4.130545079,5,-0.79,5,,,23.33570288,5,27.77978897,6,0.23,5,81,6
46150,2021,전라남도 순천시,46150,,48.42944653,7,-2.71,7,,,19.79,5,0.39,5,2268.360125,5,444,5,22.05,5,30.9,8,6.409125175,5,54.12176301,4,91.31085728,8,-0.05,6,,,28.44861902,5,45.35406803,8,0.41,5,81,6
46170,2021,전라남도 나주시,46170,,39.34565541,5,0.52,9,,,18.15,5,0.6,6,4609.700495,6,1733,7,60.45,6,21.22,6,6.937559073,5,99.35903003,6,148.4848341,9,1.58,7,,,61.75198458,7,53.35987875,9,0.27,5,48,5
46230,2021,전라남도 광양시,46230,,28.2947744,1,-3.44,6,,,33.09,6,0.68,6,9190.378726,8,246,5,99.24,8,53.64,10,5.694204313,4,72.1783867,5,50.87142963,6,-0.77,5,,,29.12096293,5,38.581768,7,0.28,5,40,5
46710,2021,전라남도 담양군,46710,,38.90800794,5,-5.04,5,,,16.81,5,0.59,6,3362.102642,5,114,5,25.82,5,28.46,8,5.89539875,4,148.2944997,7,28.50715882,6,0.97,7,,,93.79116138,8,17.76697213,5,0.7,6,10,4
46720,2021,전라남도 곡성군,46720,,31.44146284,2,-9.94,2,,,15.36,4,0.57,6,4192.598511,5,47,5,46.26,6,23.25,7,8.645473019,7,231.507412,9,1.256667283,5,-0.39,5,,,131.8098652,10,27.48930971,6,0.76,6,11,4
46730,2021,전라남도 구례군,46730,,47.38742162,7,-5.56,5,,,9.55,2,0.41,5,2442.690707,5,4,5,17.64,5,38.92,9,9.040585701,7,219.1734273,9,-50.45551401,3,-0.42,5,,,126.5769018,10,25.78759617,6,3.01,10,6,4
46770,2021,전라남도 고흥군,46770,,46.57108178,7,-6.15,4,,,12.17,3,0.46,5,2619.934037,5,49,5,16.02,5,10.1,5,6.21173781,5,126.0340054,6,-6.628097207,5,-0.23,5,,,120.2588623,10,17.89281682,5,0.69,6,14,4
46780,2021,전라남도 보성군,46780,,48.2316639,7,-9.69,2,,,12.06,3,0.45,5,2645.51873,5,24,5,16.44,5,9.28,5,8.022947129,6,172.5210243,8,-26.08939325,4,-0.79,5,,,128.4443363,10,23.62507555,5,1.65,9,13,4
46790,2021,전라남도 화순군,46790,,44.16957655,6,-4.88,5,,,20.36,5,0.55,6,3044.249808,5,103,5,33.84,5,18.49,6,8.227832454,6,122.8881203,6,-42.0122064,4,1.1,7,,,79.15391779,7,59.80618054,10,1.02,7,28,5
46800,2021,전라남도 장흥군,46800,,46.79762873,7,-7.39,4,,,10.92,3,0.47,5,2986.926424,5,33,5,16.56,5,30.93,8,5.961854351,4,179.7595424,8,-1.701276149,5,-2.01,3,,,124.0224116,10,38.44434511,7,1.49,8,16,4
46810,2021,전라남도 강진군,46810,,46.27271427,7,-10.68,2,,,12.3,3,0.41,5,2998.877137,5,34,5,16.79,5,9.67,5,6.244859167,5,184.4024921,8,-46.77179386,4,-0.9,5,,,116.1516546,9,25.83896899,6,1.59,9,16,4
46820,2021,전라남도 해남군,46820,,44.81906797,6,-8.1,3,,,16.03,4,0.43,5,3479.200786,5,52,5,19.35,5,12.46,5,5.711247211,4,128.5538092,6,6.255160308,5,-1,4,,,101.9891844,9,17.08984375,5,0.98,7,11,4
46830,2021,전라남도 영암군,46830,,25.47195622,1,-8.73,3,,,11.86,3,0.93,8,6196.979428,6,130,5,82.91,7,37.95,9,6.344012661,5,132.3261545,7,-41.80457333,4,-0.35,5,,,87.32454731,8,24.07385301,5,0.8,6,16,4
46840,2021,전라남도 무안군,46840,,48.12625302,7,6.14,10,,,20.25,5,0.34,4,3906.13674,5,179,5,6.17,4,10.82,5,6.711921144,5,85.02231003,5,62.82240891,7,6.03,10,,,51.05778409,6,18.07927592,5,0.34,5,25,4
46860,2021,전라남도 함평군,46860,,41.44983819,5,-11.23,1,,,14.46,4,0.5,5,3545.385944,5,55,5,14.93,5,16.58,6,7.973212751,6,199.5301168,8,-19.23891434,4,-0.62,5,,,143.3484286,10,19.29350686,5,1.4,8,7,4
46870,2021,전라남도 영광군,46870,,40.63750517,5,-4.77,5,,,11.44,3,0.52,5,3712.755603,5,61,5,46.31,6,25.58,7,7.051701896,5,143.5250403,7,39.19319966,6,-1.27,4,,,89.01410751,8,68.06140186,10,1.26,8,24,4
46880,2021,전라남도 장성군,46880,,31.91501481,2,-6.1,4,,,16.38,4,0.77,7,4777.733195,6,180,5,32.58,5,18.43,6,6.287819279,5,147.7686927,7,141.7716984,9,-1.14,4,,,92.35543296,8,54.18882133,9,1.27,8,11,4
46890,2021,전라남도 완도군,46890,,42.94346137,6,-5.18,5,,,11.58,3,0.37,5,2432.610886,5,46,5,12.89,4,20.9,6,10.30481191,8,147.6382122,7,-1.478631573,5,-1.4,4,,,73.07773777,7,20.24792459,5,1.12,7,11,4
46900,2021,전라남도 진도군,46900,,40.99712368,5,-5.11,5,,,17.3,5,0.35,4,3079.511741,5,20,5,12.6,4,6.91,4,10.83916627,8,192.3275773,8,32.905868,6,-2.32,3,,,100.9892117,9,100.5467689,10,1.1,7,9,4
46910,2021,전라남도 신안군,46910,,35.55943547,4,-5.11,5,,,7.44,1,0.39,5,3161.629641,5,37,5,13.21,4,84.71,10,12.35673619,10,233.8235294,9,4.011450264,5,-0.12,5,,,127.9411765,10,22.71419486,5,5.15,10,5,4
47110,2021,경상북도 포항시,47110,,36.87217315,4,-3.47,6,,,21.9,5,0.48,5,4726.204917,6,1807,7,50.07,6,16.98,6,6.243434689,5,44.72809032,4,201.7818306,10,0.51,6,,,15.00246384,4,19.62652825,5,0.3,5,176,8
47130,2021,경상북도 경주시,47130,,37.15452601,4,-4.44,6,,,23.87,5,0.57,6,4528.040923,6,601,5,44.45,6,8.38,5,6.704136291,5,63.42348967,5,85.82603706,7,0.08,6,,,27.154139,5,34.98328305,7,0.24,5,90,6
47150,2021,경상북도 김천시,47150,,38.60218647,4,-2.73,7,,,25.97,6,0.48,5,4133.902124,5,355,5,41.8,6,19.46,6,5.993513482,4,83.28380279,5,100.5462063,8,0.33,6,,,45.37481335,6,25.82330331,6,0.15,4,33,5
47170,2021,경상북도 안동시,47170,,48.79094669,7,-4.41,6,,,13.6,4,0.39,5,3695.277502,5,311,5,18.44,5,25.07,7,7.587661949,6,91.22886932,5,-5.070213699,5,-0.44,5,,,39.09808685,5,42.50933093,8,0.32,5,98,6
47190,2021,경상북도 구미시,47190,,35.2083108,3,-4.24,6,,,34.02,6,0.52,5,6405.373006,7,1495,6,68.38,7,21.92,7,5.8650093,4,41.96027181,4,16.5412083,5,-0.98,4,,,12.60982262,4,24.37080897,5,0.12,4,117,7
47210,2021,경상북도 영주시,47210,,43.10220441,6,-6.24,4,,,17.38,5,0.4,5,3335.693826,5,83,5,20.66,5,16.46,6,7.94361284,6,106.7236901,6,-38.87335179,4,-0.18,5,,,42.08409007,6,16.99571155,5,0.49,5,30,5
47230,2021,경상북도 영천시,47230,,35.15256626,3,-2.9,7,,,17.01,5,0.62,6,4189.558142,5,250,5,35.89,5,7.26,4,7.270402526,5,109.4543306,6,18.67904177,5,0.83,7,,,49.67003475,6,35.818409,7,0.52,5,31,5
47250,2021,경상북도 상주시,47250,,49.15306984,8,-4.93,5,,,15.01,4,0.41,5,2864.074043,5,105,5,8.05,4,11.15,5,7.34162954,5,129.8521158,6,-52.69199571,3,-0.42,5,,,68.28706174,7,74.68987465,10,0.43,5,32,5
47280,2021,경상북도 문경시,47280,,49.14066711,8,-4.72,5,,,16.97,5,0.43,5,2615.02094,5,82,5,14.16,4,5.58,4,8.252946337,6,138.6159098,7,85.23189,7,0.47,6,,,65.02238839,7,41.35884795,7,0.75,6,31,5
47290,2021,경상북도 경산시,47290,,39.72110376,5,0.26,9,,,28.29,6,0.44,5,3122.492166,5,984,6,30.56,5,14.29,5,5.90207641,4,42.77174543,4,163.4993383,10,1.92,8,,,17.10869817,4,13.38994823,4,0.11,4,60,5
47720,2021,경상북도 군위군,47720,,35.37005164,3,-9.3,2,,,12.41,4,0.54,6,4340.400959,6,21,5,24.18,5,25.41,7,7.980439388,6,248.5318299,10,-18.53575264,4,0.38,6,,,107.1176885,9,67.18221363,10,0.97,7,10,4
47730,2021,경상북도 의성군,47730,,42.11653813,5,-7.13,4,,,15.91,4,0.39,5,2907.005451,5,39,5,12.78,4,24.8,7,8.355768998,6,181.1707378,8,-19.05326317,4,-0.12,5,,,111.2013494,9,76.12442114,10,0.63,6,15,4
47750,2021,경상북도 청송군,47750,,50.97392868,8,-6.19,4,,,13.2,4,0.54,6,3083.683117,5,8,5,15.7,5,19.44,6,9.022179637,7,217.7086912,9,-13.20337343,5,-0.57,5,,,104.3455857,9,23.47315801,5,0.43,5,19,4
47760,2021,경상북도 영양군,47760,,40.72802198,5,-7.38,4,,,13.09,4,0.36,4,3029.485294,5,8,5,8.5,4,33.31,8,12.14512826,10,311.7367271,10,-26.90510528,4,-0.28,5,,,120.838154,10,25.65283168,6,1.97,10,6,4
47770,2021,경상북도 영덕군,47770,,47.16312057,7,-7.13,4,,,11.02,3,0.41,5,2592.991448,5,22,5,4.78,4,38.84,9,8.416994322,6,171.2500368,8,41.72986002,6,-1.15,4,,,74.27712441,7,45.30011325,8,1.22,7,8,4
47820,2021,경상북도 청도군,47820,,49.21428571,8,-7.65,3,,,23.31,5,0.4,5,2910.341123,5,65,5,6.67,4,4.94,4,5.368650912,4,150.9820069,7,-5.72572629,5,0.66,6,,,86.84584862,8,72.34394378,10,0.78,6,19,4
47830,2021,경상북도 고령군,47830,,31.65393084,2,-6.87,4,,,17.58,5,0.92,8,5613.09998,6,59,5,31.88,5,14.46,6,3.484736522,2,207.9015757,9,-16.72163764,4,-1.03,4,,,73.35767624,7,30.25612159,6,0.35,5,10,4
47840,2021,경상북도 성주군,47840,,30.66080357,2,-3.96,6,,,20.08,5,0.74,7,5728.226974,6,107,5,23.83,5,9.75,5,8.275960235,6,164.1995883,7,28.24873574,6,-0.09,6,,,74.99264778,7,17.51223281,5,0.77,6,17,4
47850,2021,경상북도 칠곡군,47850,,36.45158093,4,-4.74,5,,,26.39,6,0.66,6,3752.997663,5,239,5,32.21,5,16.43,6,6.236581852,5,72.6231626,5,93.15901708,8,-0.25,5,,,25.83708669,5,40.63562481,7,0.27,5,38,5
47900,2021,경상북도 예천군,47900,,49.49329846,8,0.91,9,,,12.05,3,0.31,4,2458.4797,5,32,5,7.95,4,16.7,6,6.240121082,5,133.9672361,7,21.27171496,6,1.13,7,,,73.5253469,7,19.7960632,5,0.93,7,15,4
47920,2021,경상북도 봉화군,47920,,31.66906475,2,-6.09,4,,,6.74,1,0.45,5,4206.430011,5,14,5,23.5,5,4.01,4,3.772762196,2,230.0466264,9,-19.11836722,4,-0.72,5,,,94.62424575,8,26.82833351,6,1.39,8,7,4
47930,2021,경상북도 울진군,47930,,36.76926748,4,-5.52,5,,,14.64,4,0.47,5,4341.961637,6,45,5,46.39,6,14.57,6,7.304985551,5,147.5123466,7,43.84014571,6,-0.64,5,,,61.67913908,7,30.08531657,6,0.67,6,22,4
47940,2021,경상북도 울릉군,47940,,38.61475781,4,-4.28,6,,,14.9,4,0.42,5,3994.992669,5,1,5,5.89,4,26.19,7,8.956591751,7,492.1042967,10,-17.19391838,4,-1.04,4,,,34.27592117,5,35.26448363,7,1.26,8,7,4
48110,2021,경상남도 창원시,48110,,39.38311975,5,-3.32,6,,,37.49,6,0.47,5,3797.394313,5,2580,8,48.63,6,18.13,6,5.953658926,4,39.08542637,4,339.7884458,10,-0.3,5,,,13.04472449,4,12.64940496,4,0.09,4,334,10
48170,2021,경상남도 진주시,48170,,46.25046025,7,-2.33,7,,,31.77,6,0.4,5,2525.064463,5,871,6,26.63,5,21.28,6,4.898014261,3,45.33248064,4,283.8322242,10,0.01,6,,,19.3837386,4,12.61498937,4,0.2,5,108,7
48220,2021,경상남도 통영시,48220,,48.2957659,7,-5.4,5,,,17.01,5,0.35,4,2537.532999,5,104,5,15.99,5,29,8,7.884899135,6,80.99079541,5,-3.570746002,5,-1.65,4,,,24.6737537,5,46.32638438,8,0.42,5,24,4
48240,2021,경상남도 사천시,48240,,36.18587809,4,-3.56,6,,,21.4,5,0.61,6,4229.098797,5,173,5,57.55,6,18.77,6,7.789317616,6,86.55126498,5,162.3327855,10,-0.27,5,,,37.75787534,5,45.93194496,8,0.66,6,28,5
48250,2021,경상남도 김해시,48250,,39.54323879,5,-4.3,6,,,32.87,6,0.49,5,2906.504325,5,1345,6,31.52,5,10.51,5,5.91050419,4,35.87623975,4,79.53256451,7,-0.73,5,,,12.59135576,4,12.94488496,4,0.15,4,65,5
48270,2021,경상남도 밀양시,48270,,39.52888583,5,-4.92,5,,,19.74,5,0.48,5,3103.142236,5,146,5,23.32,5,13.42,5,7.586199378,6,102.8113554,6,51.2126028,6,-0.15,5,,,47.62512643,6,11.60766106,4,0.2,5,25,4
48310,2021,경상남도 거제시,48310,,31.29093708,2,-4.76,5,,,26.24,6,0.46,5,3818.973451,5,578,5,58.11,6,33.2,8,6.381304309,5,49.41714173,4,11.29531007,5,-1.77,4,,,16.33488157,4,16.04704858,4,0.34,5,28,5
48330,2021,경상남도 양산시,48330,,41.04331915,5,-2.36,7,,,32.41,6,0.5,5,3103.179355,5,662,5,37.62,5,9.95,5,6.236143541,5,35.98876946,4,-25.08100942,4,0.71,6,,,11.4290576,4,21.71861616,5,0.17,4,48,5
48720,2021,경상남도 의령군,48720,,37.28971963,4,-8.16,3,,,16.23,4,0.49,5,3703.920675,5,15,5,22.35,5,70.84,10,9.178212713,7,244.0276407,10,-12.87507401,5,-0.05,6,,,123.1984205,10,20.097617,5,1.23,7,7,4
48730,2021,경상남도 함안군,48730,,28.37149757,1,-7.36,4,,,25.62,6,0.94,8,6352.691576,7,128,5,62.57,6,16.62,6,5.310440645,4,116.3949204,6,136.8213831,9,-1.59,4,,,59.30447709,6,22.44612087,5,0.34,5,16,4
48740,2021,경상남도 창녕군,48740,,37.8308918,4,-6.16,4,,,19.82,5,0.59,6,4599.31647,6,80,5,35.07,5,15.23,6,5.873880291,4,132.9109681,7,-7.149265061,5,-0.67,5,,,24.47036739,5,31.88888495,6,0.89,6,18,4
48820,2021,경상남도 고성군,48820,,36.38577332,4,-6.12,4,,,14.87,4,0.49,5,4382.735053,6,39,5,45.14,6,25.57,7,4.250457781,3,147.9417249,7,-50.54501109,3,-0.33,5,,,76.01991681,7,15.00676361,4,2.75,10,22,4
48840,2021,경상남도 남해군,48840,,52.12420015,8,-6.33,4,,,16.61,5,0.44,5,2783.002886,5,19,5,11.42,4,25.16,7,13.73101771,10,156.838757,7,-39.02205069,4,0.06,6,,,71.93540494,7,19.32148951,5,2.26,10,9,4
48850,2021,경상남도 하동군,48850,,43.4374655,6,-8.87,3,,,14.75,4,0.41,5,4529.848788,6,55,5,27.79,5,30.29,8,6.180672063,5,165.558792,7,-36.27379257,4,-1.68,4,,,101.8248811,9,24.78941644,5,1.52,8,14,4
48860,2021,경상남도 산청군,48860,,45.60699964,6,-8.65,3,,,17.15,5,0.47,5,3186.979045,5,58,5,16.34,5,16.12,6,6.767722523,5,186.8904101,8,17.9553938,5,0.2,6,,,118.1317017,9,109.1202182,10,2.48,10,13,4
48870,2021,경상남도 함양군,48870,,44.1389485,6,-5.05,5,,,20.06,5,0.37,5,2824.594101,5,39,5,14.75,5,26.13,7,7.523302507,6,170.7670835,8,26.12879139,6,-0.42,5,,,120.6863523,10,23.32944509,5,0.28,5,13,4
48880,2021,경상남도 거창군,48880,,43.58680878,6,-3.02,6,,,21.82,5,0.39,5,2694.069392,5,43,5,18.21,5,7.16,4,6.642267208,5,120.3619298,6,-2.046462387,5,0.31,6,,,81.3666903,8,20.16508023,5,0.68,6,17,4
48890,2021,경상남도 합천군,48890,,38.7470739,4,-8.44,3,,,11.64,3,0.43,5,2756.320019,5,29,5,13.27,4,7.72,5,5.990661602,4,193.8880961,8,-16.54486537,4,-0.57,5,,,134.5898332,10,29.59321864,6,1.5,8,10,4
49110,2021,제주특별자치도 제주시,49110,,45.94598083,7,-2.21,7,,,38.74,6,0.46,5,2977.398113,5,825,6,22.38,5,15.68,6,6.249929391,5,34.98903555,4,31.93934959,6,0.3,6,,,9.921659387,4,19.47711596,5,0.19,4,236,10
49130,2021,제주특별자치도 서귀포시,49130,,49.17534993,8,-0.65,8,,,38.74,6,0.43,5,2997.921193,5,221,5,20.45,5,15.84,6,5.897801159,4,69.01438311,5,13.48342708,5,1.32,7,,,11.04676464,4,24.57189326,5,1.05,7,64,5
11110,2020,서울특별시 종로구,38.31,6,43.15,6,-9.07,10,67.85,6,53.66,7,2.09,10,22689.1635,10,1895,7,307.81,7,8.15,4,4.48,6,90.32,6,19.15,5,-1.09,10,,,7.09,4,34.21,7,0.43,5,551,7
11140,2020,서울특별시 중구,34.73,6,44.38,6,-8.32,10,65.16,5,67.57,7,3.46,10,44770.44475,10,1923,7,583.96,7,12.91,5,19.21,10,105.93,6,-9.94,5,-0.76,10,,,7.08,4,40.77,8,0.09,1,248,7
11170,2020,서울특별시 용산구,43.59,7,44.38,6,-5.26,10,64.19,5,49.92,6,0.73,7,5574.833942,6,1268,6,86.41,7,2.86,1,12.99,9,64.09,5,-34.63,5,0.56,8,,,6.14,4,11.65,4,0.1,1,172,7
11200,2020,서울특별시 성동구,36.44,6,43.29,6,-6.64,10,66.51,5,39.18,6,0.72,7,4231.887613,6,1691,7,47.15,6,5.05,2,14.77,9,47.14,4,75.51,6,-2.71,10,,,7.68,4,12.62,4,0.04,1,75,6
11215,2020,서울특별시 광진구,32.91,6,47.34,7,-7.09,10,66.45,5,32.13,6,0.36,5,1860.848559,4,970,6,17.53,3,1.84,1,27.89,10,42.37,4,-17.45,5,-1.38,10,,,4.88,4,14.79,4,0.03,1,82,6
11230,2020,서울특별시 동대문구,27.13,6,48.69,7,-5.5,10,65.36,5,25.85,6,0.42,5,2158.394514,4,689,5,24.62,4,5.14,2,14.32,9,41.17,4,1298.15,10,-0.94,10,,,7.08,4,10.67,4,0.12,1,88,6
11260,2020,서울특별시 중랑구,20.39,6,51.91,8,-5.47,10,62.97,5,24.92,5,0.24,4,1203.514804,4,310,2,11.18,1,5.38,2,17.11,10,37.94,4,-19.73,5,-0.51,10,,,7.88,4,12.85,4,0.05,1,44,5
11290,2020,서울특별시 성북구,29.37,6,54,9,-5.4,10,66.1,5,24.4,5,0.26,4,1416.714057,4,2291,7,12.99,2,7.54,4,25.17,10,35.62,4,-16.61,5,-1.21,10,,,6.44,4,12.84,4,0.09,1,89,6
11305,2020,서울특별시 강북구,19.49,5,57.19,10,-7.12,10,62.39,5,24.31,5,0.22,4,1089.726185,4,228,1,10.2,1,5.06,2,5.36,6,45.76,4,-8.58,5,-1.63,10,,,6.93,4,12.77,4,0.03,1,69,6
11320,2020,서울특별시 도봉구,23.41,6,51.77,8,-8.32,10,65.77,5,24.49,5,0.2,4,1075.87477,4,274,2,9.23,1,2.93,1,8.88,7,41.94,4,-48.64,5,-2.29,10,,,8.37,4,12.53,4,0.16,1,52,5
11350,2020,서울특별시 노원구,29.06,6,56.02,10,-6.62,10,69.1,6,20.73,5,0.22,4,1230.950774,4,960,6,11.64,1,3.14,1,7.53,7,31.9,4,75.64,6,-1.82,10,,,7.47,4,12.76,4,0.06,1,67,6
11380,2020,서울특별시 은평구,28.27,6,55.77,10,-4.91,10,64.29,5,22.51,5,0.19,4,1057.973887,4,391,3,10.2,1,7.2,3,4.68,6,31.91,4,-25.08,5,0.04,10,,,6.24,4,11.62,4,0.09,1,122,6
11410,2020,서울특별시 서대문구,34.75,6,53.54,9,-4.05,10,67.46,6,32.58,6,0.37,5,2758.427539,5,1493,6,29.93,5,4.03,1,19.92,10,45.16,4,2.85,5,0.94,8,,,6.21,4,13.77,4,0.2,2,138,7
11440,2020,서울특별시 마포구,40.14,6,45.09,6,-5.52,10,68.43,6,38.79,6,0.8,7,5431.605045,6,1797,7,66.93,6,8.7,4,20.06,10,41.03,4,-20.32,5,-0.66,10,,,6.12,4,16.1,5,0.23,3,335,7
11470,2020,서울특별시 양천구,33.58,6,48.96,8,-2.34,10,68.66,6,28.96,6,0.26,4,1543.667048,4,585,5,15.54,3,3.76,1,19.32,10,33.63,4,-26.55,5,-0.87,10,,,8.01,4,14.38,4,0,1,74,6
11500,2020,서울특별시 강서구,31.4,6,43.78,6,-7.42,10,66.49,5,28.96,6,0.53,6,2897.584736,5,2245,7,49.01,6,4.42,1,11.02,8,30.13,4,-10.19,5,-2.13,10,,,6.42,4,13.96,4,0.04,1,90,6
11530,2020,서울특별시 구로구,27.34,6,41.96,5,-4.92,10,67.52,6,26.54,6,0.66,7,3443.266701,5,1428,6,40.39,6,2.56,1,31.28,10,36.25,4,60.56,6,-0.78,10,,,7.46,4,17.06,5,0.03,1,85,6
11545,2020,서울특별시 금천구,22.75,6,38.19,4,-6.81,10,63.03,5,30.05,6,1.28,10,7431.730051,7,2139,7,83.98,7,1.8,1,16.14,10,52.5,5,-21.24,5,-0.52,10,,,6.21,4,18.4,5,0.09,1,57,5
11560,2020,서울특별시 영등포구,39.33,6,41.62,5,-0.72,10,67.18,6,42.22,6,1.24,10,10391.42116,9,12566,7,175.93,7,2.18,1,14.88,9,41.3,4,-35.72,5,2.84,8,,,7.65,4,22.49,5,0.03,1,309,7
11590,2020,서울특별시 동작구,37.44,6,51.83,8,-6.62,10,69.37,6,31.99,6,0.27,4,1700.021471,4,1007,6,19.24,4,11.86,5,15.94,10,35.4,4,-5.94,5,-1.32,10,,,5.78,4,10.72,4,0.05,1,112,6
11620,2020,서울특별시 관악구,33.4,6,48.99,8,-8.09,10,65.85,5,24.87,5,0.2,4,1240.00202,4,1493,6,11.52,1,4.83,1,12.14,8,31.43,4,39.32,6,-0.99,10,,,4.6,4,11.7,4,0.02,1,123,6
11650,2020,서울특별시 서초구,53.13,7,39.38,5,-1.84,10,68.83,6,62.47,7,1.4,10,8526.804289,8,5969,7,129.61,7,4.61,1,8.73,7,39.81,4,22.27,5,-1.51,10,,,4.87,4,25.66,6,0.05,1,246,7
11680,2020,서울특별시 강남구,51.98,7,44.11,6,-1.24,10,65.44,5,68.02,7,1.78,10,13771.53001,10,6330,7,203.55,7,8.29,4,15.36,10,34.54,4,1497.65,10,-1.16,10,,,4.83,4,28.63,6,0.04,1,221,7
11710,2020,서울특별시 송파구,43.28,7,38.09,4,-4.13,10,68.89,6,47.27,6,0.67,7,4541.677945,6,2586,7,53.51,6,3.37,1,14.93,9,26.63,4,-19.84,5,-1.43,10,,,4.69,4,14.11,4,0.06,1,159,7
11740,2020,서울특별시 강동구,33.61,6,47.56,7,7.15,9,67.01,6,31.55,6,0.33,4,2025.594713,4,592,5,27.29,5,7.7,4,14.77,9,32.91,4,1029.78,10,5.04,8,,,4.89,4,12.61,4,0.02,1,74,6
26110,2020,부산광역시 중구,19.62,5,39.4,5,-10.66,10,60.4,5,26.31,6,1.85,10,8553.888207,8,47,1,101.11,7,0.1,1,7.07,7,127.47,7,0.12,5,-0.24,10,,,10.96,4,25.49,6,1.27,7,50,5
26140,2020,부산광역시 서구,21.38,6,52.62,9,-3.41,10,61.38,5,17.54,5,0.49,5,3157.738937,5,88,1,43.38,6,0.26,1,5.28,6,60.37,5,-0.01,5,0.54,8,,,10.48,4,16.5,5,0.1,1,25,2
26170,2020,부산광역시 동구,19.42,5,47.44,7,-2.73,10,62.08,5,18.58,5,1.03,9,4609.638812,6,90,1,61.54,6,0.03,1,8.51,7,72.05,5,0,5,1.38,8,,,12.36,4,20.49,5,0.12,1,111,6
26200,2020,부산광역시 영도구,15.56,5,39.71,5,-9.01,10,61.26,5,14.27,4,0.43,5,2436.927176,5,422,4,24.83,4,0.26,1,5.96,6,57.54,5,0,5,-2.19,10,,,9.81,4,12.52,4,0.18,2,17,1
26230,2020,부산광역시 부산진구,23.25,6,51.21,8,-5.74,10,63.74,5,22.86,5,0.48,5,2400.950301,5,654,5,28.46,5,0.18,1,7.13,7,29.14,4,0,5,0.84,8,,,8.87,4,15.36,4,0.14,1,161,7
26260,2020,부산광역시 동래구,28.1,6,49.23,8,-0.06,10,65.77,5,25.05,6,0.37,5,1473.510868,4,259,1,18.5,3,0.27,1,5.45,6,28.24,4,0,5,-0.09,10,,,7.52,4,11.98,4,0.11,1,77,6
26290,2020,부산광역시 남구,25.86,6,43.23,6,-8.5,10,66.37,5,27.95,6,0.33,4,2299.303032,5,678,5,26.13,5,0.22,1,4.59,6,31.49,4,0,5,-2.22,10,,,8.2,4,12.05,4,0.04,1,48,5
26320,2020,부산광역시 북구,21.43,6,60.19,10,-6.65,10,66.92,6,14.59,4,0.2,4,1067.545923,4,227,1,12.43,1,0.4,1,3.05,5,29.36,4,0.01,5,-2.38,10,,,8.22,4,10.71,4,0.04,1,42,4
26350,2020,부산광역시 해운대구,31.13,6,48.6,7,-4.76,10,64.45,5,31.56,6,0.41,5,2269.898476,5,805,6,24.75,4,0.39,1,3.41,5,27.63,4,0.07,5,-0.91,10,,,8.52,4,11.88,4,0.1,1,61,5
26380,2020,부산광역시 사하구,18.1,5,43.29,6,-6.84,10,63.46,5,20.24,5,0.37,5,2258.444237,5,647,5,27.28,5,0.27,1,3.87,5,29.24,4,0,5,-2.69,10,,,8.25,4,13.33,4,0.13,1,38,4
26410,2020,부산광역시 금정구,25.67,6,40.57,5,-8.22,10,65.62,5,23.03,5,0.42,5,1876.95108,4,629,5,22.6,4,0.41,1,3.18,5,34.1,4,0.02,5,-2.26,10,,,7.78,4,15.35,4,0.13,1,68,6
26440,2020,부산광역시 강서구,26,6,26.26,1,6.75,9,66.22,5,46.73,6,1.21,10,9732.221634,9,799,6,117.82,7,2.05,1,4.1,5,48.84,4,0,5,5.54,8,,,15.39,4,26.41,6,0.31,4,17,1
26470,2020,부산광역시 연제구,26.87,6,49.72,8,-3.04,10,66.83,6,21.32,5,0.43,5,3023.200754,5,227,1,23.36,4,0.23,1,4.6,6,35.12,4,0.02,5,0.01,10,,,7.6,4,10.5,4,0.05,1,82,6
26500,2020,부산광역시 수영구,30.24,6,46.28,7,-2.62,10,63.94,5,26.19,6,0.32,4,1566.444877,4,195,1,18.72,3,0.27,1,11.25,8,37.58,4,0.05,5,0.67,8,,,6.95,4,12.9,4,0.06,1,46,5
26530,2020,부산광역시 사상구,16.02,5,38.44,4,-9.16,10,64.77,5,23.1,5,0.59,6,2924.228783,5,562,5,33.53,5,0.47,1,4.71,6,35.52,4,0.01,5,-2.28,10,,,8.12,4,16.29,5,0.05,1,41,4
26710,2020,부산광역시 기장군,22.14,6,40.88,5,2.99,10,63.53,5,36.53,6,0.45,5,3648.842992,5,347,3,34.58,5,1.72,1,2.93,5,46.9,4,0.01,5,5.55,8,,,20.49,5,21.02,5,0.48,5,15,1
27110,2020,대구광역시 중구,30.85,6,55.45,9,-5.25,10,63.25,5,27.21,6,1.2,10,7066.624427,7,116,1,10.13,1,0.75,1,12.02,8,85.17,6,-21.2,5,-0.91,10,,,10.88,4,15.65,4,1.36,7,108,6
27140,2020,대구광역시 동구,22.36,6,45.08,6,-5.19,10,63.89,5,19.58,5,0.36,5,2218.036968,5,557,5,7.48,1,5.63,2,1.59,4,30.63,4,9.45,5,-0.84,10,,,9.27,4,12.66,4,0.09,1,62,5
27170,2020,대구광역시 서구,11.77,4,42.07,5,-9.66,10,59.98,5,15.93,4,0.45,5,2257.0744,5,192,1,7.8,1,2.78,1,8.12,7,44.33,4,16.75,5,-2.11,10,,,10.4,4,13.68,4,0.06,1,29,3
27200,2020,대구광역시 남구,20.38,6,53.9,9,-6.85,10,59.93,5,15.01,4,0.39,5,2113.580937,4,126,1,7.35,1,0.71,1,6.56,6,47.43,4,210.41,8,-0.42,10,,,10.01,4,11.13,4,0.21,3,70,6
27230,2020,대구광역시 북구,20.31,6,43.45,6,-4.66,10,64.32,5,21.49,5,0.34,4,2377.721271,5,1174,6,7.21,1,4.04,1,2.7,5,25.49,4,-20.49,5,0.58,8,,,8.77,4,12.56,4,0.05,1,52,5
27260,2020,대구광역시 수성구,35.15,6,49.15,8,-3.77,10,69.32,6,29.57,6,0.31,4,1977.252695,4,557,5,7.18,1,8.4,4,2.49,5,27.02,4,9.85,5,-0.82,10,,,7.74,4,14.8,4,0.02,1,87,6
27290,2020,대구광역시 달서구,22.05,6,44.2,6,-5.51,10,63.27,5,23.72,5,0.38,5,2096.012753,4,1125,6,7.37,1,4.53,1,4.9,6,21.87,4,23.64,5,-1.75,10,,,6.65,4,14.99,4,0.02,1,66,6
27710,2020,대구광역시 달성군,18.98,5,34.44,3,-1.31,10,63.45,5,37.19,6,0.46,5,2781.38344,5,933,6,39.7,6,11.69,5,1.33,4,37.5,4,-63.54,4,0.64,8,,,15.1,4,12.96,4,0.08,1,19,1
28110,2020,인천광역시 중구,24.05,6,35.25,3,2.59,10,60.53,5,47.3,6,0.85,8,8718.037057,8,111,1,132.29,7,0.7,1,1.07,4,53.25,5,-31.96,5,3.19,8,,,9.75,4,18.82,5,0.22,3,60,5
28140,2020,인천광역시 동구,12.56,4,32.93,3,-7.35,10,64.9,5,19.94,5,0.69,7,5847.174699,7,617,5,63.61,6,0.9,1,6.97,6,89.87,6,-19.31,5,-2.56,10,,,10.48,4,14.98,4,0.17,1,17,1
28170,2020,인천광역시 미추홀구,15.02,5,49.88,8,-6.77,10,59,5,18.52,5,0.29,4,1903.713679,4,522,4,17.07,3,2.67,1,14.12,9,20.92,4,57.51,6,-1.04,10,,,7.14,4,18.18,5,0.03,1,143,7
28185,2020,인천광역시 연수구,30.06,6,43.32,6,0.87,10,66.81,6,41.47,6,0.36,5,3057.308814,5,1612,7,39.16,6,3.62,1,2.48,5,25.83,4,490.32,10,5.08,8,,,6.75,4,10.52,4,0.03,1,78,6
28200,2020,인천광역시 남동구,18.92,5,41.48,5,-4.7,10,62.38,5,28.53,6,0.49,5,3132.378739,5,1325,6,33.08,5,15.14,6,8.13,7,23.51,4,-19.83,5,-1.46,10,,,7.28,4,15.06,4,0.02,1,200,7
28237,2020,인천광역시 부평구,18.9,5,46.65,7,-7.16,10,61.74,5,22.82,5,0.33,4,2158.091328,4,740,5,27.16,5,2.2,1,14.02,9,19.75,4,-8.41,5,-3.35,10,,,6.81,4,11.36,4,0.02,1,104,6
28245,2020,인천광역시 계양구,17.1,5,50.5,8,-8.08,10,62.34,5,19.44,5,0.27,4,1627.643471,4,325,3,15.53,3,1.86,1,5.4,6,24.95,4,-27.86,5,-2.19,10,,,9.65,4,13.81,4,0,1,48,5
28260,2020,인천광역시 서구,19.49,5,38.79,4,-3.28,10,62.24,5,34.65,6,0.41,5,3645.489816,5,1267,6,33.2,5,7.76,4,6.12,6,17.99,4,-42.42,5,-0.73,10,,,9.07,4,15.29,4,0,1,70,6
28710,2020,인천광역시 강화군,13.77,5,46.52,7,-3.52,10,66.43,5,16.67,4,0.34,4,2353.75056,5,79,1,14.06,2,0.75,1,0.19,4,87.41,6,-44.74,5,0.85,8,,,45.48,6,31.3,7,0.77,6,33,4
28720,2020,인천광역시 옹진군,20.23,6,25.91,1,-4.53,10,72.99,6,11.81,3,0.32,4,4287.958934,6,8,1,45.66,6,,0,0.08,4,217.47,10,24.1,5,0,10,,,41.6,6,41.6,8,0,1,1,1
29110,2020,광주광역시 동구,30.83,6,53.18,9,-2.32,10,68.01,6,14.65,4,0.71,7,3516.738097,5,244,1,48.75,6,3.21,1,2.21,5,54.36,5,71.03,6,4.47,8,,,15.71,4,25.06,6,0.1,1,169,7
29140,2020,광주광역시 서구,28.63,6,44.15,6,-5.54,10,67.81,6,21.68,5,0.55,6,3528.670223,5,383,3,37.7,5,16.72,6,4.39,6,25.88,4,-63.94,4,-1.43,10,,,11.01,4,17.26,5,0.03,1,128,6
29155,2020,광주광역시 남구,29.51,6,49.98,8,-4.74,10,68.12,6,12.46,3,0.32,4,1508.635514,4,208,1,14.88,2,9.28,4,3.05,5,31.15,4,-41.32,5,-1.44,10,,,16.3,4,20.16,5,0.09,1,109,6
29170,2020,광주광역시 북구,25.7,6,45.35,6,-5.71,10,67.09,6,18.27,5,0.38,5,2496.386877,5,1674,7,23.89,4,18.77,6,3.25,5,19.94,4,-63.2,4,-0.67,10,,,12.21,4,18.33,5,0,1,195,7
29200,2020,광주광역시 광산구,21.93,6,38.88,5,-4.85,10,66.04,5,22.61,5,0.42,5,3452.382397,5,1013,6,38.32,6,10,5,2.32,5,22.14,4,-5.7,5,-0.12,10,,,12.46,4,17.77,5,0,1,83,6
30110,2020,대전광역시 동구,17.31,5,46.86,7,-7.04,10,62.1,5,11.92,3,0.34,4,1655.112299,4,299,2,23.06,4,3.05,1,1.84,5,26.96,4,22.93,5,-1.4,10,,,11.14,4,10.22,4,0,1,83,6
30140,2020,대전광역시 중구,23.87,6,52.74,9,-6.38,10,63.38,5,15.34,4,0.42,5,2092.388028,4,303,2,28.15,5,2.1,1,3.37,5,26.01,4,128.65,7,-1.78,10,,,10.48,4,16.18,5,0.04,1,221,7
30170,2020,대전광역시 서구,29.95,6,51.74,8,-4.46,10,64.91,5,20.49,5,0.38,5,2661.001088,5,834,6,23.65,4,6.88,3,2.08,5,15.8,3,-45.81,5,-0.8,10,,,7.34,4,15.73,4,0.02,1,192,7
30200,2020,대전광역시 유성구,39.07,6,38.46,4,-3.15,10,68.89,6,29.77,6,0.55,6,4370.755483,6,8270,7,65.71,6,10.19,5,2.21,5,18.62,4,11.66,5,0.12,10,,,7.45,4,16.54,5,0.03,1,101,6
30230,2020,대전광역시 대덕구,18.04,5,33.2,3,-6.67,10,63.55,5,19.59,5,0.61,6,4373.112074,6,1159,6,67.41,6,5.68,2,3.56,5,33.69,4,79.68,6,-0.21,10,,,11.77,4,21.4,5,0.06,1,59,5
31110,2020,울산광역시 중구,19.62,5,51.13,8,-6.67,10,67.55,6,20.1,5,0.24,4,2118.202624,4,308,2,19.51,4,15.72,6,5.53,6,31.33,4,-9.63,5,-2.68,10,,,6.53,4,12.54,4,0.05,1,93,6
31140,2020,울산광역시 남구,24.55,6,38.43,4,-4.15,10,67.37,6,35.38,6,0.56,6,8142.794566,8,503,4,62.15,6,30.17,7,3.87,5,26.38,4,-37.68,5,-1.27,10,,,6.67,4,14.99,4,0.13,1,183,7
31170,2020,울산광역시 동구,15.55,5,26.83,1,-4.61,10,68.97,6,23.24,5,0.52,6,4832.658827,6,546,5,85.7,7,29.11,6,3.67,5,34.83,4,64.88,6,-1.95,10,,,5.44,4,12.49,4,0.13,1,35,4
31200,2020,울산광역시 북구,17.73,5,26,1,-1.14,10,69.43,6,29.7,6,0.52,6,6016.503055,7,281,2,102.54,7,19.24,6,1.41,4,30.08,4,48.49,6,0.03,10,,,9.45,4,16.33,5,0.05,1,40,4
31710,2020,울산광역시 울주군,19.23,5,27.11,1,-4.95,10,67.19,6,45.11,6,0.59,6,8060.311048,8,861,6,75.91,7,60.94,7,0.81,4,48.64,4,10.07,5,-0.31,10,,,22.32,5,16.48,5,0.09,1,45,5
36110,2020,세종특별자치시 세종시,34.59,6,44.04,6,4.02,10,68.61,6,64.83,7,0.34,4,3570.11868,5,874,6,28.66,5,64.26,7,6.61,6,12.43,3,63.08,6,3.66,8,,,16.01,4,12.4,4,0.06,1,33,4
41110,2020,경기도 수원시,28.9,6,43.8,6,-4.89,10,65.76,5,51.4,7,0.38,5,2785.593443,5,11879,7,45.91,6,14.57,5,12.17,8,30.52,4,82.01,6,-0.95,10,,,6.28,4,12.21,4,0.05,1,383,7
41130,2020,경기도 성남시,35.7,6,41.44,5,-2.97,10,67.48,6,63.87,7,0.59,6,4976.788495,6,7669,7,67.32,6,14.24,5,9.67,7,35.24,4,81.65,6,-0.38,10,,,6.04,4,14.06,4,0.02,1,192,7
41150,2020,경기도 의정부시,18.34,5,55.18,9,-2.35,10,61.16,5,27.19,6,0.25,4,1586.807303,4,405,4,14.24,2,7.24,3,8.77,7,21.18,4,177.96,7,2.15,8,,,9.82,4,13.71,4,0.05,1,111,6
41170,2020,경기도 안양시,30.49,6,41.33,5,-5.91,10,69.14,6,45.84,6,0.5,6,3240.873084,5,2588,7,33.44,5,13.01,5,10.63,8,35.61,4,-18,5,-3.27,10,,,6.7,4,11.96,4,0.04,1,111,6
41190,2020,경기도 부천시,20.22,6,48.02,7,-5.17,10,63.15,5,39.44,6,0.37,5,2184.960831,5,1418,6,22.37,4,5.3,2,16.79,10,12.44,3,32.72,6,-1.54,10,,,7.69,4,11.08,4,0.08,1,124,6
41210,2020,경기도 광명시,25.22,6,43.89,6,-7.65,10,68.36,6,39.47,6,0.32,4,2666.399419,5,568,5,25.61,5,7.86,4,13.66,9,30.16,4,-49.62,5,-6.13,10,,,5.3,4,11.95,4,0.03,1,41,4
41220,2020,경기도 평택시,19.03,5,34.54,3,1.23,10,59.04,5,45.6,6,0.51,6,5877.815476,7,1719,7,67.28,6,17.32,6,6.97,6,41.9,4,-7.01,5,4.28,8,,,15.79,4,18.6,5,0.14,1,85,6
41250,2020,경기도 동두천시,12.57,4,52.28,9,-9.59,10,57.98,5,22.07,5,0.32,4,1885.929435,4,61,1,14.81,2,13.75,5,3.01,5,71.22,5,91.74,6,-0.04,10,,,20.58,5,24.66,6,0.11,1,25,2
41270,2020,경기도 안산시,16.85,5,37.74,4,-4.24,10,60.49,5,50.69,7,0.51,6,3752.7528,5,2208,7,46.24,6,14.56,5,10.25,8,34.54,4,262.74,8,0.47,9,,,7.96,4,15.58,4,0.08,1,156,7
41280,2020,경기도 고양시,30.87,6,47.53,7,-1.91,10,66.37,5,38.28,6,0.33,4,2016.221683,4,2105,7,18.67,3,7.52,4,7.67,7,28.57,4,0.09,5,1.14,8,,,8.47,4,11.73,4,0.03,1,236,7
41290,2020,경기도 과천시,47.36,7,40.12,5,5.43,9,74,6,52.6,7,0.54,6,6860.603185,7,147,1,53.56,6,132.11,7,5.39,6,83.3,6,201.24,8,7.57,8,,,6.94,4,12.84,4,0.17,2,33,4
41310,2020,경기도 구리시,23.57,6,50.18,8,-4.86,10,65.43,5,34.96,6,0.31,4,1748.403679,4,201,1,17.11,3,7.02,3,11.27,8,40.68,4,296.71,9,-0.98,10,,,10.05,4,14,4,0.11,1,38,4
41360,2020,경기도 남양주시,21.86,6,45.67,7,-0.87,10,62.23,5,31.72,6,0.27,4,1777.962937,4,1249,6,11.78,1,9.74,4,4.05,5,22.49,4,-9.93,5,1.56,8,,,12.6,4,12.47,4,0.04,1,94,6
41370,2020,경기도 오산시,18.02,5,45.87,7,-1.39,10,59.85,5,41.37,6,0.31,4,2431.997388,5,411,4,25.8,5,9.58,4,11.46,8,33.57,4,34.84,6,1.11,8,,,8.77,4,17.63,5,0.09,1,36,4
41390,2020,경기도 시흥시,17.51,5,35.82,4,1.86,10,60.5,5,47.49,6,0.46,5,3346.419709,5,1519,6,30.02,5,12.63,5,11.14,8,31.69,4,-37.31,5,5.07,8,,,9.61,4,17.73,5,0.04,1,60,5
41410,2020,경기도 군포시,27.86,6,42.36,6,-5.17,10,69.07,6,38.52,6,0.43,5,2648.889481,5,905,6,25.87,5,10.07,5,10.58,8,28.33,4,1.87,5,-0.94,10,,,7.36,4,11.81,4,0.04,1,60,5
41430,2020,경기도 의왕시,30.3,6,38.66,4,-0.16,10,69.77,6,41.19,6,0.36,5,2424.998932,5,735,5,34.59,5,14.89,6,6.99,6,42.94,4,351.04,10,1.49,8,,,9.02,4,11.1,4,0.13,1,29,3
41450,2020,경기도 하남시,30.33,6,42.2,6,3.76,10,65.93,5,46.62,6,0.33,4,2556.862792,5,623,5,13.97,2,11.25,5,6.69,6,29.24,4,-46.93,5,6.85,8,,,7.78,4,13.39,4,0.04,1,52,5
41460,2020,경기도 용인시,35.62,6,41.84,5,-1.84,10,68.27,6,57.33,7,0.38,5,3102.902597,5,7244,7,38.81,6,11.27,5,3.52,5,22.98,4,19.37,5,1.18,8,,,10.71,4,14.92,4,0.13,1,99,6
41480,2020,경기도 파주시,20.43,6,37.49,4,-0.38,10,62.38,5,41.73,6,0.49,5,4508.239605,6,1017,6,42.17,6,15.34,6,2.17,5,28.69,4,43.92,6,2.42,8,,,13.46,4,13.21,4,0.16,1,71,6
41500,2020,경기도 이천시,17.09,5,37.1,4,-3.15,10,60.44,5,47.92,6,0.67,7,11346.80294,10,1410,6,99.78,7,17.2,6,1.61,4,40.81,4,60.84,6,1.13,8,,,22.19,5,18.16,5,0.32,4,41,4
41550,2020,경기도 안성시,17.79,5,34.68,3,-5.48,10,60.94,5,27.61,6,0.63,6,5218.346951,6,706,5,53.53,6,5.36,2,2.49,5,40.39,4,95.07,6,2.13,8,,,30.74,5,22.16,5,0.16,1,37,4
41570,2020,경기도 김포시,26.55,6,36.67,4,5.51,9,64.42,5,42.03,6,0.45,5,3031.778383,5,1624,7,23.89,4,13.28,5,5.09,6,23.65,4,122.07,7,7.42,8,,,10.73,4,10.62,4,0.07,1,43,4
41590,2020,경기도 화성시,25.9,6,29.75,2,2.24,10,63.76,5,66.26,7,0.71,7,9573.855186,9,3957,7,84.4,7,18.3,6,5.74,6,24.15,4,-11.78,5,4.23,8,,,10.82,4,15.07,4,0.07,1,85,6
41610,2020,경기도 광주시,20.08,6,37.7,4,-1.43,10,60.14,5,40.98,6,0.41,5,2639.018568,5,963,6,22.58,4,7.68,4,2.37,5,26.79,4,-3.33,5,2.24,8,,,9.8,4,12.55,4,0.08,1,48,5
41630,2020,경기도 양주시,15.19,5,40.02,5,1.53,10,61.32,5,30.13,6,0.45,5,2972.393959,5,438,4,22.01,4,16.18,6,5.45,6,43.56,4,-5.08,5,3.55,8,,,18.62,4,23.5,6,0.04,1,38,4
41650,2020,경기도 포천시,12.37,4,35.27,3,-6.55,10,58.28,5,22.15,5,0.76,7,4894.40974,6,556,5,37.99,6,4.45,1,0.94,4,50.18,5,30.15,6,-0.29,10,,,30.47,5,29.19,6,0.28,4,41,4
41730,2020,경기도 여주시,14.95,5,42.78,6,-3.33,10,60.46,5,27.97,6,0.46,5,3824.86215,5,157,1,28.21,5,10.82,5,0.69,4,69.95,5,28.66,6,1.05,8,,,36.5,5,19.68,5,0.55,6,35,4
41800,2020,경기도 연천군,14.71,5,40.93,5,-4.94,10,65.57,5,21.99,5,0.38,5,4061.873794,6,34,1,12.77,2,20.35,6,0.51,4,135.12,7,39.1,6,-0.25,10,,,32.44,5,25.37,6,0.24,3,18,1
41820,2020,경기도 가평군,17.97,5,46.95,7,-2.92,10,63.56,5,18,5,0.43,5,2943.564134,5,67,1,21.66,4,12.63,5,1.16,4,104.08,6,4.72,5,0.56,8,,,34.18,5,27.21,6,0,1,19,1
41830,2020,경기도 양평군,22.91,6,46.18,7,-1.89,10,65.13,5,19.99,5,0.28,4,1766.739332,4,109,1,11.57,1,5.51,2,0.93,4,61.75,5,126.05,7,2.05,8,,,40.42,6,20.08,5,0.54,6,32,3
42110,2020,강원도 춘천시,24.06,6,48.13,7,-4.47,10,66.63,5,22.2,5,0.4,5,2876.352448,5,887,6,21.81,4,13.79,5,0.63,4,46,4,16.79,5,0.59,8,,,18.72,4,24.13,6,0.36,5,107,6
42130,2020,강원도 원주시,22.7,6,45.9,7,-3.37,10,62.74,5,21.58,5,0.45,5,2558.558988,5,923,6,29.8,5,16.55,6,1.82,5,38.79,4,-50.6,5,1.46,8,,,17.51,4,20.7,5,0.32,4,71,6
42150,2020,강원도 강릉시,21.36,6,45.2,6,-4.8,10,63.95,5,19.37,5,0.41,5,2856.135589,5,377,3,23.32,4,13.49,5,1.08,4,50.39,5,35.8,6,0.29,9,,,24.05,5,21.51,5,0.61,6,55,5
42170,2020,강원도 동해시,18.27,5,42.03,5,-2.27,10,64.45,5,19.22,5,0.39,5,3497.291181,5,62,1,28.06,5,22.2,6,2.98,5,62.72,5,40.39,6,0.39,9,,,18.83,4,24.14,6,0.35,5,28,3
42190,2020,강원도 태백시,15.62,5,42.14,5,-5.98,10,64.69,5,23.74,5,0.51,6,2400.491585,5,23,1,19.94,4,65.92,7,0.72,4,133.45,7,5.73,5,-2.23,10,,,31.6,5,46.67,9,0.49,5,13,1
42210,2020,강원도 속초시,19.53,5,48.28,7,-1.99,10,60.35,5,19.92,5,0.39,5,2235.905159,5,35,1,17.71,3,7.34,4,3.02,5,73.52,5,0.24,5,1.3,8,,,16.92,4,20.73,5,1.02,6,27,3
42230,2020,강원도 삼척시,16.96,5,36.53,4,-5.78,10,68.17,6,13.46,4,0.44,5,3994.758058,6,58,1,38.34,6,9.86,5,0.66,4,106.3,6,40.31,6,-2.63,10,,,41.69,6,18.77,5,0.77,6,16,1
42720,2020,강원도 홍천군,15.77,5,43.36,6,-6.38,10,66.77,6,14.01,4,0.4,5,3505.815834,5,108,1,25.83,5,17.35,6,0.4,4,96.11,6,-21.62,5,0.79,8,,,37.65,5,46.07,9,0.77,6,16,1
42730,2020,강원도 횡성군,14.08,5,43.71,6,-4.05,10,67.86,6,15.15,4,0.5,5,3773.762696,5,71,1,26.55,5,3.37,1,0.55,4,112.49,7,-30.49,5,0.54,8,,,56.93,6,42.3,8,1.37,7,4,1
42750,2020,강원도 영월군,15.22,5,34.78,3,-4.53,10,67.94,6,16.61,4,0.47,5,3364.849206,5,48,1,25.05,4,23.8,6,0.29,4,137.36,7,45.38,6,-0.48,10,,,56.56,6,60.18,10,1.11,7,5,1
42760,2020,강원도 평창군,15.66,5,38.89,5,-6.8,10,66.99,6,13.09,4,0.49,5,3373.117248,5,50,1,29.72,5,24.1,6,0.5,4,153.62,8,-9.54,5,-0.33,10,,,51.29,6,37.3,8,1.3,7,3,1
42770,2020,강원도 정선군,13.22,4,37.93,4,-4.38,10,66.69,6,23.22,5,0.58,6,3438.353675,5,24,1,62.82,6,13.24,5,0.46,4,128.34,7,-36.59,5,-0.41,10,,,54.79,6,40.14,8,0.59,6,5,1
42780,2020,강원도 철원군,16.59,5,42.96,6,-3.62,10,65.37,5,12.01,3,0.3,4,4486.843106,6,49,1,9.77,1,17.37,6,0.61,4,129.7,7,-12.64,5,-1.81,10,,,33.73,5,25.42,6,1.43,7,5,1
42790,2020,강원도 화천군,19.6,5,39.01,5,-4.6,10,70.87,6,12.16,3,0.24,4,5890.191898,7,22,1,10.36,1,16.91,6,0.26,4,177.21,9,-36.88,5,-0.05,10,,,43.13,6,30.74,7,1.28,7,3,1
42800,2020,강원도 양구군,17.54,5,43.56,6,-6.31,10,69.97,6,15.44,4,0.29,4,4562.79289,6,6,1,9.09,1,31.17,7,0.34,4,205.14,10,-2.24,5,-2.08,10,,,48.66,6,37.69,8,1.91,7,2,1
42810,2020,강원도 인제군,20.34,6,44.43,6,-3.5,10,68.97,6,8.99,2,0.39,5,5419.101407,6,17,1,14.03,2,14.16,5,0.26,4,158.06,8,6.23,5,0.11,10,,,30.6,5,28.92,6,1.01,6,5,1
42820,2020,강원도 고성군,15.4,5,46.59,7,-8.94,10,69.09,6,10.64,3,0.57,6,4823.608775,6,21,1,17.87,3,20.23,6,0.55,4,181.77,9,-56.11,4,-1,10,,,49.03,6,27.51,6,1.59,7,3,1
42830,2020,강원도 양양군,18,5,43.39,6,-0.5,10,69.13,6,16.26,4,0.55,6,3810.931797,5,19,1,22.29,4,7.85,4,0.94,4,170.54,8,19.93,5,1.55,8,,,56.97,6,30.77,7,1.14,7,6,1
43110,2020,충청북도 청주시,22.42,6,41.16,5,-2.99,10,63.27,5,32.61,6,0.44,5,4120.441826,6,2226,7,43.32,6,18.73,6,3.42,5,28.7,4,3.73,5,0.53,8,,,15.83,4,21.04,5,0.08,1,288,7
43130,2020,충청북도 충주시,18.8,5,40.02,5,-4.34,10,62.53,5,18.21,5,0.45,5,3701.236524,5,490,4,31.93,5,23.93,6,1.87,5,50.69,5,74.73,6,0.03,10,,,29.89,5,21.79,5,0.19,2,44,5
43150,2020,충청북도 제천시,15.42,5,43.76,6,-6.82,10,64.72,5,17.61,5,0.41,5,2395.021726,5,178,1,24.08,4,5.65,2,0.62,4,65.38,5,5,5,-0.83,10,,,30.24,5,11.16,4,0.23,3,29,3
43720,2020,충청북도 보은군,10.87,4,40.2,5,-5.16,10,71.67,6,13.76,4,0.54,6,3601.218684,5,42,1,36.25,5,11.59,5,0.74,4,156,8,-51.41,5,-0.33,10,,,99.24,8,67.13,10,1.3,7,23,2
43730,2020,충청북도 옥천군,11.84,4,41.38,5,-3.74,10,68.57,6,16.8,5,0.49,5,2834.947652,5,91,1,25.63,5,11.35,5,1,4,112.48,7,-9.96,5,-0.15,10,,,70.54,7,72.41,10,1.04,7,16,1
43740,2020,충청북도 영동군,13.36,4,41.77,5,-7.71,10,69.35,6,16.13,4,0.33,4,2378.761453,5,41,1,19.7,4,12.67,5,0.59,4,111.19,7,-38.42,5,-1.7,10,,,86.17,8,20.89,5,0.87,6,18,1
43745,2020,충청북도 증평군,15.57,5,38.69,4,-5.64,10,62.32,5,19.4,5,0.41,5,3226.168935,5,46,1,37.09,5,11.08,5,3.24,5,119.77,7,-36.66,5,-1.37,10,,,40.02,6,18.06,5,0.56,6,15,1
43750,2020,충청북도 진천군,15.39,5,32.33,3,0.03,10,63.74,5,29.36,6,0.84,8,9479.740319,9,353,3,96.31,7,15.43,6,1.55,4,75.53,5,-0.29,5,3.09,8,,,40.43,6,34.73,7,0.25,3,15,1
43760,2020,충청북도 괴산군,14.58,5,38.55,4,-9.98,10,66.47,5,9.86,2,0.45,5,3804.686112,5,61,1,23.7,4,17.17,6,0.61,4,140.24,7,38.51,6,1.61,8,,,99.39,8,50.65,9,0.82,6,13,1
43770,2020,충청북도 음성군,14.67,5,31.26,2,-7.21,10,59.72,5,28.71,6,1.03,9,8893.010424,8,480,4,96.64,7,19.58,6,1.84,5,74.75,5,61.68,6,-1.48,10,,,49.5,6,15.95,5,0.22,3,24,2
43800,2020,충청북도 단양군,13.59,5,29.19,2,-6.41,10,68.9,6,20.69,5,0.55,6,3997.54759,6,38,1,39.21,6,30.22,7,0.71,4,181.22,9,-35.93,5,-1.17,10,,,66.86,7,73.07,10,1.46,7,12,1
44130,2020,충청남도 천안시,21.46,6,39.49,5,-4.02,10,59.56,5,44.02,6,0.48,5,3963.418022,6,3756,7,43.35,6,8.43,4,3.09,5,25.43,4,-33.6,5,0.71,8,,,14.44,4,17.03,5,0.08,1,143,7
44150,2020,충청남도 공주시,16.42,5,44.07,6,-6.86,10,64.36,5,18.79,5,0.48,5,3599.262519,5,422,4,30.37,5,7.31,3,1.24,4,74.28,5,-9.48,5,-1.22,10,,,45.19,6,18.1,5,0.95,6,30,3
44180,2020,충청남도 보령시,14,5,41.04,5,-3.22,10,66.15,5,14.23,4,0.45,5,4180.621377,6,118,1,35.68,5,6.04,3,2.35,5,78.94,5,-9.58,5,-0.32,10,,,46.25,6,16.92,5,1.37,7,22,2
44200,2020,충청남도 아산시,18.12,5,31.6,2,-5.47,10,60.29,5,38.8,6,0.67,7,9465.621945,9,1379,6,97.01,7,17.46,6,1.59,4,38.17,4,-19.82,5,0.38,9,,,19.91,4,16.4,5,0.16,1,48,5
44210,2020,충청남도 서산시,15.9,5,33.09,3,-2.28,10,62.33,5,30.46,6,0.48,5,9023.186838,8,328,3,70.5,6,11.06,5,2.25,5,51.17,5,-49,5,0.53,8,,,26.67,5,13.98,4,0.53,6,29,3
44230,2020,충청남도 논산시,14.17,5,43.26,6,-6.93,10,62.47,5,12.59,4,0.46,5,3804.62567,5,211,1,24.6,4,6.23,3,2.3,5,70.39,5,6.15,5,-1.19,10,,,51.63,6,17.18,5,0.44,5,32,3
44250,2020,충청남도 계룡시,32.16,6,49.28,8,-4.33,10,70.62,6,19.37,5,0.21,4,4015.33791,6,61,1,9.96,1,13.98,5,3.06,5,81.37,6,42.01,6,-0.36,10,,,12.33,4,29.09,6,0.25,3,6,1
44710,2020,충청남도 금산군,11.31,4,33.24,3,-5,10,63.94,5,21.48,5,0.64,6,4590.208702,6,188,1,43.17,6,6.03,3,0.27,4,96.29,6,-0.11,5,-0.71,10,,,75.81,7,20.87,5,0.79,6,23,2
44760,2020,충청남도 부여군,11.3,4,44.52,6,-6.2,10,65.25,5,14.24,4,0.33,4,3030.198611,5,105,1,19.47,4,11.13,5,0.21,4,92.68,6,-44.52,5,-1.03,10,,,80.86,8,15.02,4,0.64,6,11,1
44770,2020,충청남도 서천군,12.16,4,44.01,6,-5.57,10,68.04,6,13.9,4,0.69,7,4419.423129,6,72,1,38.27,6,8.59,4,3.17,5,102.76,6,18.04,5,-0.75,10,,,76.77,7,19.9,5,1.83,7,19,1
44790,2020,충청남도 청양군,10.19,4,38.09,4,-8.83,10,68.73,6,15.82,4,0.47,5,4034.318857,6,46,1,24.11,4,1.04,1,1.79,5,165.25,8,-41.65,5,-1.24,10,,,110.16,9,25.66,6,2.05,7,5,1
44800,2020,충청남도 홍성군,17.29,5,43.94,6,-4.18,10,63.18,5,19.78,5,0.4,5,3508.768057,5,80,1,19.69,4,14.65,6,0.9,4,59.84,5,-44.81,5,0.02,10,,,41.21,6,12.9,4,0.5,5,16,1
44810,2020,충청남도 예산군,13.58,5,35.81,4,-4.69,10,63.34,5,14.91,4,0.51,6,4530.007428,6,117,1,33.34,5,14.48,5,1.33,4,75.63,5,-40.11,5,-0.57,10,,,57.02,6,26.5,6,0.67,6,23,2
44825,2020,충청남도 태안군,14.49,5,38.34,4,-5.13,10,65.43,5,18.64,5,0.42,5,4623.737422,6,92,1,37.43,5,8.3,4,2.01,5,97.85,6,-8.31,5,-0.12,10,,,43.92,6,14.41,4,1.36,7,13,1
44830,2020,충청남도 당진시,14.83,5,26.96,1,-2.72,10,60.17,5,28.87,6,0.65,6,7057.795836,7,242,1,87.19,7,15.3,6,2.31,5,50.76,5,69.4,6,-0.39,10,,,25.13,5,16.48,5,0.56,6,38,4
45110,2020,전라북도 전주시,27.59,6,48.3,7,-3.35,10,68.52,6,29.04,6,0.38,5,2381.487059,5,1907,7,22.23,4,24.93,6,7.39,7,25.71,4,-56.97,4,0.48,9,,,12.4,4,15.57,4,0.08,1,444,7
45130,2020,전라북도 군산시,19.77,5,39.79,5,-4.91,10,65.64,5,18.99,5,0.42,5,3493.423406,5,454,4,33.17,5,27.7,6,3.38,5,44.08,4,19.9,5,-0.66,10,,,24.43,5,19.45,5,0.08,1,84,6
45140,2020,전라북도 익산시,19.7,5,44.34,6,-6.84,10,66.03,5,18.46,5,0.42,5,2912.52285,5,992,6,29.03,5,17.45,6,2.32,5,44.34,4,15.12,5,-1.63,10,,,29.81,5,13.13,4,0.14,1,152,7
45180,2020,전라북도 정읍시,13.61,5,45.5,6,-5.98,10,67.81,6,16.63,4,0.42,5,2982.689756,5,174,1,23.32,4,19.3,6,1.37,4,80.41,6,2.25,5,-1.04,10,,,74.78,7,18.84,5,0.49,5,54,5
45190,2020,전라북도 남원시,14.15,5,48.22,7,-2.51,10,73.79,6,11.3,3,0.34,4,2209.536089,5,85,1,17.32,3,36.46,7,1.22,4,101.34,6,30.37,6,-0.23,10,,,69.95,7,20.45,5,0.65,6,45,5
45210,2020,전라북도 김제시,13.06,4,39.37,5,-2.92,10,68.72,6,12.92,4,0.6,6,3746.249848,5,159,1,31,5,18.07,6,1.6,4,95.39,6,-7.78,5,-0.78,10,,,88.78,8,23.07,6,0.52,6,23,2
45710,2020,전라북도 완주군,17.94,5,29.42,2,-7.05,10,70.26,6,22.75,5,0.65,6,5219.749151,6,500,4,75.98,7,18.44,6,1.42,4,70.56,5,85.96,6,-0.27,10,,,55.49,6,15.18,4,0.66,6,36,4
45720,2020,전라북도 진안군,14.48,5,43.08,6,0.52,10,75.72,6,13,4,0.4,5,2638.485469,5,24,1,15.53,3,22.36,6,0.5,4,192.37,9,-40.67,5,-0.52,10,,,157.91,10,41.01,8,2.18,7,39,4
45730,2020,전라북도 무주군,12.56,4,39.42,5,-2.98,10,75.14,6,19.88,5,0.45,5,3102.313197,5,11,1,14.69,2,5,2,0.61,4,181.82,9,-13.48,5,0.03,10,,,126.87,10,39.76,8,1.34,7,19,1
45740,2020,전라북도 장수군,13.45,5,41.27,5,-11.11,10,76.2,6,16.17,4,0.35,5,2505.922572,5,52,1,14.17,2,34.27,7,0.93,4,210.47,10,30.76,6,-0.82,10,,,142.28,10,55.93,10,1.47,7,21,1
45750,2020,전라북도 임실군,11.7,4,44.33,6,-4.43,10,73.32,6,14.28,4,0.55,6,2889.207,5,39,1,17.73,3,15.8,6,0.65,4,187.02,9,-14.5,5,-4.92,10,,,148.45,10,19.48,5,0.39,5,19,1
45770,2020,전라북도 순창군,12.54,4,49.5,8,-2.73,10,75.96,6,13.27,4,0.33,4,2910.04315,5,39,1,15.72,3,7.78,4,1.1,4,174.64,9,69.59,6,-1.27,10,,,148.6,10,26.81,6,1.15,7,14,1
45790,2020,전라북도 고창군,12.72,4,44.54,6,-2.93,10,70.55,6,12.78,4,0.45,5,2903.093767,5,47,1,17.27,3,12.98,5,1.28,4,114.53,7,-2,5,-0.82,10,,,122.71,10,22.01,5,1.17,7,25,2
45800,2020,전라북도 부안군,12.62,4,48.57,7,-5.41,10,68.06,6,17.43,5,0.4,5,2963.517453,5,46,1,19.43,4,29.16,6,1.4,4,105.08,6,-43.58,5,-1.18,10,,,103.84,9,30.26,7,1.04,7,23,2
46110,2020,전라남도 목포시,17.66,5,49.45,8,-6.21,10,66.4,5,20.24,5,0.34,4,1983.637143,4,199,1,16.54,3,30.18,7,13.04,9,45.69,4,-11.79,5,-2.35,10,,,20.85,5,20.75,5,0.09,1,139,7
46130,2020,전라남도 여수시,16.4,5,32.18,3,-3.69,10,67.12,6,37.78,6,0.58,6,9182.660344,8,200,1,66.08,6,22.64,6,2.68,5,52.17,5,-0.82,5,-0.72,10,,,28.01,5,23.26,6,0.26,4,80,6
46150,2020,전라남도 순천시,20.5,6,48.22,7,-3.08,10,71.04,6,24.97,5,0.38,5,2235.81961,5,367,3,20.8,4,30.94,7,1.55,4,44.05,4,-40.28,5,0.96,8,,,33.33,5,42.19,8,0.41,5,79,6
46170,2020,전라남도 나주시,20.18,6,38.4,4,-1.19,10,69.09,6,18.74,5,0.57,6,4304.681134,6,1416,6,53.58,6,21.34,6,1.35,4,73.7,5,-42.43,5,1.07,8,,,62.84,7,19.61,5,0.27,4,45,5
46230,2020,전라남도 광양시,15.82,5,28.59,1,-4.69,10,69.27,6,33.27,6,0.64,6,6575.740105,7,235,1,85.87,7,53.89,7,3.12,5,64.14,5,17.08,5,-3.45,10,,,28.36,5,34.22,7,0.28,4,39,4
46710,2020,전라남도 담양군,16.63,5,39.62,5,-4.84,10,70.9,6,13.39,4,0.51,6,3350.298185,5,120,1,28.92,5,26.13,6,1.72,5,114.75,7,-19.49,5,0.11,10,,,101.92,9,17.26,5,0.93,6,10,1
46720,2020,전라남도 곡성군,11.18,4,32.64,3,-6.55,10,73.19,6,18.03,5,0.54,6,3820.471486,5,28,1,40.56,6,21.74,6,0.6,4,167.47,8,-12.02,5,-1.7,10,,,130.76,10,29.22,6,1.12,7,11,1
46730,2020,전라남도 구례군,13.61,5,49.23,8,-0.76,10,75.61,6,8.52,2,0.36,5,2317.170185,5,14,1,19.19,4,36.64,7,0.49,4,184.29,9,50.58,6,-2.29,10,,,136.84,10,26.27,6,2.97,7,6,1
46770,2020,전라남도 고흥군,9.12,3,46.41,7,-1.2,10,76.08,6,11.79,3,0.42,5,2510.273458,5,38,1,14.21,2,9.81,5,0.7,4,91,6,6.21,5,-0.31,10,,,118.95,9,17.55,5,0.85,6,14,1
46780,2020,전라남도 보성군,9.63,3,47.73,7,-6.97,10,72.04,6,9.43,2,0.4,5,2491.408527,5,25,1,15.2,3,9.01,4,0.6,4,122.84,7,11.65,5,-1.09,10,,,129.28,10,22.26,5,1.61,7,13,1
46790,2020,전라남도 화순군,15.49,5,47.41,7,-6.71,10,70.15,6,21.58,5,0.47,5,2852.950961,5,107,1,32.71,5,18.48,6,0.57,4,89.09,6,11.95,5,0.28,9,,,87.05,8,56.23,10,1.02,6,23,2
46800,2020,전라남도 장흥군,11.46,4,38.6,4,-2.06,10,72.77,6,12.65,4,0.56,6,2735.550265,5,34,1,15.15,3,30.08,7,0.82,4,136.78,7,-25.59,5,-1.28,10,,,129.25,10,29.27,6,1.45,7,16,1
46810,2020,전라남도 강진군,12.63,4,47.33,7,-3.49,10,72.85,6,7.8,1,0.39,5,2757.236177,5,32,1,15.78,3,9.39,4,1.19,4,153.31,8,-6.93,5,-1.06,10,,,110.7,9,24.57,6,1.24,7,16,1
46820,2020,전라남도 해남군,10.31,4,44.4,6,-2.52,10,69.94,6,13.5,4,0.42,5,3375.070488,5,61,1,18.63,3,20.08,6,0.55,4,89.72,6,-18.26,5,-1.44,10,,,104.72,9,16.27,5,1.42,7,11,1
46830,2020,전라남도 영암군,12.09,4,24.35,1,-5.73,10,67.9,6,12.98,4,0.84,8,6278.921395,7,136,1,75.81,7,37.28,7,1.36,4,109.06,6,2.34,5,-1.11,10,,,103.58,9,24.04,6,0.78,6,16,1
46840,2020,전라남도 무안군,18.57,5,49.32,8,1.45,10,70.67,6,24.79,5,0.33,4,3898.913296,5,173,1,15.87,3,11.56,5,1.67,4,70.89,5,41.07,6,6.2,8,,,56.84,6,18.66,5,0.36,5,25,2
46860,2020,전라남도 함평군,11.15,4,40.57,5,-5.71,10,72.53,6,8.79,2,0.45,5,3409.850234,5,61,1,17.17,3,16.16,6,1.84,5,151.4,8,-7.69,5,-1.41,10,,,141.83,10,18.8,5,1.37,7,7,1
46870,2020,전라남도 영광군,13.32,4,41.32,5,-0.18,10,68.45,6,13.79,4,0.48,5,4120.375148,6,74,1,43.63,6,24.96,6,1.13,4,104.61,6,-17.11,5,-1.26,10,,,87.45,8,63.75,10,1.23,7,23,2
46880,2020,전라남도 장성군,15.94,5,35.98,4,-7.93,10,70.63,6,14.6,4,0.61,6,4446.417326,6,170,1,31.72,5,18.16,6,1.6,4,116.12,7,-14.16,5,-2.29,10,,,89.9,8,52.44,10,1.25,7,11,1
46890,2020,전라남도 완도군,10.39,4,43.34,6,-2.8,10,73.4,6,11.1,3,0.33,4,2528.880519,5,43,1,13.11,2,20.9,6,0.87,4,111.67,7,-32.61,5,-0.75,10,,,73.57,7,18.5,5,0.88,6,11,1
46900,2020,전라남도 진도군,11.39,4,39.63,5,-3.79,10,71.37,6,23.61,5,0.36,5,2824.773433,5,26,1,11.36,1,6.87,3,0.75,4,173.97,9,-39.11,5,2.5,8,,,113.43,9,93,10,1.09,7,9,1
46910,2020,전라남도 신안군,9.75,3,40.78,5,-4.27,10,72.01,6,6.62,1,0.26,4,3385.83389,5,27,1,11.45,1,78.65,7,0.49,4,159.83,8,18.48,5,-2.32,10,,,131.97,10,29.03,6,4.99,7,5,1
47110,2020,경상북도 포항시,18.64,5,36.43,4,-3.67,10,65,5,28.31,6,0.44,5,3702.507775,5,1942,7,47.41,6,15.76,6,2.1,5,45.12,4,-18.64,5,-0.7,10,,,15.14,4,17.85,5,0.14,1,171,7
47130,2020,경상북도 경주시,18.37,5,36.55,4,-4.67,10,66.76,6,23.91,5,0.55,6,3913.790029,5,556,5,43.01,6,13.61,5,1.23,4,68.25,5,3.65,5,-0.34,10,,,28.82,5,18.66,5,0.16,1,88,6
47150,2020,경상북도 김천시,17.62,5,38.92,5,-3.33,10,68.25,6,25.48,6,0.47,5,4023.192788,6,349,3,40.45,6,20.23,6,1.19,4,86.56,6,-22.15,5,-0.14,10,,,45.01,6,22.65,5,0.15,1,32,3
47170,2020,경상북도 안동시,18.06,5,47.98,7,-5.52,10,68.14,6,12.74,4,0.37,5,3787.576381,5,298,2,21.15,4,24.95,6,0.75,4,91.29,6,1.34,5,-0.21,10,,,37.77,5,38.15,8,0.25,3,94,6
47190,2020,경상북도 구미시,16.19,5,34.74,3,-4.4,10,60.68,5,41.34,6,0.51,6,6721.623576,7,1405,6,64.11,6,22.31,6,3.19,5,43.78,4,76.69,6,-1.06,10,,,12.68,4,20.93,5,0.22,3,112,6
47210,2020,경상북도 영주시,13.93,5,43.06,6,-5.9,10,69.43,6,18.72,5,0.38,5,2946.426944,5,73,1,26.12,5,16.26,6,1.19,4,107.49,6,20.93,5,-1.23,10,,,41.55,6,15.31,4,0.49,5,30,3
47230,2020,경상북도 영천시,13.71,5,35.98,4,-1.55,10,68.77,6,18.52,5,0.54,6,3748.97123,5,234,1,35.57,5,6.83,3,0.92,4,111.72,7,0.17,5,0.15,10,,,49.47,6,31.18,7,0.52,6,28,3
47250,2020,경상북도 상주시,15.21,5,46.33,7,-4.93,10,70.09,6,15.14,4,0.38,5,2563.502283,5,122,1,7.99,1,10.84,5,0.69,4,128.92,7,2.86,5,-2.68,10,,,68.92,7,66.9,10,0.74,6,30,3
47280,2020,경상북도 문경시,14.45,5,50.8,8,-5.98,10,70.4,6,16.24,4,0.4,5,2513.657116,5,69,1,11.06,1,7.8,4,0.31,4,140.22,7,-42.17,5,-0.42,10,,,73.01,7,34.35,7,0.74,6,30,3
47290,2020,경상북도 경산시,19.86,5,39.19,5,-10.37,10,61.28,5,29.39,6,0.43,5,3032.486501,5,988,6,26.44,5,15.01,6,2.62,5,46.65,4,-83.67,4,0.32,9,,,17.91,4,12.28,4,0.11,1,56,5
47720,2020,경상북도 군위군,10.83,4,34.21,3,-5.66,10,74.64,6,13.63,4,0.51,6,3641.868765,5,26,1,21.24,4,24.99,6,0.63,4,255.3,10,-26.79,5,-1.28,10,,,105.01,9,55.54,10,0.93,6,10,1
47730,2020,경상북도 의성군,9.88,3,45.94,7,-3.09,10,71.03,6,11.48,3,0.41,5,2722.289459,5,34,1,7.16,1,24.25,6,0.69,4,188.27,9,-33.49,5,-0.36,10,,,109.2,9,71.22,10,0.41,5,14,1
47750,2020,경상북도 청송군,11.77,4,48.8,7,-7.45,10,71.63,6,10.93,3,0.5,5,3208.445137,5,9,1,8.87,1,19.06,6,0.54,4,227.1,10,-1,5,-0.19,10,,,102.68,9,18.32,5,0.43,5,11,1
47760,2020,경상북도 영양군,10.96,4,36.87,4,-16.44,10,74.46,6,10.46,3,0.36,5,2630.757249,5,4,1,5.96,1,32.77,7,0.34,4,319.64,10,-15.29,5,-0.56,10,,,119.06,9,14.23,4,3.24,7,5,1
47770,2020,경상북도 영덕군,10.26,4,48.37,7,-7.4,10,70.31,6,11.16,3,0.38,5,2558.224327,5,15,1,4.98,1,37.31,7,0.16,4,179.7,9,-21.09,5,-1.76,10,,,74.68,7,36.59,7,1.19,7,8,1
47820,2020,경상북도 청도군,13.18,4,48.48,7,5.39,9,71.3,6,18.42,5,0.44,5,2403.414334,5,39,1,6.96,1,4.78,1,0.27,4,157.33,8,-17.76,5,-0.26,10,,,86.54,8,56.28,10,0.75,6,17,1
47830,2020,경상북도 고령군,10.74,4,30.93,2,-8.16,10,65.97,5,18.61,5,0.83,8,4034.300564,6,47,1,30.03,5,13.96,5,2.49,5,201.95,9,-0.01,5,-2.21,10,,,75.52,7,26.31,6,0.34,5,10,1
47840,2020,경상북도 성주군,11.55,4,30.81,2,-1.3,10,68.48,6,18.57,5,0.66,7,4770.990925,6,130,1,24.1,4,9.55,4,0.93,4,161.25,8,-22.11,5,-0.59,10,,,77.33,7,12.68,4,0.51,5,15,1
47850,2020,경상북도 칠곡군,12.63,4,36.06,4,-5.96,10,59.37,5,26.23,6,0.6,6,3995.069625,6,240,1,34.29,5,16.33,6,2.34,5,76.14,5,2.01,5,-1.74,10,,,26.85,5,16.76,5,0.36,5,35,4
47900,2020,경상북도 예천군,16.22,5,48.5,7,0.26,10,72.93,6,13.56,4,0.27,4,2068.63683,4,44,1,11.94,1,16.89,6,1.2,4,129.58,7,-22.46,5,1.57,8,,,73.1,7,13.98,4,0.94,6,15,1
47920,2020,경상북도 봉화군,11.81,4,31.77,2,-6.51,10,73.22,6,7.48,1,0.4,5,3695.234013,5,18,1,14.77,2,3.9,1,0.84,4,213.09,10,24.32,5,-0.9,10,,,94.67,8,26.13,6,0.68,6,7,1
47930,2020,경상북도 울진군,16.87,5,37.85,4,-4.9,10,69.2,6,16.47,4,0.42,5,5067.616389,6,53,1,43.92,6,14.11,5,0.6,4,152.94,8,-26.11,5,-0.45,10,,,60.47,7,23.17,6,0.66,6,21,1
47940,2020,경상북도 울릉군,16.76,5,35.98,4,-7.73,10,71.88,6,11.33,3,0.38,5,3063.137601,5,3,1,6.14,1,25.37,6,1.17,4,486.76,10,-12.96,5,-5.65,10,,,39.04,5,26.84,6,1.22,7,6,1
48110,2020,경상남도 창원시,21.36,6,38.82,4,-4.2,10,68.15,6,37.07,6,0.46,5,3732.32022,5,2462,7,43.79,6,17.89,6,4.39,6,39.9,4,-42.58,5,-0.76,10,,,12.55,4,11.54,4,0.06,1,343,7
48170,2020,경상남도 진주시,24.77,6,46.37,7,-4.39,10,68.08,6,30.52,6,0.37,5,2440.571566,5,823,6,25.87,5,22.85,6,2.33,5,35.23,4,-28.89,5,0.34,9,,,18.85,4,10.43,4,0.2,2,107,6
48220,2020,경상남도 통영시,13.89,5,48.51,7,-4.96,10,61.21,5,16.69,5,0.31,4,2458.259609,5,81,1,14.85,2,28.2,6,2.17,5,64.11,5,106.06,6,-1.97,10,,,24.57,5,43.2,8,0.57,6,24,2
48240,2020,경상남도 사천시,16.74,5,34.69,3,-2.8,10,67.6,6,23,5,0.56,6,3920.067504,5,211,1,55.14,6,18.55,6,2.39,5,67.99,5,-53.02,4,-0.33,10,,,37.26,5,45.2,9,0.65,6,27,3
48250,2020,경상남도 김해시,19.76,5,38.97,5,-2.92,10,64.79,5,35.1,6,0.46,5,2877.274873,5,1277,6,30.63,5,10.3,5,4.51,6,29.2,4,-12.04,5,-0.13,10,,,12.23,4,12.31,4,0.11,1,62,5
48270,2020,경상남도 밀양시,16.62,5,40.96,5,-3.27,10,67.68,6,17.13,5,0.41,5,3026.50838,5,114,1,24.99,4,13.02,5,1.12,4,75.27,5,4.65,5,0.08,10,,,47.7,6,9.96,4,0.5,5,23,2
48310,2020,경상남도 거제시,16.63,5,29.15,2,-4.25,10,64.51,5,31.38,6,0.47,5,3492.989331,5,652,5,63.95,6,32.74,7,2.75,5,38.55,4,107.09,7,-1.18,10,,,16.04,4,13.85,4,0.25,3,28,3
48330,2020,경상남도 양산시,20.32,6,40.78,5,-2.11,10,65.44,5,35.84,6,0.46,5,3064.981589,5,701,5,37.66,5,10.03,5,2.93,5,31.74,4,64.64,6,0.23,10,,,10.8,4,20.37,5,0.12,1,47,5
48720,2020,경상남도 의령군,11.85,4,39.98,5,-5.52,10,70.83,6,15.91,4,0.42,5,3642.119403,5,37,1,21.74,4,70.82,7,0.99,4,173.46,9,-1.25,5,-0.14,10,,,123.5,10,30.38,7,0.4,5,7,1
48730,2020,경상남도 함안군,14.91,5,28.98,2,-5.18,10,67.05,6,26.79,6,0.89,8,6231.558692,7,139,1,59.83,6,18.11,6,1.61,4,90,6,-52.44,5,-1.66,10,,,60.49,7,16.72,5,0.49,5,16,1
48740,2020,경상남도 창녕군,12.6,4,37.09,4,-7.52,10,68.73,6,19.68,5,0.52,6,4036.860736,6,51,1,33.96,5,14.72,6,1.58,4,94.98,6,-13.55,5,-0.76,10,,,75.3,7,31.09,7,0.86,6,17,1
48820,2020,경상남도 고성군,12.38,4,36.86,4,-7.17,10,62.28,5,16.55,4,0.46,5,4464.286132,6,56,1,46.42,6,24.73,6,2.42,5,114.69,7,-5.11,5,-0.82,10,,,75.22,7,11.37,4,1.45,7,22,2
48840,2020,경상남도 남해군,11.95,4,48.81,7,-6.51,10,71.67,6,18.12,5,0.39,5,2640.00419,5,18,1,11.39,1,26.63,6,0.81,4,124.61,7,14.85,5,-0.15,10,,,71.8,7,16.78,5,2.22,7,9,1
48850,2020,경상남도 하동군,13.2,4,44.4,6,-7.24,10,75.98,6,12.77,4,0.39,5,4832.021882,6,45,1,26.82,5,28.9,6,1.24,4,122.92,7,17.29,5,-2.89,10,,,99.07,8,21.66,5,0.97,6,14,1
48860,2020,경상남도 산청군,14.3,5,45.88,7,-3.47,10,70.66,6,15.17,4,0.44,5,3144.361247,5,57,1,16.11,3,15.49,6,0.9,4,138.37,7,12.87,5,-0.32,10,,,113.57,9,94.9,10,2.14,7,14,1
48870,2020,경상남도 함양군,14.94,5,43.96,6,-5.22,10,71.6,6,20.01,5,0.39,5,2694.851586,5,25,1,15.75,3,25.76,6,0.77,4,130.58,7,-39.9,5,-0.27,10,,,120.18,10,23.27,6,0.55,6,11,1
48880,2020,경상남도 거창군,14.17,5,41.88,5,-4.97,10,73.01,6,19.37,5,0.39,5,2680.977854,5,38,1,18.8,3,7.12,3,0.96,4,94.1,6,40.21,6,-0.34,10,,,80.17,8,19.02,5,0.68,6,17,1
48890,2020,경상남도 합천군,10.98,4,34.78,3,-6.39,10,71.61,6,9.63,2,0.44,5,2616.531837,5,23,1,12.47,1,7.44,4,1.04,4,130.87,7,-23.21,5,-1.32,10,,,130.38,10,28.06,6,1.21,7,10,1
49110,2020,제주특별자치도 제주시,23,6,46.29,7,-2.41,10,64.22,5,40.11,6,0.44,5,2907.024241,5,788,6,21.84,4,14.86,6,2.49,5,21.38,4,-24.17,5,0.51,8,,,8.96,4,19.34,5,0.36,5,322,7
49130,2020,제주특별자치도 서귀포시,20.12,6,49.02,8,-0.83,10,65.52,5,40.11,6,0.39,5,2909.195308,5,215,1,20.47,4,15.92,6,1.74,5,49.05,5,19.24,5,0.48,9,,,11.66,4,23.2,6,0.77,6,79,6
11110,2019,서울특별시 종로구,,,44.33,6,-6.05,10,,,53.58,7,2.09,7,22328.38,10,1685,7,294.28,7,7.59,4,13.77,7,88.29,6,-22.75,5,-1.1,10,85.64,5,7.05,4,33.43,6,0.35,5,543,7
11140,2019,서울특별시 중구,,,45.61,6,-4.95,10,,,66.01,7,3.86,7,42658.94,10,1977,7,574.34,7,12.81,5,19.21,7,103.8,6,-26.14,5,0.19,10,81.09,4,6.33,4,40.71,6,0.17,4,249,7
11170,2019,서울특별시 용산구,,,44.56,6,-1.41,10,,,46.45,6,0.78,6,5551.89,6,1218,6,81.41,7,3.26,4,13.31,7,61.11,5,-24.05,5,-0.25,10,91,6,6.24,4,11.76,4,0.1,4,165,7
11200,2019,서울특별시 성동구,,,42.26,5,-5.62,10,,,39.16,6,0.73,6,4043.97,6,1607,7,46.12,6,4.93,4,14.79,7,45.33,4,-34.39,4,-2.68,10,73.24,2,7.22,4,12.23,4,0.07,4,70,6
11215,2019,서울특별시 광진구,,,45.79,6,-5.42,10,,,33.34,6,0.4,5,1874.79,4,970,6,17.43,3,1.82,4,27.96,7,40.52,3,17.83,6,-1.38,10,93.13,7,4.6,4,14.52,4,0.06,4,77,6
11230,2019,서울특별시 동대문구,,,48.16,6,-5.6,10,,,26.71,6,0.45,5,2182.46,5,639,5,23.17,4,2.94,4,13.95,7,40.02,3,7.9,6,-0.58,10,92.1,7,6.62,4,10.63,3,0.12,4,88,6
11260,2019,서울특별시 중랑구,,,50.84,6,-5.99,10,,,25.23,5,0.27,4,1194.35,4,269,2,11.16,1,5.37,4,17.11,7,36.68,3,-17.19,5,-1.62,10,92.9,7,7.33,4,12.76,4,0.05,4,44,5
11290,2019,서울특별시 성북구,,,51.47,6,-1.99,10,,,25.8,5,0.28,4,1387.53,4,2089,7,12.42,1,7.46,4,25.69,7,34.44,3,12.28,6,1.51,8,93.6,7,6,4,12.68,4,0,4,87,6
11305,2019,서울특별시 강북구,,,56.81,6,-6.7,10,,,24.29,5,0.26,3,1045.88,4,219,1,9.12,1,5.42,4,5.61,6,44.49,4,-1.58,5,-1.45,10,90.76,6,6.36,4,12.56,4,0.03,4,67,6
11320,2019,서울특별시 도봉구,,,50.69,6,-5.87,10,,,25.27,5,0.23,3,1021.37,4,289,2,9.42,1,6.78,4,8.88,6,40.16,3,177.68,10,-1.72,10,82.32,4,7.71,4,12.21,4,0.12,4,51,5
11350,2019,서울특별시 노원구,,,55.35,6,-6.26,10,,,20.58,5,0.24,3,1242.37,4,966,6,11.02,1,3.52,4,7.38,6,30.18,2,60.3,8,-2.03,10,88.88,6,6.78,4,12.53,4,0.04,4,65,6
11380,2019,서울특별시 은평구,,,55.76,6,-4.43,10,,,22.8,5,0.21,2,1024.87,4,353,3,9.88,1,7.23,4,4.83,6,31.27,2,24.54,6,-0.69,10,92.76,7,5.82,4,11.71,4,0.07,4,118,6
11410,2019,서울특별시 서대문구,,,52.06,6,-1.97,10,,,32.19,6,0.42,5,2796.47,5,1476,6,28.8,5,4.84,4,19.92,7,43.69,4,-41.73,4,-0.3,10,89.82,6,6.14,4,13.66,4,0.3,5,132,7
11440,2019,서울특별시 마포구,,,46.53,6,-2.45,10,,,38.93,6,0.84,6,5331.89,6,1797,7,67.86,6,8.54,4,19.93,7,40.79,3,16.63,6,-0.48,10,84.87,5,6.06,4,16.03,5,0.17,4,334,7
11470,2019,서울특별시 양천구,,,48.24,6,-4.62,10,,,28.9,6,0.29,4,1555.19,4,658,5,15.36,2,3.75,4,19.32,7,30.66,2,25.26,6,-1.4,10,85.32,5,7.58,4,14.28,4,0.02,4,73,6
11500,2019,서울특별시 강서구,,,44.68,6,-4.68,10,,,28.23,6,0.54,5,2950.16,5,1792,7,48.3,6,5.82,4,11.07,7,28.78,2,32.1,7,-1.1,10,73.43,2,6.09,4,13.7,4,0.07,4,87,6
11530,2019,서울특별시 구로구,,,43.12,6,-2.99,10,,,27.04,6,0.7,6,3464.82,5,1685,7,41.52,6,3.04,4,32.06,7,36.2,3,16.75,6,0.28,9,84.97,5,7.03,4,17.02,5,0.03,4,85,6
11545,2019,서울특별시 금천구,,,37.53,5,-4.86,10,,,29.72,6,1.35,7,7566.09,8,1947,7,82.49,7,0.39,3,16.14,7,51.31,4,10.25,6,-0.56,10,89.99,6,6.08,4,18.36,5,0.27,5,58,5
11560,2019,서울특별시 영등포구,,,41.81,5,-3.69,10,,,42.61,6,1.33,7,9817.15,9,14750,7,171.47,7,2.25,4,14.88,7,41.17,3,16.03,6,-0.37,10,94.4,7,7.95,4,23.21,6,0.03,4,299,7
11590,2019,서울특별시 동작구,,,51.14,6,-3.04,10,,,31.44,6,0.3,4,1648.41,4,944,6,18.32,3,11.68,5,15.94,7,34.57,3,-0.16,6,-0.22,10,93.24,7,5.39,4,10.54,3,0.05,4,113,6
11620,2019,서울특별시 관악구,,,49.88,6,-6.51,10,,,25.37,5,0.22,3,1192.53,4,1376,6,11.2,1,1.81,4,12.2,7,30.84,2,-13.33,5,-0.44,10,91.44,7,4.56,4,11.54,4,0.02,4,121,6
11650,2019,서울특별시 서초구,,,39.67,5,-2.99,10,,,62.78,7,1.4,7,8256.31,8,5352,7,125.18,7,5.43,4,8.59,6,39.54,3,0.96,6,-1,10,91.85,7,4.41,4,25.39,6,0.35,5,239,7
11680,2019,서울특별시 강남구,,,44.48,6,-1.27,10,,,66.23,7,1.83,7,13179.89,10,5363,7,192.19,7,8.27,4,15.36,7,33.4,2,5.06,6,0.34,9,88.45,6,4.72,4,28.61,6,0,4,220,7
11710,2019,서울특별시 송파구,,,39.87,5,-1.27,10,,,46.89,6,0.65,6,4432.58,6,2315,7,51.01,6,3.33,4,14.94,7,25.81,1,-78.51,3,1.03,8,89.74,6,4.19,4,13.97,4,0.06,4,158,7
11740,2019,서울특별시 강동구,,,47.89,6,-2.79,10,,,41.12,6,0.39,5,2143.86,5,533,5,27.17,5,8.25,4,14.77,7,33.58,3,-3.84,5,1.84,8,94.33,7,5.07,4,13.58,4,0.02,4,71,6
26110,2019,부산광역시 중구,,,41,5,-9.45,10,,,31.57,6,2.03,7,7443.38,8,47,1,100.22,7,128.84,10,7.52,6,120.36,6,-38.38,4,-1.39,10,90.88,6,10.62,4,29.59,6,0.76,7,50,5
26140,2019,부산광역시 서구,,,51.65,6,-4.81,10,,,16.32,4,0.52,5,2750.89,5,104,1,40.68,6,9.18,4,5.8,6,60.6,5,-64.91,3,-1.55,10,96.9,8,9.86,4,14.69,4,0.1,4,25,2
26170,2019,부산광역시 동구,,,47.37,6,-1.46,10,,,18.93,5,1.17,7,5408.75,6,88,1,63.02,6,0.79,3,9.63,7,71.67,5,-13.76,5,2.03,8,97.11,8,12.51,4,18.52,5,0.12,4,104,6
26200,2019,부산광역시 영도구,,,38.9,5,-6.89,10,,,13.97,4,0.44,5,2340.69,5,328,3,24.37,4,7.32,4,6.98,6,54.05,4,-73.3,3,-2.17,10,92.79,7,9.67,4,11.83,4,0.17,4,16,1
26230,2019,부산광역시 부산진구,,,51.49,6,-4.9,10,,,22.88,5,0.56,6,2483.14,5,554,5,27.42,5,13.57,5,7.5,6,27.62,1,-46.72,4,-1.06,10,95.83,8,8.88,4,15.64,5,0.06,4,158,7
26260,2019,부산광역시 동래구,,,50.21,6,-0.37,10,,,22.72,5,0.39,5,1510.68,4,285,2,17.52,3,18.59,5,5.83,6,28.04,2,-21.69,5,1.84,8,93.95,7,7.36,4,10.98,3,0.04,4,76,6
26290,2019,부산광역시 남구,,,43.58,6,-5.2,10,,,31.02,6,0.36,5,2058.15,4,587,5,25.22,4,8.96,4,4.87,6,29.22,2,-65.11,3,-1.79,10,96.74,8,8.11,4,11.35,4,0.04,4,47,5
26320,2019,부산광역시 북구,,,59.11,6,-6.66,10,,,15.59,4,0.21,2,1070.36,4,231,1,12.04,1,2.89,4,3.12,5,28.02,2,147.05,10,-1.93,10,92.5,7,7.91,4,11.28,3,0.04,4,41,4
26350,2019,부산광역시 해운대구,,,50.39,6,-4.55,10,,,29.12,6,0.45,5,2340.2,5,705,5,24.48,4,5.51,4,3.53,5,26.67,1,61.86,8,-0.75,10,94.45,7,8.25,4,13.49,4,0.08,4,61,5
26380,2019,부산광역시 사하구,,,43.61,6,-6.56,10,,,18.88,5,0.4,5,2239.89,5,582,5,26.08,5,1.41,4,4.61,6,28.12,2,-44.56,4,-1.95,10,89.66,6,7.55,4,13.28,4,0.16,4,38,4
26410,2019,부산광역시 금정구,,,42.16,5,-5.47,10,,,22.78,5,0.44,5,1935.39,4,585,5,21.42,4,5.71,4,3.18,5,32.58,2,-33.92,4,-1.38,10,91.91,7,7.44,4,15.43,5,0.04,4,66,6
26440,2019,부산광역시 강서구,,,26.51,4,6.3,9,,,49.75,6,1.39,7,11177.3,10,765,6,129.68,7,105.1,10,4.11,5,50.71,4,-43.1,4,4.47,8,85.26,5,15.48,4,24.99,6,0.33,5,16,1
26470,2019,부산광역시 연제구,,,49.94,6,0.06,10,,,23.45,5,0.48,5,3286.09,5,187,1,24.7,4,0.42,3,4.85,6,31.7,2,3.15,6,0.73,8,96.14,8,7.79,4,8.33,2,0.05,4,77,6
26500,2019,부산광역시 수영구,,,46.26,6,-3.11,10,,,22.91,5,0.4,5,1583.72,4,178,1,18.39,3,0.94,4,11.88,7,35.54,3,-6.64,5,0.08,10,97.6,8,7.06,4,15.48,5,0.06,4,44,5
26530,2019,부산광역시 사상구,,,38.47,5,-6.18,10,,,23.22,5,0.64,6,3011.49,5,507,5,32.77,5,3.31,4,4.78,6,33.81,3,-53.87,4,-2.22,10,92.82,7,7.6,4,15.56,5,0.05,4,40,4
26710,2019,부산광역시 기장군,,,41.45,5,-2.51,10,,,39.6,6,0.52,5,3414.48,5,323,3,37.07,5,59.6,9,2.95,4,47.72,4,26.6,6,-0.25,10,88.63,6,21.39,5,24.11,6,0.38,5,15,1
27110,2019,대구광역시 중구,,,56.42,6,-3.75,10,,,31.05,6,1.38,7,6942.12,7,92,1,67.62,6,0.74,3,12.29,7,82.91,5,403.88,10,-2.47,10,96.25,8,11.38,4,24.64,6,0.54,6,107,6
27140,2019,대구광역시 동구,,,45.14,6,-5.12,10,,,19.46,5,0.4,5,2220.61,5,522,5,24.95,4,6.96,4,2.1,3,28.49,2,-57.57,3,-1.63,10,94.38,7,9.11,4,12.42,4,0.06,4,61,5
27170,2019,대구광역시 서구,,,41.66,5,-9.67,10,,,18.14,5,0.5,5,2049.28,4,196,1,25.6,4,3.31,4,8.49,6,43.05,4,186.99,10,-4.63,10,79.38,4,9.72,4,13.5,4,0,4,29,3
27200,2019,대구광역시 남구,,,53.34,6,-6.15,10,,,15.37,4,0.44,5,2173.35,5,145,1,22.29,4,0.7,3,6.64,6,45.66,4,-76.26,3,-1.21,10,94.93,7,8.99,4,12.98,4,0.34,5,68,6
27230,2019,대구광역시 북구,,,43.6,6,-3.59,10,,,20.71,5,0.4,5,2416.87,5,1277,6,18.61,3,4.32,4,3.24,5,25.19,1,-4.8,5,-0.46,10,89.72,6,8.36,4,12.28,4,0.02,4,51,5
27260,2019,대구광역시 수성구,,,49.07,6,-3.95,10,,,30.93,6,0.36,4,1897.9,4,527,5,14.96,2,9.69,4,2.6,4,26.28,1,-20.29,5,-0.84,10,95.11,7,7.29,4,14.87,4,0.02,4,83,6
27290,2019,대구광역시 달서구,,,43.61,6,-4.66,10,,,24.98,5,0.42,5,2125.29,5,1190,6,26.12,5,4.74,4,4.95,6,21.17,1,3.62,6,-0.83,10,83.99,5,6.31,4,14.28,4,0.02,4,63,5
27710,2019,대구광역시 달성군,,,35.2,5,1.84,10,,,39.12,6,0.49,5,2897.64,5,848,6,45.28,6,24.47,6,1.39,1,36.63,3,17.17,6,1.74,8,79.69,4,14.85,4,13.29,4,0.04,4,19,1
28110,2019,인천광역시 중구,,,38.57,5,6.63,9,,,50.2,6,0.94,6,10951,10,121,1,176.24,7,0.74,3,1.06,1,49.13,4,45.72,7,9.54,8,82.79,5,9.79,4,20.54,5,0.55,6,55,5
28140,2019,인천광역시 동구,,,29.9,5,-8.02,10,,,34.4,6,0.68,6,5386.16,6,407,4,61.64,6,1,4,7.37,6,74.99,5,-90.01,2,-2.55,10,90.34,6,10.04,4,15.55,5,0.16,4,18,1
28170,2019,인천광역시 미추홀구,,,49.63,6,-4.14,10,,,20.51,5,0.33,4,1743.75,4,499,4,17.18,3,2.61,4,14.07,7,19.19,1,-39.78,4,-1.86,10,92.97,7,6.94,4,17.96,5,0.03,4,136,7
28185,2019,인천광역시 연수구,,,45.28,6,5.84,9,,,46.77,6,0.38,5,3235.87,5,1575,7,38.8,5,3.79,4,2.54,4,18.96,1,20.9,6,5.31,8,87.33,6,11.9,4,11.08,3,0.06,4,75,6
28200,2019,인천광역시 남동구,,,42.71,6,-4.5,10,,,31.05,6,0.53,5,3048.77,5,1290,6,33.84,5,13.4,5,8.23,6,15.25,1,34.4,7,-1.02,10,72.33,2,12.51,4,16.84,5,0.02,4,190,7
28237,2019,인천광역시 부평구,,,47.77,6,-6.48,10,,,23.13,5,0.34,4,2023.65,4,764,6,25.97,5,5.26,4,14.01,7,18.32,1,-15.27,5,-2.62,10,91.5,7,6.42,4,11.2,3,0.02,4,103,6
28245,2019,인천광역시 계양구,,,49.64,6,-8.29,10,,,24.04,5,0.29,4,1619.2,4,280,2,14.65,2,3.05,4,5.5,6,23.56,1,-52.59,4,-3.06,10,88.91,6,8.5,4,14.75,4,0.03,4,45,5
28260,2019,인천광역시 서구,,,39.16,5,-1.92,10,,,40.02,6,0.44,5,3460.2,5,1323,6,32.77,5,7.79,4,6.17,6,17.11,1,72.41,8,0.72,8,62.11,1,7.97,4,15.18,5,0.02,4,66,6
28710,2019,인천광역시 강화군,,,46.98,6,-1.36,10,,,19.18,5,0.36,4,2472.28,5,59,1,12.89,1,0.74,3,0.19,1,86.87,6,29.67,7,1.06,8,92.43,7,52.81,6,31.09,6,0.94,7,31,3
28720,2019,인천광역시 옹진군,,,29.39,5,-6.38,10,,,12.71,3,0.36,4,3505.21,5,9,1,45.96,6,,,0.08,1,247.51,7,0.12,6,-1.91,10,96.18,8,42.77,6,37.42,6,0,4,1,1
29110,2019,광주광역시 동구,,,54,6,3,10,,,20.02,5,0.83,6,3703.11,5,247,1,49.21,6,3.31,4,2.25,4,53.67,4,74.18,8,4.57,8,95.14,7,16.01,4,31.23,6,0.1,4,166,7
29140,2019,광주광역시 서구,,,44.88,6,-6.37,10,,,22.52,5,0.6,6,3517.8,5,475,4,36.97,5,16.55,5,4.45,5,23.61,1,69.92,8,-1.1,10,80.63,4,10.59,4,17.76,5,0.03,4,120,6
29155,2019,광주광역시 남구,,,50.85,6,-1.51,10,,,13.13,3,0.35,4,1514.44,4,160,1,14.06,2,9.06,4,3.22,5,28.87,2,130.23,10,0.85,8,85.27,5,15.38,4,20.57,5,0.09,4,107,6
29170,2019,광주광역시 북구,,,44.24,6,-4.41,10,,,16.51,4,0.42,5,2412.63,5,1618,7,23.19,4,18.5,5,3.25,5,19.53,1,-8.16,5,-1.49,10,90.67,6,11.39,4,17.97,5,0,4,192,7
29200,2019,광주광역시 광산구,,,39.98,5,-3.45,10,,,22.37,5,0.48,5,3335.48,5,957,6,38.19,5,11.09,5,1.9,3,22.17,1,-23.66,5,-0.07,10,84.07,5,12.42,4,17.69,5,0,4,77,6
30110,2019,대전광역시 동구,,,45.54,6,-3.82,10,,,11.49,3,0.34,4,1625.61,4,334,3,21.51,4,2.4,4,1.9,3,26.52,1,32.37,7,-0.77,10,74.57,3,10.36,4,10.31,3,0,4,81,6
30140,2019,대전광역시 중구,,,52.45,6,-5.56,10,,,14.47,4,0.47,5,2114.94,4,274,2,27.45,5,1.99,4,3.54,5,24.94,1,42.85,7,-1.44,10,78.29,4,9.15,4,16.44,5,0.09,4,220,7
30170,2019,대전광역시 서구,,,51.78,6,-3.97,10,,,21.16,5,0.42,5,2642.19,5,728,5,22.7,4,13.64,5,2.07,3,15.47,1,29.6,7,-0.91,10,68.49,1,6.95,4,15.98,5,0.06,4,185,7
30200,2019,대전광역시 유성구,,,38.66,5,-3.59,10,,,31.4,6,0.53,5,4012.89,6,8198,7,64,6,12.86,5,2.21,3,17.27,1,2.43,6,-0.54,10,58.12,1,6.84,4,17.32,5,0.06,4,94,6
30230,2019,대전광역시 대덕구,,,33.51,5,-8.19,10,,,20.42,5,0.61,6,4284.68,6,1097,6,66.39,6,5.17,4,3.72,5,32.19,2,49.46,7,-2.66,10,27.94,1,10.35,4,21.67,5,0.28,5,58,5
31110,2019,울산광역시 중구,,,51.47,6,-7.16,10,,,19.51,5,0.27,3,2178.33,5,282,2,18.41,3,15.34,5,5.32,6,29.66,2,-76.73,3,-3.74,10,86.63,5,5.36,4,13.86,4,0.05,4,86,6
31140,2019,울산광역시 남구,,,40.52,5,-5.9,10,,,37.49,6,0.63,6,8857.23,8,561,5,60.76,6,36.58,7,3.88,5,25.32,1,19.06,6,-2.28,10,80.32,4,5.46,4,15.83,5,0.06,4,180,7
31170,2019,울산광역시 동구,,,28.12,4,-6.26,10,,,22.33,5,0.56,6,5288.47,6,199,1,86.23,7,28.44,6,3.67,5,33.57,3,-79.57,3,-3.37,10,77.36,3,5.02,4,13.8,4,0.06,4,33,4
31200,2019,울산광역시 북구,,,26.97,4,2.86,10,,,32.2,6,0.58,6,6410.88,7,293,2,108.51,7,19.57,5,1.59,2,29.27,2,-1.21,5,4.71,8,83.75,5,7.81,4,17.61,5,0.05,4,39,4
31710,2019,울산광역시 울주군,,,27.81,4,-3.2,10,,,45.97,6,0.62,6,8377.98,8,942,6,78.35,7,60.78,10,0.81,1,46.99,4,-38.45,4,0.51,9,80.99,4,21.76,5,16.71,5,0.14,4,42,4
36110,2019,세종특별자치시 세종시,,,43.67,6,6.08,9,,,72.72,7,0.37,5,0,3,813,6,27.05,5,66.32,10,6.45,6,12.23,1,-82.48,3,7.24,8,84.01,5,16.38,4,13.65,4,0.06,4,33,4
41110,2019,경기도 수원시,,,44.25,6,-3.74,10,,,55.98,7,0.42,5,3065.89,5,10518,7,45.72,6,14.59,5,12.41,7,24.28,1,-44.55,4,-0.92,10,89.7,6,5.91,4,11.65,4,0.09,4,375,7
41130,2019,경기도 성남시,,,42.19,5,-4.73,10,,,64.58,7,0.62,6,4676.45,6,7172,7,60.98,6,18.74,5,9.59,7,26.13,1,-34.74,4,-1.41,10,90.08,6,5.74,4,14.48,4,0.01,4,186,7
41150,2019,경기도 의정부시,,,53.86,6,-2.06,10,,,30.02,6,0.3,4,1653.86,4,351,3,15.11,2,7.7,4,8.85,6,21.38,1,-47.69,4,1.05,8,81.7,4,9.18,4,15.29,5,0.05,4,109,6
41170,2019,경기도 안양시,,,42.33,5,-5.59,10,,,47.92,6,0.55,6,3342.52,5,2344,7,31.44,5,14.81,5,10.7,7,27.26,1,27.82,7,-1.98,10,91.3,6,6.33,4,13.68,4,0.04,4,110,6
41190,2019,경기도 부천시,,,47.69,6,-5.69,10,,,39.89,6,0.41,5,2115.86,4,1598,7,21.4,4,5.37,4,16.84,7,11.98,1,-30.84,4,-1.82,10,77.07,3,7.18,4,11.01,3,0.07,4,123,6
41210,2019,경기도 광명시,,,44.37,6,-6.79,10,,,42.47,6,0.34,4,2450.18,5,426,4,24.92,4,11.74,5,13.7,7,28.41,2,-5.02,5,-3.37,10,85.83,5,5.29,4,11.3,3,0.07,4,41,4
41220,2019,경기도 평택시,,,35.99,5,0.32,10,,,48.9,6,0.56,6,6241.6,7,1673,7,68.42,6,18.47,5,6.97,6,41.98,4,-9.87,5,3.19,8,88.41,6,14.17,4,12.26,4,0.14,4,84,6
41250,2019,경기도 동두천시,,,52.12,6,-5.4,10,,,29.96,6,0.35,4,1919.24,4,84,1,16.97,3,18.51,5,3.28,5,70.81,5,-3.66,5,-1.21,10,75.54,3,19.36,4,22.62,5,0.22,5,23,2
41270,2019,경기도 안산시,,,38.29,5,-5.3,10,,,55.85,7,0.56,6,3958.74,6,2008,7,47.38,6,14.64,5,10.29,7,33.53,2,-24.28,5,-1.61,10,75.14,3,7.48,4,15.8,5,0.08,4,149,7
41280,2019,경기도 고양시,,,47.58,6,-2.63,10,,,45.59,6,0.37,5,2035.2,4,1929,7,18.3,3,7.65,4,7.57,6,28.62,2,40.39,7,2.01,8,90.27,6,8.11,4,11.41,4,0.02,4,234,7
41290,2019,경기도 과천시,,,38.38,5,-3.41,10,,,54.93,7,0.66,6,8201.56,8,167,1,57.73,6,142.53,10,5.41,6,98.67,6,195.59,10,0.18,10,88.63,6,7.3,4,13.85,4,0.19,5,33,4
41310,2019,경기도 구리시,,,50.44,6,-6.58,10,,,35.57,6,0.38,5,1805.83,4,187,1,16.4,3,18.63,5,11.25,7,41.17,3,-73.15,3,-2.3,10,68.77,1,9.52,4,13.56,4,0.11,4,37,4
41360,2019,경기도 남양주시,,,46.07,6,-0.19,10,,,34.74,6,0.3,4,1642.41,4,1141,6,12.28,1,10.25,4,4.04,5,21.41,1,-12.19,5,2.79,8,90.21,6,12.35,4,11.49,4,0.04,4,93,6
41370,2019,경기도 오산시,,,46.17,6,-1.86,10,,,42.97,6,0.37,5,2527.16,5,359,3,23.68,4,10.51,4,11.33,7,31.61,2,80.37,8,2.42,8,87.84,6,8.22,4,17.86,5,0.05,4,35,4
41390,2019,경기도 시흥시,,,35.37,5,4.26,9,,,48.17,6,0.51,5,3419.72,5,1404,6,31.33,5,12.99,5,11.73,7,25.61,1,25.04,6,4.97,8,80.82,4,9.14,4,14.61,4,0.04,4,58,5
41410,2019,경기도 군포시,,,43.68,6,-5.28,10,,,43.82,6,0.49,5,2731.9,5,824,6,27.56,5,10.09,4,10.59,7,34.79,3,-66.63,3,-0.71,10,81.79,4,6.99,4,11.67,4,0.04,4,60,5
41430,2019,경기도 의왕시,,,38.15,5,0.53,10,,,47,6,0.41,5,2498.18,5,751,6,36.31,5,14.76,5,6.92,6,26.04,1,-72.05,3,4.38,8,84.29,5,9.09,4,10.58,3,0.13,4,29,3
41450,2019,경기도 하남시,,,41.87,5,6.16,9,,,56.15,7,0.39,5,2539.57,5,493,4,16.43,3,12.1,5,6.69,6,28.72,2,-16.68,5,6.42,8,88.22,6,7.51,4,9.46,3,0,4,53,5
41460,2019,경기도 용인시,,,42.46,5,-1.18,10,,,60.81,7,0.42,5,2848.38,5,6334,7,39.37,6,11.52,5,3.95,5,22.4,1,-10.6,5,2.19,8,86.64,5,10.35,4,12.7,4,0.08,4,99,6
41480,2019,경기도 파주시,,,37.7,5,-2.21,10,,,46.39,6,0.54,5,4537.56,6,837,6,43.63,6,19.21,5,2.19,3,27.82,1,-13.6,5,0.3,9,84.23,5,12.9,4,13.13,4,0.14,4,70,6
41500,2019,경기도 이천시,,,37.44,5,-2.1,10,,,56.81,7,0.73,6,9985.78,9,1263,6,106.95,7,17.03,5,1.61,2,51.8,4,-23.65,5,0.64,8,88.71,6,22.03,5,15.43,5,0.33,5,41,4
41550,2019,경기도 안성시,,,36.01,5,-2.63,10,,,33.94,6,0.66,6,5128.16,6,741,5,53.59,6,7.11,4,2.02,3,38.37,3,-30.85,4,-0.04,10,90.65,6,29.81,5,20.87,5,0.22,5,37,4
41570,2019,경기도 김포시,,,36.61,5,1.91,10,,,46.17,6,0.53,5,3195.27,5,1401,6,25.07,4,14.31,5,5.09,6,30.54,2,-57.05,3,2.87,8,80.43,4,10.7,4,10.63,3,0.05,4,44,5
41590,2019,경기도 화성시,,,29.59,5,5.41,9,,,68.86,7,0.8,6,9140.61,9,3494,7,91.9,7,19.34,5,5.75,6,24.24,1,-12.43,5,6.56,8,83.35,5,11.8,4,12.34,4,0.05,4,80,6
41610,2019,경기도 광주시,,,36.64,5,0.22,10,,,48.73,6,0.47,5,2620.77,5,917,6,20.73,4,8.18,4,2.37,4,32.15,2,28.63,7,2.08,8,87.5,6,9.74,4,12.71,4,0.08,4,47,5
41630,2019,경기도 양주시,,,38.85,5,-0.67,10,,,32.48,6,0.52,5,3041.01,5,459,4,21.97,4,17.86,5,5.63,6,35.81,3,84.44,9,2.42,8,91.65,7,17.95,4,21.08,5,0.05,4,36,4
41650,2019,경기도 포천시,,,35.27,5,-8.35,10,,,26.81,6,0.82,6,4631.59,6,440,4,36.49,5,13.87,5,0.99,1,49.38,4,-33.03,4,-1.21,10,92.87,7,29.45,5,25.19,6,0.43,5,42,4
41730,2019,경기도 여주시,,,44.4,6,-5.09,10,,,28.73,6,0.52,5,3711.25,5,160,1,30.38,5,10.69,4,0.62,1,87.22,6,37.61,7,-0.13,10,90.77,6,36.29,5,18.38,5,0.38,5,34,4
41800,2019,경기도 연천군,,,40.75,5,-7.52,10,,,20.5,5,0.39,5,3959.1,6,32,1,14.36,2,29.34,6,0.52,1,135,6,-43.41,4,-1.45,10,90.04,6,32.59,5,22.14,5,0.49,6,17,1
41820,2019,경기도 가평군,,,47.58,6,-4.08,10,,,23.62,5,0.53,5,2906.74,5,67,1,20.88,4,19.5,5,1.14,1,98.47,6,14.56,6,-0.32,10,89.96,6,33.62,5,24.02,6,0,4,17,1
41830,2019,경기도 양평군,,,46.34,6,-4.12,10,,,22.1,5,0.32,4,1736.29,4,111,1,11.86,1,9.11,4,0.91,1,78.97,5,-33.66,4,1.05,8,86.89,6,40.21,6,17.73,5,0.55,6,32,3
42110,2019,강원도 춘천시,,,48.1,6,-3.47,10,,,26.95,6,0.45,5,2869.97,5,877,6,20.84,4,13.77,5,1.24,1,59.02,5,-60.76,3,0.26,10,85.5,5,21.8,5,24.6,6,0.22,5,105,6
42130,2019,강원도 원주시,,,44.87,6,-1.9,10,,,25.53,5,0.5,5,2767.81,5,792,6,31.76,5,17.18,5,1.8,3,49.94,4,-45.73,4,1.43,8,87.01,6,16.88,4,22.81,6,0.09,4,68,6
42150,2019,강원도 강릉시,,,45.69,6,-3.57,10,,,20.92,5,0.46,5,2647.82,5,340,3,22.92,4,22.69,6,1.13,1,64.27,5,-43.32,4,0.56,8,90.55,6,21.94,5,22.36,5,0.47,6,54,5
42170,2019,강원도 동해시,,,43.55,6,-4.99,10,,,20.09,5,0.44,5,3590.16,5,50,1,28.59,5,48.82,8,3.66,5,76.54,5,12.35,6,-0.58,10,95.09,7,18.7,4,25.83,6,0.12,4,27,3
42190,2019,강원도 태백시,,,40.6,5,-7.84,10,,,22.66,5,0.49,5,2525.46,5,23,1,20.24,4,64.21,10,0.75,1,149.62,6,-26.96,5,-1.89,10,89.53,6,31.35,5,47.74,7,0.47,6,12,1
42210,2019,강원도 속초시,,,48.49,6,-4.24,10,,,23.2,5,0.45,5,2362.2,5,33,1,19.29,3,8.56,4,3.12,5,81.21,5,12.78,6,0.3,9,64.59,1,16.32,4,21.63,5,0.39,5,27,3
42230,2019,강원도 삼척시,,,35.98,5,-5.82,10,,,17.39,4,0.47,5,3875.2,5,40,1,38.01,5,19.8,5,0.7,1,138.53,6,-25.19,5,-1.28,10,94.71,7,39.28,6,20.24,5,0.91,7,16,1
42720,2019,강원도 홍천군,,,44.57,6,-6.53,10,,,16.7,4,0.45,5,3573.58,5,77,1,23.79,4,17.38,5,0.4,1,119.3,6,0.09,6,-0.61,10,89.24,6,37.41,5,47.99,7,0.61,6,12,1
42730,2019,강원도 횡성군,,,42.34,5,-2.47,10,,,18.24,5,0.51,5,3715.69,5,94,1,26.96,5,5,4,0.56,1,139.33,6,-16.44,5,0.37,9,91.44,7,57.34,6,44.68,6,0.92,7,4,1
42750,2019,강원도 영월군,,,34.83,5,-6.81,10,,,21.44,5,0.5,5,3413.59,5,61,1,28.3,5,33.59,7,0.29,1,175.08,7,-37.84,4,-0.77,10,86.19,5,57.24,6,70.37,7,1.12,8,5,1
42760,2019,강원도 평창군,,,40.54,5,-7.63,10,,,14.52,4,0.51,5,3351.65,5,53,1,28.95,5,33.37,7,0.5,1,179.48,7,-5.7,5,-0.68,10,94.88,7,51.02,6,43.59,6,1.28,9,3,1
42770,2019,강원도 정선군,,,40.43,5,-5.84,10,,,27.29,6,0.62,6,3706.24,5,26,1,63.96,6,56.24,9,0.46,1,182.1,7,44.05,7,-0.55,10,93.41,7,51.7,6,44.52,6,0.57,6,5,1
42780,2019,강원도 철원군,,,43.86,6,-4.14,10,,,11.96,3,0.31,4,4147.91,6,50,1,12.07,1,22.85,6,0.62,1,149.41,6,10.77,6,-1.68,10,91.32,7,34.41,5,27.1,6,0.94,7,5,1
42790,2019,강원도 화천군,,,41.56,5,-4.22,10,,,14.02,4,0.28,4,5691.2,7,10,1,9.49,1,36.66,7,0.27,1,213.25,7,8.93,6,-0.71,10,83.03,5,44.3,6,38.65,6,1.3,9,3,1
42800,2019,강원도 양구군,,,42.39,5,-5.47,10,,,14.13,4,0.34,4,4471.28,6,7,1,9.3,1,41.52,8,0.37,1,231.69,7,-31.31,4,-2.76,10,93.33,7,49.15,6,42.59,6,1.4,9,2,1
42810,2019,강원도 인제군,,,41.56,5,-4.93,10,,,15.28,4,0.38,5,5099.72,6,16,1,13.87,2,39.35,7,0.28,1,192.37,7,-12.71,5,-1.41,10,103.27,9,30.37,5,34.76,6,0.67,6,5,1
42820,2019,강원도 고성군,,,45.63,6,-4.74,10,,,14.33,4,0.55,6,4381.77,6,29,1,18.12,3,21.22,6,0.55,1,206.9,7,4.51,6,-2.68,10,94.2,7,48.59,6,30.56,6,1.18,8,3,1
42830,2019,강원도 양양군,,,44.38,6,-2.2,10,,,13.58,4,0.61,6,3863.99,5,25,1,20.81,4,6.35,4,0.91,1,202.61,7,-0.21,6,2.03,8,77.03,3,58,6,35.57,6,1.16,8,6,1
43110,2019,충청북도 청주시,,,40.84,5,-2.7,10,,,37.26,6,0.47,5,4164.73,6,2040,7,43.79,6,18.86,5,3.42,5,35.97,3,-40.93,4,0.07,10,76.61,3,15.15,4,21.2,5,0.11,4,284,7
43130,2019,충청북도 충주시,,,41.41,5,-3.67,10,,,20.7,5,0.53,5,3839.67,5,409,4,30.04,5,30.14,6,1.75,2,48.96,4,-37.45,4,0.37,9,88.49,6,29.36,5,23.71,6,0.19,5,45,5
43150,2019,충청북도 제천시,,,43.27,6,-3.22,10,,,18.82,5,0.47,5,2424.98,5,150,1,23.68,4,7.6,4,0.64,1,62.79,5,-9.39,5,-0.23,10,94.84,7,29.3,5,18.01,5,0.37,5,28,3
43720,2019,충청북도 보은군,,,41.51,5,-7.56,10,,,7.74,1,0.53,5,3370.03,5,45,1,39.17,6,34.71,7,0.79,1,145.4,6,36.27,7,-1.12,10,92.03,7,95.55,8,69.98,7,1.28,9,23,2
43730,2019,충청북도 옥천군,,,40.61,5,-5.87,10,,,17.47,4,0.52,5,2908.73,5,86,1,27.88,5,14.49,5,1.01,1,106.93,6,-28.51,4,-0.03,10,93.09,7,69.07,7,67.61,7,1.04,8,16,1
43740,2019,충청북도 영동군,,,40.81,5,-3.13,10,,,16.66,4,0.37,5,2213.44,5,50,1,17.73,3,15.13,5,0.61,1,106.81,6,45.17,7,-1.1,10,88.5,6,81.01,8,18.33,5,0.85,7,19,1
43745,2019,충청북도 증평군,,,39.32,5,-3.81,10,,,17.63,4,0.43,5,2953.62,5,40,1,32.9,5,19.28,5,3.4,5,113.31,6,-6.71,5,0.1,10,84.2,5,35.75,5,39.61,6,0.55,6,13,1
43750,2019,충청북도 진천군,,,32.91,5,3.83,10,,,27.83,6,0.9,6,9390.3,9,331,3,97.86,7,16.06,5,1.54,2,75.32,5,-29.84,4,3.45,8,87.9,6,40.14,6,36.07,6,0.25,5,15,1
43760,2019,충청북도 괴산군,,,38.31,5,-2.64,10,,,12.86,3,0.44,5,3518.6,5,48,1,23.7,4,17.14,5,0.61,1,130.33,6,11.86,6,1.04,8,95.76,8,94.93,8,17.43,5,1.61,10,12,1
43770,2019,충청북도 음성군,,,31.94,5,-7.05,10,,,31.06,6,1.08,7,8600.44,8,467,4,87.06,7,21.77,6,1.9,3,71.29,5,3.81,6,-0.54,10,87.3,6,48.26,6,33.39,6,0.33,5,22,2
43800,2019,충청북도 단양군,,,30.31,5,-5.97,10,,,21.75,5,0.63,6,3896.05,6,27,1,37.38,5,31.74,7,0.75,1,171.7,7,10.93,6,-0.8,10,87.13,6,65.15,7,27,6,1.8,10,11,1
44130,2019,충청남도 천안시,,,40.18,5,-1.47,10,,,47.59,6,0.51,5,3702.95,5,3675,7,44.25,6,9.89,4,3.12,5,24.72,1,-33.6,4,0.61,8,78.94,4,13.73,4,16.03,5,0.09,4,139,7
44150,2019,충청남도 공주시,,,45.01,6,-1.04,10,,,18.66,5,0.53,5,3487.04,5,392,4,29.71,5,16.83,5,1.26,1,71.15,5,-9.48,5,-0.53,10,81.4,4,44.69,6,15.99,5,0.93,7,29,3
44180,2019,충청남도 보령시,,,42.7,6,-6.92,10,,,20.37,5,0.49,5,4187.61,6,149,1,33.57,5,10.56,4,2.28,4,77.73,5,-9.58,5,-0.41,10,56.11,1,44.75,6,14.6,4,1.47,10,22,2
44200,2019,충청남도 아산시,,,33.2,5,-1.24,10,,,40.86,6,0.7,6,9215.05,9,1268,6,100.35,7,17.15,5,1.74,2,34.37,3,-19.82,5,0.26,10,85.67,5,19.11,4,14.15,4,0.16,4,46,5
44210,2019,충청남도 서산시,,,33.61,5,-2.46,10,,,39.46,6,0.53,5,10383.45,9,301,3,70.19,6,19.55,5,2.07,3,49.22,4,-49,4,0.23,10,87.59,6,25.68,5,11.03,3,0.65,6,26,3
44230,2019,충청남도 논산시,,,44.57,6,-4.6,10,,,13.2,3,0.48,5,3433.69,5,226,1,23.98,4,10.56,4,2.41,4,62.67,5,6.15,6,-0.66,10,85.09,5,49.67,6,15.24,5,0.34,5,32,3
44250,2019,충청남도 계룡시,,,49.61,6,-5.34,10,,,22.13,5,0.23,3,3508.67,5,86,1,8.64,1,26.45,6,3.61,5,79.83,5,42.01,7,-1.83,10,89.54,6,12.73,4,28.4,6,0.24,5,6,1
44710,2019,충청남도 금산군,,,32.89,5,-4.08,10,,,18.17,5,0.67,6,4361.57,6,156,1,42.39,6,24.56,6,0.26,1,96.87,6,-0.11,6,-0.99,10,90.87,6,73.44,7,18.75,5,0.78,7,23,2
44760,2019,충청남도 부여군,,,44.41,6,-8.3,10,,,14.33,4,0.35,4,2884.72,5,52,1,18.41,3,11.11,5,0.27,1,86.54,6,-44.52,4,-0.95,10,92.82,7,77.24,7,14.03,4,0.47,6,11,1
44770,2019,충청남도 서천군,,,47.52,6,-5.09,10,,,13.09,3,0.64,6,4474.46,6,58,1,37.32,5,19.06,5,1.94,3,99.73,6,18.04,6,-1.09,10,82.96,5,71.03,7,17.66,5,1.61,10,18,1
44790,2019,충청남도 청양군,,,38.66,5,-8.02,10,,,15.92,4,0.47,5,3746.13,5,60,1,22.06,4,3.41,4,1.8,3,153.25,6,-41.65,4,-0.73,10,89.52,6,106.41,9,20.08,5,0.67,6,5,1
44800,2019,충청남도 홍성군,,,44.53,6,-3.83,10,,,19.3,5,0.45,5,3335.28,5,115,1,18.89,3,14.5,5,0.9,1,60.08,5,-44.81,4,-0.28,10,88.66,6,41.23,6,10.58,3,0.4,5,16,1
44810,2019,충청남도 예산군,,,37.3,5,-3.3,10,,,13.82,4,0.54,5,4194.68,6,99,1,32.62,5,14.31,5,1.3,1,72.91,5,-40.11,4,-0.3,10,90.23,6,53.2,6,24.08,6,0.53,6,23,2
44825,2019,충청남도 태안군,,,39.33,5,-4.59,10,,,19.71,5,0.47,5,4584.79,6,59,1,36.72,5,9.46,4,2.01,3,94.52,6,-8.31,5,-0.1,10,69.28,2,43.27,6,12.39,4,1.02,8,12,1
44830,2019,충청남도 당진시,,,28.63,5,-4.08,10,,,32.26,6,0.68,6,6815.31,7,221,1,85.61,7,21.6,6,2.38,4,49.01,4,69.4,8,-0.52,10,90.05,6,24.91,5,14.39,4,0.62,6,37,4
45110,2019,전라북도 전주시,,,48.52,6,-2.8,10,,,30.95,6,0.42,5,2413,5,1633,7,21.82,4,25.08,6,7.5,6,25.37,1,61.45,8,0.47,9,86.26,5,11.73,4,17.42,5,0.08,4,431,7
45130,2019,전라북도 군산시,,,40.39,5,-4.43,10,,,21.6,5,0.45,5,3412.6,5,485,4,35.27,5,28.61,6,3.51,5,42.13,4,8.49,6,-0.74,10,83.31,5,22.86,5,14.02,4,0.08,4,82,6
45140,2019,전라북도 익산시,,,44.68,6,-5.72,10,,,18.69,5,0.46,5,2738.71,5,976,6,28.23,5,20.74,6,2.36,4,45.01,4,-24.52,5,-1.91,10,80.85,4,28.97,5,22.57,5,0.11,4,151,7
45180,2019,전라북도 정읍시,,,46.17,6,-5.52,10,,,14.55,4,0.45,5,2764.95,5,199,1,22.22,4,40.4,7,1.54,2,75.45,5,-41.65,4,-0.88,10,91.98,7,72.07,7,20.38,5,0.68,6,52,5
45190,2019,전라북도 남원시,,,47.3,6,-5.25,10,,,11.37,3,0.39,5,2165.37,5,68,1,15.31,2,41.41,8,1.24,1,99.59,6,-3.54,5,-0.86,10,89.62,6,69.15,7,21.78,5,0.13,4,44,5
45210,2019,전라북도 김제시,,,40.52,5,-6.08,10,,,13.13,3,0.61,6,3490.57,5,155,1,29.38,5,18.03,5,1.6,2,96.94,6,-12.55,5,-0.89,10,92.42,7,86,8,25.62,6,0.26,5,21,1
45710,2019,전라북도 완주군,,,31.51,5,-6.11,10,,,22.5,5,0.72,6,5236.81,6,578,5,76.51,6,19.74,5,1.43,1,68.96,5,6.3,6,-2.05,10,90.33,6,53.55,6,14.43,4,0.55,6,31,3
45720,2019,전라북도 진안군,,,43.5,6,-11.31,10,,,11.03,3,0.44,5,2437.42,5,29,1,14.73,2,22.78,6,0.5,1,204.44,7,13.66,6,-0.29,10,98.14,8,155.55,10,42.22,6,1.78,10,37,4
45730,2019,전라북도 무주군,,,41.13,5,-4.2,10,,,17.97,5,0.51,5,2844.66,5,13,1,21.6,4,4.97,4,0.61,1,187.37,7,-46.95,4,-0.13,10,92.89,7,126.54,10,40.85,6,0.89,7,19,1
45740,2019,전라북도 장수군,,,41.36,5,-1.44,10,,,15.84,4,0.34,4,2346.65,5,50,1,13.82,2,38.1,7,0.93,1,194.79,7,-2.83,5,-2.56,10,89.14,6,141.27,10,27.48,6,0.48,6,20,1
45750,2019,전라북도 임실군,,,45.76,6,-5.51,10,,,12.93,3,0.46,5,2577.57,5,30,1,17.51,3,9.16,4,0.64,1,188.59,7,7.73,6,-3.15,10,97.83,8,143.39,10,20.65,5,2.34,10,18,1
45770,2019,전라북도 순창군,,,49.5,6,-5.82,10,,,15.18,4,0.36,5,2681.83,5,46,1,15.13,2,7.46,4,1.09,1,176.91,7,-28.4,4,-2.04,10,87.51,6,147.04,10,25.66,6,0.77,7,14,1
45790,2019,전라북도 고창군,,,43.46,6,-7.48,10,,,13.8,4,0.48,5,3058.24,5,46,1,16.3,3,10.7,4,1.29,1,110.13,6,-34.01,4,-1.92,10,96.68,8,119.96,10,29.32,6,1.16,8,25,2
45800,2019,전라북도 부안군,,,46.11,6,-5.98,10,,,14.1,4,0.46,5,2780.28,5,35,1,18.27,3,77.68,10,1.43,1,105.34,6,-26.33,5,-1.29,10,94.29,7,102.25,9,29.48,6,0.82,7,23,2
46110,2019,전라남도 목포시,,,49.84,6,-4.35,10,,,21.58,5,0.38,5,1970.97,4,170,1,15.4,2,34.99,7,12.91,7,56.12,5,-12.9,5,-0.96,10,77.73,3,13.02,4,17.83,5,0.09,4,137,7
46130,2019,전라남도 여수시,,,34.41,5,-4.49,10,,,36.85,6,0.61,6,9148.5,9,210,1,61.86,6,24.64,6,3.02,5,67.65,5,-9.95,5,-0.11,10,74.41,3,22.74,5,30.89,6,0.23,5,79,6
46150,2019,전라남도 순천시,,,48.1,6,-2.73,10,,,25.03,5,0.43,5,2190.65,5,387,4,19.89,4,38.38,7,1.53,2,55.29,4,113.74,10,-0.02,10,86.35,5,27.46,5,41,6,0.45,6,75,6
46170,2019,전라남도 나주시,,,38.61,5,-0.3,10,,,22.57,5,0.6,6,4276.68,6,1299,6,52.33,6,21.64,6,1.4,1,102.74,6,-1.95,5,0.87,8,93.32,7,61.07,7,24.85,6,0.28,5,43,5
46230,2019,전라남도 광양시,,,30.19,5,-4.38,10,,,31.57,6,0.67,6,6418.05,7,276,2,89.38,7,75.92,10,3.18,5,74.33,5,274.02,10,-0.13,10,98.79,8,26.59,5,31.12,6,0.35,5,40,4
46710,2019,전라남도 담양군,,,39.72,5,-5.47,10,,,17.85,5,0.58,6,3061.39,5,113,1,20.93,4,26.01,6,0.87,1,155.39,6,-5.56,5,-0.09,10,86.53,5,92.1,8,19.6,5,0.71,7,10,1
46720,2019,전라남도 곡성군,,,33.88,5,-8.07,10,,,17.89,5,0.55,6,3455.2,5,45,1,38.61,5,23.58,6,0.63,1,225.04,7,62.71,8,-1.53,10,92.58,7,127.07,10,27.25,6,1.1,8,11,1
46730,2019,전라남도 구례군,,,47.21,6,-9.57,10,,,8.75,1,0.42,5,2166.33,5,12,1,17.75,3,37.23,7,0.53,1,230.22,7,-32.17,4,-1.33,10,98.11,8,125.96,10,27.66,6,2.55,10,6,1
46770,2019,전라남도 고흥군,,,46.62,6,-5.51,10,,,12.32,3,0.43,5,2264.9,5,45,1,14.47,2,20.21,5,0.71,1,135.84,6,-3.08,5,-0.17,10,79.45,4,117.14,10,18.02,5,0.85,7,13,1
46780,2019,전라남도 보성군,,,46.51,6,-8.9,10,,,14.47,4,0.47,5,2405.38,5,37,1,14.98,2,28.01,6,0.63,1,169.97,7,-2.79,5,-2.21,10,93.06,7,125.88,10,26.29,6,1.33,9,13,1
46790,2019,전라남도 화순군,,,45.64,6,-4.81,10,,,21.26,5,0.53,5,2805.6,5,114,1,29.58,5,30.04,6,0.64,1,124.9,6,-31,4,-1.41,10,88.99,6,81.55,8,55.34,7,1.03,8,22,2
46800,2019,전라남도 장흥군,,,45.09,6,-5.91,10,,,11.33,3,0.5,5,2622.19,5,34,1,14.31,2,29.94,6,0.82,1,175.39,7,26.18,6,-1.17,10,95.08,7,118.85,10,29.42,6,1.44,9,16,1
46810,2019,전라남도 강진군,,,44.93,6,-5.17,10,,,11.23,3,0.45,5,2528.41,5,33,1,14.58,2,65.95,10,1.33,1,186.06,7,6.79,6,-1.65,10,94.14,7,110.45,9,27.38,6,1.87,10,16,1
46820,2019,전라남도 해남군,,,44.81,6,-7.94,10,,,21.67,5,0.46,5,3013.24,5,66,1,17.78,3,19.66,5,0.55,1,128.87,6,13.83,6,-1.53,10,91.24,6,98.79,9,15.51,5,0.79,7,11,1
46830,2019,전라남도 영암군,,,25.17,4,-5.59,10,,,12.4,3,0.89,6,5932.6,7,138,1,76.37,6,51.23,9,1.48,1,139.9,6,-4.45,5,0.14,10,87.56,6,95.09,8,24.16,6,0.78,7,15,1
46840,2019,전라남도 무안군,,,49.67,6,-2.17,10,,,24.52,5,0.36,4,3966.93,6,159,1,17.92,3,12.1,5,1.55,2,94.13,6,-18.97,5,-0.72,10,83.34,5,55.75,6,19.38,5,0.25,5,25,2
46860,2019,전라남도 함평군,,,40.45,5,-4.96,10,,,9.93,2,0.48,5,2926.83,5,40,1,16.32,3,16.22,5,1.85,3,199.17,7,20.75,6,-0.75,10,91.68,7,130.19,10,21.3,5,1.69,10,7,1
46870,2019,전라남도 영광군,,,41.51,5,-2.85,10,,,14.15,4,0.5,5,3474.4,5,64,1,40.35,6,25.09,6,1.16,1,139.01,6,24.4,6,-0.37,10,90.34,6,85.42,8,60.16,7,1.23,9,21,1
46880,2019,전라남도 장성군,,,36.51,5,-5.05,10,,,17.97,5,0.61,6,4060.47,6,127,1,29.04,5,9.8,4,1.7,2,152.03,6,-40.71,4,0.38,9,88.71,6,87.33,8,51.66,7,1.48,10,10,1
46890,2019,전라남도 완도군,,,44.87,6,-4.28,10,,,11.37,3,0.38,5,2220.87,5,26,1,11.75,1,35.96,7,0.9,1,158.4,6,21.45,6,-0.95,10,80.48,4,71.18,7,23.51,6,0.66,6,11,1
46900,2019,전라남도 진도군,,,41.61,5,-4.46,10,,,13.85,4,0.38,5,2897.52,5,12,1,10.33,1,30.35,6,0.79,1,218.68,7,-41.03,4,-0.78,10,88.22,6,106.96,9,55.31,7,1.47,10,8,1
46910,2019,전라남도 신안군,,,39.68,5,-7.07,10,,,8.55,1,0.26,3,2602.03,5,16,1,10.67,1,68.63,10,0.73,1,231.95,7,-26.41,5,-1.47,10,89.13,6,124.29,10,29.47,6,0.88,7,4,1
47110,2019,경상북도 포항시,,,37.64,5,-3.49,10,,,31.89,6,0.49,5,3805.73,5,1907,7,48.41,6,27.89,6,2.19,3,43.65,4,-40.85,4,-0.54,10,93.09,7,14.35,4,19.51,5,0.18,4,169,7
47130,2019,경상북도 경주시,,,37.43,5,-5.08,10,,,28.4,6,0.61,6,4130.93,6,517,5,51.69,6,13.51,5,1.54,2,68.03,5,-5.44,5,-0.21,10,82.55,5,27.59,5,20.46,5,0.12,4,82,6
47150,2019,경상북도 김천시,,,40.12,5,-3.36,10,,,27.6,6,0.52,5,3864.38,5,302,3,41.92,6,33.72,7,1.27,1,85.16,6,-13.73,5,0.36,9,80.96,4,43.49,6,20.94,5,0.07,4,32,3
47170,2019,경상북도 안동시,,,47.98,6,-4.32,10,,,14.08,4,0.41,5,3429.64,5,338,3,20.49,4,48.16,8,0.83,1,89.28,6,-14.29,5,-0.97,10,86.65,5,37.28,5,37.79,6,0.19,5,91,6
47190,2019,경상북도 구미시,,,36.04,5,-3.17,10,,,44.24,6,0.54,5,6894.44,7,1546,7,69.02,6,39.79,7,3.25,5,41.06,3,-57.64,3,-0.74,10,81.74,4,11.9,4,22.09,5,0,4,104,6
47210,2019,경상북도 영주시,,,44.14,6,-5.08,10,,,17.88,5,0.45,5,2954.82,5,63,1,25.68,4,20.82,6,1.22,1,102.15,6,-0.39,6,-1.01,10,87.19,6,40.42,6,17.27,5,0.48,6,28,3
47230,2019,경상북도 영천시,,,35.97,5,-1.42,10,,,18.84,5,0.59,6,3679.45,5,221,1,38.02,5,6.37,4,0.95,1,111.28,6,-51.2,4,1.22,8,80.03,4,47.39,6,29.02,6,0.52,6,28,3
47250,2019,경상북도 상주시,,,45.68,6,-4.79,10,,,15.26,4,0.39,5,2371.84,5,99,1,15.5,2,25.16,6,0.63,1,126.49,6,-3.56,5,1.1,8,87.04,6,66.08,7,64.5,7,0.21,5,30,3
47280,2019,경상북도 문경시,,,50.25,6,-3.74,10,,,20.64,5,0.44,5,2267.25,5,71,1,17.42,3,16.95,5,0.35,1,136.87,6,26.62,6,1.22,8,83.01,5,63.99,7,34.96,6,0.59,6,29,3
47290,2019,경상북도 경산시,,,39.29,5,-0.5,10,,,31.91,6,0.47,5,3265.58,5,876,6,33.25,5,18.31,5,3.02,5,45.06,4,118.38,10,0.74,8,88.48,6,17.16,4,13.51,4,0.11,4,57,5
47720,2019,경상북도 군위군,,,36.64,5,-6.52,10,,,12.59,3,0.49,5,3367.76,5,15,1,23.52,4,39.31,7,0.66,1,246.54,7,-31.94,4,0.73,8,95.61,7,104.86,9,82.49,7,0.47,6,10,1
47730,2019,경상북도 의성군,,,42.93,6,-3.6,10,,,15.95,4,0.39,5,2567.58,5,39,1,12.96,2,35.08,7,0.81,1,184.08,7,-5.21,5,0.51,9,85.82,5,108.72,9,76.18,7,0.41,5,14,1
47750,2019,경상북도 청송군,,,52.77,6,-8.29,10,,,10.35,2,0.5,5,3164.15,5,12,1,14.75,2,18.93,5,0.54,1,225.52,7,-7.22,5,-0.11,10,85.77,5,101.55,9,19.89,5,0.85,7,9,1
47760,2019,경상북도 영양군,,,38.51,5,-9.77,10,,,11.81,3,0.28,4,2404.04,5,6,1,10.86,1,41.29,8,0.34,1,311.89,7,23.23,6,-0.9,10,94.71,7,111.75,9,15.78,5,2.53,10,5,1
47770,2019,경상북도 영덕군,,,46.35,6,-4.52,10,,,13.42,4,0.43,5,2275,5,13,1,14.09,2,56.78,9,0.19,1,176.28,7,39.12,7,-1.06,10,89.07,6,72.67,7,38.23,6,1.17,8,8,1
47820,2019,경상북도 청도군,,,46.74,6,-5.47,10,,,15.27,4,0.49,5,2431.17,5,70,1,14.88,2,35.35,7,0.3,1,155.48,6,-55.65,3,0.72,8,90.74,6,87.11,8,56.47,7,0.76,7,16,1
47830,2019,경상북도 고령군,,,30.75,5,-7.16,10,,,20.68,5,0.88,6,4553.36,6,59,1,39.29,6,26.08,6,2.52,4,195.94,7,1.03,6,-1.18,10,94.55,7,72.6,7,27.56,6,1.01,8,10,1
47840,2019,경상북도 성주군,,,31.58,5,-7.04,10,,,15.91,4,0.71,6,4040.57,6,103,1,34.02,5,12.17,5,0.94,1,158.44,6,-13.66,5,-0.77,10,88.08,6,77.43,8,15.38,5,0.26,5,15,1
47850,2019,경상북도 칠곡군,,,36.13,5,-6.63,10,,,27.53,6,0.65,6,3652.7,5,238,1,37.79,5,37.27,7,2.45,4,71.17,5,-43.49,4,-1.48,10,76.61,3,26.08,5,18.21,5,0.18,4,35,4
47900,2019,경상북도 예천군,,,47.89,6,6.74,9,,,13.05,3,0.29,4,2110.93,4,44,1,12.56,1,19.33,5,1.26,1,131.26,6,-41.72,4,3.79,8,95.6,7,72.52,7,15.88,5,0.77,7,15,1
47920,2019,경상북도 봉화군,,,30.42,5,-6.3,10,,,8.97,2,0.44,5,3438.41,5,21,1,21.47,4,22.84,6,0.84,1,204.83,7,-41.55,4,-1.15,10,79.5,4,92.86,8,23.8,6,1.01,8,6,1
47930,2019,경상북도 울진군,,,38.31,5,-4.61,10,,,16.54,4,0.47,5,4506.6,6,49,1,50.91,6,27.1,6,0.67,1,148.36,6,27.3,7,-0.89,10,90.28,6,58.6,7,23.04,6,0.66,6,21,1
47940,2019,경상북도 울릉군,,,38.26,5,-3.24,10,,,16.13,4,0.45,5,3116.44,5,4,1,15.41,2,24.66,6,1.17,1,473.31,7,68.84,8,-1.91,10,94.98,7,35.59,5,29.66,6,1.19,8,6,1
48110,2019,경상남도 창원시,,,39.94,5,-4.26,10,,,39.06,6,0.5,5,3815.31,5,2418,7,45.54,6,17.68,5,4.44,5,38.71,3,10.85,6,-0.94,10,79.74,4,11.96,4,12.27,4,0.04,4,340,7
48170,2019,경상남도 진주시,,,45.88,6,-2.7,10,,,35.17,6,0.44,5,2488.57,5,858,6,25.45,4,31.04,7,2.33,4,34.32,3,-15.81,5,0.42,9,84.69,5,17.26,4,13.11,4,0.12,4,104,6
48220,2019,경상남도 통영시,,,50.27,6,-5.87,10,,,18.74,5,0.34,4,2356.29,5,77,1,16.17,3,39.13,7,2.32,4,61.88,5,-45.74,4,-1.44,10,66.63,1,23.12,5,41.66,6,0.24,5,23,2
48240,2019,경상남도 사천시,,,36.44,5,-5.99,10,,,22.6,5,0.62,6,4127.01,6,189,1,55.07,6,26.44,6,2.57,4,65.81,5,-37.86,4,-1.33,10,85.57,5,37.14,5,43.91,6,0.47,6,28,3
48250,2019,경상남도 김해시,,,39.54,5,-1.64,10,,,39.93,6,0.51,5,2960.3,5,1220,6,30.76,5,24.74,6,4.62,6,27.88,1,-2.12,5,1.42,8,88.26,6,11.85,4,13,4,0.17,4,58,5
48270,2019,경상남도 밀양시,,,40.54,5,-4.94,10,,,18.42,5,0.44,5,2994.46,5,134,1,24.99,4,19.2,5,1.1,1,72.42,5,-35.03,4,-0.52,10,91.1,6,46.94,6,10.48,3,0.1,4,21,1
48310,2019,경상남도 거제시,,,29.58,5,-3.43,10,,,32.43,6,0.56,6,3840.87,5,576,5,65.01,6,33.83,7,2.81,4,37.48,3,-36.53,4,-1.13,10,64.09,1,15.17,4,12.88,4,0.17,4,27,3
48330,2019,경상남도 양산시,,,40.58,5,-1.95,10,,,39.27,6,0.5,5,3122.64,5,643,5,39.34,6,17.2,5,3.42,5,31.81,2,23.18,6,0.27,10,81.12,4,10.49,4,19.24,5,0.09,4,45,5
48720,2019,경상남도 의령군,,,40.28,5,-6.6,10,,,16,4,0.41,5,3517.93,5,38,1,20.84,4,70.52,10,0.99,1,173.67,7,-35.3,4,-0.57,10,86.83,5,124.85,10,18.81,5,0.4,5,7,1
48730,2019,경상남도 함안군,,,29.15,5,-4.97,10,,,25.42,5,0.94,6,6093.35,7,136,1,60.02,6,23.44,6,1.64,2,82.41,5,39.54,7,-1.52,10,87.36,6,58.77,7,14.09,4,0.16,4,17,1
48740,2019,경상남도 창녕군,,,36.85,5,-3.3,10,,,18.44,5,0.58,6,4470.6,6,60,1,33.81,5,59.26,9,1.63,2,89.29,6,-3.69,5,-0.94,10,95.06,7,71.84,7,24.63,6,0.86,7,16,1
48820,2019,경상남도 고성군,,,36.34,5,-5.22,10,,,17.82,5,0.51,5,4303.22,6,55,1,37.86,5,26.19,6,2.5,4,108.03,6,6.21,6,-0.94,10,64.68,1,70.53,7,12.84,4,0.61,6,21,1
48840,2019,경상남도 남해군,,,49.97,6,-4.66,10,,,17.78,5,0.44,5,2576.37,5,38,1,12.25,1,26.33,6,0.81,1,110.51,6,5.77,6,0.49,9,92.68,7,70.26,7,14.64,4,0.98,8,10,1
48850,2019,경상남도 하동군,,,41.85,5,-6.46,10,,,12.68,3,0.4,5,4598.73,6,36,1,28.4,5,28.71,6,1.23,1,119.06,6,34.74,7,-1.16,10,99.23,8,95.39,8,15.78,5,0.96,8,13,1
48860,2019,경상남도 산청군,,,44.42,6,-7.53,10,,,14.97,4,0.47,5,2982.18,5,74,1,17.09,3,15.5,5,0.9,1,135.03,6,-33.09,4,-0.56,10,90.55,6,113.9,9,78.39,7,1.84,10,14,1
48870,2019,경상남도 함양군,,,41.97,5,-9.09,10,,,17.07,4,0.42,5,2652.05,5,38,1,16.86,3,30.79,7,0.79,1,126.89,6,22.01,6,-0.05,10,89.24,6,118.17,10,23.69,6,0.54,6,11,1
48880,2019,경상남도 거창군,,,42.77,6,-2.29,10,,,24.57,5,0.41,5,2572.75,5,32,1,17.55,3,13.35,5,0.98,1,89.12,6,25.32,6,0.25,10,89.11,6,78.64,8,13.87,4,0.51,6,17,1
48890,2019,경상남도 합천군,,,41.68,5,-7.67,10,,,12.69,3,0.38,5,2490.68,5,34,1,13.19,2,7.39,4,1.04,1,127.39,6,13.06,6,-0.27,10,93.1,7,129.8,10,16.83,5,0.96,8,10,1
49110,2019,제주특별자치도 제주시,,,47.32,6,-2.12,10,,,36.52,6,0.49,5,3036.24,5,711,5,23.13,4,15.14,5,2.15,3,21.72,1,-4.17,5,0.5,9,75.68,3,8.81,4,18.27,5,0.34,5,320,7
49130,2019,제주특별자치도 서귀포시,,,49.26,6,-1.51,10,,,36.52,6,0.46,5,3000.94,5,180,1,21.5,4,16.73,5,1.86,3,47.45,4,-43.43,4,0.26,10,50.47,1,11.64,4,29.39,6,0.77,7,77,6
11110,2018,서울특별시 종로구,,,42.43,6,-3.52,10,,,52.75,6,2.03,7,208203.69,7,1259,6,272.47,7,7.37,2,13.77,7,83.34,6,1.1,1,-1.05,10,85.69,6,6.72,1,33.45,6,0.48,6,514,7
11140,2018,서울특별시 중구,,,46.32,6,-1.57,10,,,63.31,7,3.8,7,431692.09,7,2713,7,542.17,7,12.87,4,19.21,7,104.32,6,-33.72,10,-0.08,10,81.12,5,5.86,1,40.74,6,0.17,2,242,7
11170,2018,서울특별시 용산구,,,44.86,6,-2.19,10,,,46.19,6,0.77,6,53713.41,6,1124,6,74.25,7,2.96,1,14.67,7,60.73,5,63,7,-0.2,10,91,6,6.45,1,11.93,4,0.1,1,167,7
11200,2018,서울특별시 성동구,,,42.5,6,-2.11,10,,,38.16,6,0.68,6,37820.76,5,1450,7,39.07,6,4.8,1,14.78,7,43.15,4,-37.38,10,0.76,8,73.24,5,7.04,1,15.57,5,0.1,1,69,6
11215,2018,서울특별시 광진구,,,45.35,6,-5.15,10,,,32.97,6,0.4,5,17837.49,3,890,6,16.72,3,1.81,1,27.96,7,37.01,3,-51.6,10,-0.86,10,93.12,6,4.44,1,14.04,4,0.06,1,77,6
11230,2018,서울특별시 동대문구,,,48.57,6,-4.38,10,,,27.78,6,0.44,5,21054.78,4,559,5,22.94,4,2.9,1,13.95,7,39.52,3,19.94,5,-0.78,10,92.12,6,6.27,1,12.71,4,0.12,1,80,6
11260,2018,서울특별시 중랑구,,,50.48,6,-6.66,10,,,23.35,5,0.26,4,11043.2,1,307,3,10.62,1,5.9,1,16.16,7,35.27,3,12.54,4,-1.35,10,92.92,6,6.54,1,13.48,4,0.05,1,39,4
11290,2018,서울특별시 성북구,,,52.45,6,-4.85,10,,,27,5,0.27,4,13891.39,2,1971,7,12.04,1,7.56,2,25.69,7,34.89,3,-21.02,1,-1.91,10,93.59,6,5.7,1,13.58,4,0.02,1,87,6
11305,2018,서울특별시 강북구,,,56.97,6,-6.84,10,,,25.87,5,0.24,3,10049.03,1,238,2,8.23,1,4.9,1,5.29,6,43.03,4,1.84,1,-1.52,10,90.75,6,5.92,1,13.08,4,0.03,1,59,5
11320,2018,서울특별시 도봉구,,,50.35,6,-6.14,10,,,25.62,5,0.22,3,9878.06,1,194,1,8.6,1,6.67,1,8.88,6,38.12,3,0.68,1,-1.38,10,82.33,6,7.1,1,12.24,4,0.28,4,50,5
11350,2018,서울특별시 노원구,,,55.24,6,-6.14,10,,,21.13,5,0.23,3,11747.47,1,961,6,9.97,1,3.45,1,7.38,6,28.58,2,-67.96,10,-2,10,88.86,6,6.27,1,13.82,4,0.08,1,61,5
11380,2018,서울특별시 은평구,,,55.73,6,-5.31,10,,,23.93,5,0.19,2,9839.35,1,356,4,8.36,1,7.21,2,4.83,6,30.22,2,-31.07,10,-0.83,10,92.76,6,5.28,1,11.45,4,0.09,1,112,6
11410,2018,서울특별시 서대문구,,,52.13,6,-4.48,10,,,32.34,6,0.39,5,26953.32,5,1427,7,26.57,5,4.82,1,19.93,7,42.17,4,-5.89,1,-0.85,10,89.82,6,5.85,1,14.45,4,0.16,2,129,7
11440,2018,서울특별시 마포구,,,46.34,6,-4,10,,,40.14,6,0.86,6,51921.81,6,1987,7,63.36,6,8.53,3,19.95,7,39.73,3,13.16,4,-0.23,10,84.87,6,5.88,1,15.98,5,0.23,3,305,7
11470,2018,서울특별시 양천구,,,47.3,6,-4.84,10,,,31.03,6,0.29,4,14931.92,2,678,5,14.3,2,3.7,1,19.34,7,29.98,2,-35.01,10,-1.69,10,85.34,6,5.84,1,13.14,4,0.02,1,72,6
11500,2018,서울특별시 강서구,,,45.25,6,-4.5,10,,,26.51,5,0.51,6,29495.44,5,995,6,41.35,6,5.9,1,11.8,7,27.66,2,-41.39,10,-1.1,10,73.43,5,5.66,1,14.38,4,0.07,1,77,6
11530,2018,서울특별시 구로구,,,43.21,6,-5.67,10,,,27.79,6,0.67,6,34157.64,5,1391,6,33.28,5,3.04,1,32.04,7,33.83,3,12.3,4,-1.84,10,85.02,6,6.73,1,16.39,5,0.03,1,82,6
11545,2018,서울특별시 금천구,,,37.62,5,-6.61,10,,,28.55,6,1.3,7,73371.51,6,1993,7,75.68,7,0.39,1,16.14,7,51.12,4,63.93,7,-0.73,10,89.95,6,5.64,1,17.58,5,0.14,1,53,5
11560,2018,서울특별시 영등포구,,,42.39,6,-4.09,10,,,42.83,6,1.3,7,93262.46,7,11608,7,149.13,7,2.25,1,14.88,7,40.59,4,60.89,7,-0.61,10,94.37,6,7.54,1,23.49,6,0.32,5,290,7
11590,2018,서울특별시 동작구,,,52.23,6,-4.73,10,,,31.85,6,0.32,4,16057.61,3,968,6,17.85,3,11.6,4,15.91,7,34.34,3,28.66,6,-0.25,10,93.22,6,5.18,1,11.87,4,0.03,1,106,6
11620,2018,서울특별시 관악구,,,49.8,6,-6.64,10,,,26.52,5,0.22,3,11627.62,1,1403,6,10.78,1,1.8,1,12.2,7,30.42,2,-0.04,1,-0.41,10,91.42,6,4.31,1,10.99,3,0.06,1,113,6
11650,2018,서울특별시 서초구,,,39.64,5,-3.35,10,,,63.34,7,1.37,7,81292.66,7,5163,7,118.39,7,5.33,1,8.42,6,37.06,3,-53.86,10,-2.04,10,91.85,6,4.25,1,25.38,6,0.35,5,226,7
11680,2018,서울특별시 강남구,,,44.54,6,-4.54,10,,,67.92,7,1.78,7,127564.36,7,4968,7,177.75,7,8.35,2,15.33,7,30.34,2,7.54,2,-2.8,10,88.44,6,4.73,1,34.07,6,0.06,1,220,7
11710,2018,서울특별시 송파구,,,39.92,5,-2.93,10,,,47.67,6,0.65,6,42928.24,6,2012,7,48.68,6,3.59,1,14.52,7,25.46,1,169.21,7,-0.06,10,89.73,6,4.19,1,13.71,4,0.18,2,143,7
11740,2018,서울특별시 강동구,,,46.82,6,-5.93,10,,,33.63,6,0.39,5,20640.87,4,508,5,23.97,4,8.27,2,14.77,7,33.42,3,10,3,-2.24,10,94.33,6,5.05,1,16.21,5,0.02,1,70,6
26110,2018,부산광역시 중구,,,41.66,5,-9.62,10,,,31.06,6,2.02,7,69476.25,6,36,1,98.48,7,125.27,7,7.59,6,115.8,6,-3.98,1,-2.93,10,88.23,6,10.33,1,29.26,6,0.49,6,53,5
26140,2018,부산광역시 서구,,,51.7,6,-2.12,10,,,18.17,5,0.49,5,29740.25,5,100,1,37.46,6,18.03,5,5.77,6,57.68,5,-42.02,10,1,8,97.5,6,9.72,1,13.92,4,0.1,1,25,3
26170,2018,부산광역시 동구,,,48,6,-6.43,10,,,18.85,5,1.15,7,52382.63,6,75,1,57.63,6,0.8,1,9.76,7,71.87,5,-78.58,10,-1.68,10,95.97,6,12.5,1,18.33,5,0.36,5,93,6
26200,2018,부산광역시 영도구,,,38.96,5,-6.88,10,,,14.55,4,0.41,5,21999.89,4,386,4,22.94,4,7.23,2,7.03,6,51.59,4,8.08,2,-2.24,10,94.73,6,9.34,1,14.22,4,0.17,2,15,1
26230,2018,부산광역시 부산진구,,,51.49,6,-5.92,10,,,27.38,6,0.54,6,23502.4,4,541,5,25.57,5,13.34,4,7.74,6,26.5,1,90.34,7,-2.48,10,96.97,6,8.54,1,14.4,4,0.03,1,157,7
26260,2018,부산광역시 동래구,,,50.06,6,-4.57,10,,,22.77,5,0.38,5,15245.22,3,251,2,16.79,3,18.71,5,5.83,6,27.61,2,45.58,7,-1.47,10,97.37,6,7.47,1,10.85,3,0.04,1,69,6
26290,2018,부산광역시 남구,,,42.96,6,0.95,10,,,34.35,6,0.33,4,20392.77,4,576,5,23.73,4,8.81,3,4.85,6,27.69,2,3.21,1,2.32,8,95.22,6,8.12,1,10.91,3,0.04,1,46,5
26320,2018,부산광역시 북구,,,58.9,6,-6.23,10,,,16.63,4,0.2,2,10526.48,1,242,2,11.5,1,2.81,1,3.13,5,27.15,2,-59.05,10,-2.08,10,96.7,6,6.79,1,11.05,3,0.07,1,42,5
26350,2018,부산광역시 해운대구,,,50.29,6,-4.22,10,,,31.37,6,0.43,5,21608.71,4,668,5,22.41,4,5.47,1,3.53,5,25.46,1,-44.87,10,-0.61,10,86.5,6,7.84,1,14.5,4,0.08,1,59,5
26380,2018,부산광역시 사하구,,,43,6,-5.69,10,,,22.26,5,0.38,5,21051.07,4,563,5,24.85,5,2.36,1,4.55,6,26.93,2,33.39,6,-1.62,10,83.42,6,7.19,1,12.58,4,0.09,1,42,5
26410,2018,부산광역시 금정구,,,41.75,5,-2.7,10,,,24.72,5,0.41,5,18491.49,3,686,5,20.97,4,5.72,1,3.17,5,32.09,2,-57.36,10,-0.4,10,95.13,6,7.37,1,14.17,4,0.04,1,62,6
26440,2018,부산광역시 강서구,,,26.56,4,5.76,9,,,50.37,6,1.39,7,108609.73,7,806,6,120.33,7,128.86,7,4.12,5,52.59,4,-8.08,1,3.65,8,88.62,6,15.93,3,26.47,6,0.17,2,12,1
26470,2018,부산광역시 연제구,,,49.05,6,-5.07,10,,,25.12,5,0.49,5,32451.34,5,178,1,22.41,4,0.41,1,4.8,6,31.87,2,67.91,7,0.5,8,97.72,6,7.74,1,11.61,4,0.05,1,76,6
26500,2018,부산광역시 수영구,,,46.09,6,-6.68,10,,,24.69,5,0.38,5,14612.75,2,163,1,17.69,3,0.94,1,11.89,7,35.06,3,-58.64,10,-2.06,10,96.7,6,6.64,1,15.01,4,0.06,1,44,5
26530,2018,부산광역시 사상구,,,38.91,5,-6.71,10,,,24.22,5,0.62,6,30268.61,5,520,5,31.05,5,3.25,1,4.79,6,32.54,3,-28.73,10,-2.59,10,92.53,6,7.39,1,16.18,5,0.05,1,39,4
26710,2018,부산광역시 기장군,,,40.97,5,0.28,10,,,38.22,6,0.5,5,32979.27,5,380,4,35.71,5,59.55,7,2.94,4,46.21,4,-50.49,10,1.69,8,89.68,6,20.86,4,23.26,6,0.19,3,13,1
27110,2018,대구광역시 중구,,,56.38,6,2.98,10,,,31.3,6,1.4,7,68340.61,6,110,1,68.59,6,0.71,1,12.26,7,79.91,5,-70,10,0.57,8,93.31,6,11.04,1,26.81,6,0.53,6,101,6
27140,2018,대구광역시 동구,,,45.26,6,-2.66,10,,,19.87,5,0.38,5,20031.02,4,544,5,22.64,4,6.19,1,2.11,3,27.97,2,30.28,6,0.56,8,,0,8.79,1,12.44,4,0.06,1,54,5
27170,2018,대구광역시 서구,,,42.18,5,-9.8,10,,,17.97,4,0.47,5,19060.55,4,204,1,24.45,5,3.12,1,8.39,6,41.32,4,-89.04,10,-3.72,10,79.14,5,8.24,1,13.05,4,,0,27,3
27200,2018,대구광역시 남구,,,51.21,6,-6.96,10,,,16.83,4,0.41,5,19581.27,4,165,1,20.06,4,0.69,1,6.64,6,44.09,4,134.32,7,-1.18,10,,0,8.89,1,12.32,4,0.27,4,71,6
27230,2018,대구광역시 북구,,,43.69,6,-4.04,10,,,22.29,5,0.38,5,24718.56,4,1131,6,17.88,3,4.32,1,3.22,5,24.04,1,74.02,7,-0.57,10,,0,8.3,1,12.36,4,0.02,1,48,5
27260,2018,대구광역시 수성구,,,48.47,6,-5,10,,,28.99,6,0.35,5,17832.04,3,455,4,12.95,2,9.62,3,2.55,4,25.4,1,152.64,7,-1.38,10,94.41,6,7.37,1,14.52,4,0.02,1,73,6
27290,2018,대구광역시 달서구,,,43.58,6,-5.45,10,,,25.67,5,0.4,5,20264.69,4,1231,6,24.24,4,4.62,1,4.96,6,20.83,1,115.86,7,-0.89,10,74.94,5,5.99,1,15.29,5,0.02,1,63,6
27710,2018,대구광역시 달성군,,,34.16,5,3.18,10,,,41.18,6,0.48,5,30292.9,5,772,6,41.98,6,23.03,6,1.37,1,36.71,3,29.39,6,2.2,8,,0,15.14,2,16.21,5,0.08,1,18,1
28110,2018,인천광역시 중구,,,39.93,5,-0.34,10,,,53.2,6,0.96,6,118856.28,7,110,1,145.23,7,0.83,1,1.06,1,52.02,4,40.71,6,3.61,8,87.36,6,9.57,1,23.66,6,0.43,5,54,5
28140,2018,인천광역시 동구,,,29.64,5,-9.73,10,,,33.5,6,0.63,6,52833.83,6,385,4,60.48,6,1.07,1,7.37,6,70.02,5,1327.05,7,-4.73,10,95.87,6,8.91,1,15.47,5,0.16,2,18,1
28170,2018,인천광역시 미추홀구,,,48.69,6,-4.43,10,,,21.86,5,0.32,4,16748.26,3,671,5,15.88,3,1.12,1,13.64,7,17.56,1,5.03,1,-0.62,10,93.6,6,6.01,1,18.3,5,0.05,1,126,7
28185,2018,인천광역시 연수구,,,44.36,6,2.11,10,,,45.54,6,0.38,5,32627.19,5,1463,7,38.72,6,4.02,1,2.54,4,18.22,1,-51.88,10,2.87,8,,0,5.83,1,12.79,4,0.06,1,74,6
28200,2018,인천광역시 남동구,,,42.3,5,-3.34,10,,,33.35,6,0.52,6,29933.63,5,1234,6,31.6,5,3.61,1,7.02,6,14.3,1,-59.11,10,-0.17,10,38.37,3,5.57,1,17.17,5,0.02,1,186,7
28237,2018,인천광역시 부평구,,,47.84,6,-7.01,10,,,22.66,5,0.33,4,20004.86,4,764,6,26.08,5,4,1,24.24,7,16.82,1,6.97,1,-3.15,10,,0,5.86,1,11.55,4,0.02,1,98,6
28245,2018,인천광역시 계양구,,,50.27,6,-8.9,10,,,23.12,5,0.27,4,14489.51,2,266,2,13.92,2,3.51,1,5.51,6,21.52,1,329.07,7,-3.71,10,93.1,6,7.81,1,14.57,4,,0,44,5
28260,2018,인천광역시 서구,,,39.27,5,1.12,10,,,40.39,6,0.43,5,35184.98,5,1189,6,30.46,5,7.11,2,6.17,6,15.18,1,120.94,7,3.8,8,48.76,4,10.98,1,16.03,5,0.04,1,65,6
28710,2018,인천광역시 강화군,,,46.77,6,-2.9,10,,,17.32,4,0.33,4,23937.06,4,63,1,12.37,2,0.74,1,0.22,1,86.23,6,16.57,5,0.98,8,91.39,6,50.85,6,31.43,6,1.11,7,29,3
28720,2018,인천광역시 옹진군,,,31.54,5,-6.85,10,,,16.86,4,0.26,4,33011.98,5,13,1,41.26,6,,0,0.02,1,224.42,7,-26.29,10,-2.12,10,,0,41.19,6,36.43,6,,0,2,1
29110,2018,광주광역시 동구,,,53.07,6,-2.11,10,,,14.3,4,0.8,6,39469.71,6,302,3,48.4,6,3.4,1,2.24,3,52.12,4,-68.01,10,-0.75,10,91.01,6,15.87,3,29.08,6,0.1,1,161,7
29140,2018,광주광역시 서구,,,44.97,6,-5.67,10,,,25.04,5,0.58,6,33193.75,5,393,4,34.46,5,16.25,5,4.53,6,20.9,1,27.87,6,-1,10,86.51,6,10.2,1,16.94,5,0.07,1,118,6
29155,2018,광주광역시 남구,,,48.97,6,-3.97,10,,,13.65,4,0.33,4,14452.34,2,209,1,13.83,2,9.07,3,3.28,5,25.94,1,-65.63,10,-0.91,10,87.87,6,14.38,2,17.17,5,0.05,1,103,6
29170,2018,광주광역시 북구,,,44.13,6,-3.4,10,,,16.92,4,0.4,5,22638.42,4,1528,7,21.96,4,18.33,5,3.25,5,17.93,1,0.95,1,0.11,10,90.44,6,10.74,1,17.86,5,,0,182,7
29200,2018,광주광역시 광산구,,,39.71,5,-3.66,10,,,21.87,5,0.46,5,31880.33,5,999,6,37.6,6,11.12,4,1.89,3,20.31,1,46.09,7,-0.24,10,85.14,6,11.61,1,15.75,5,0.02,1,70,6
30110,2018,대전광역시 동구,,,44.53,6,-5,10,,,13.52,3,0.35,5,15293.32,3,410,4,19.74,4,2.37,1,1.8,2,26.19,1,-5.72,1,-0.5,10,74.55,5,9.84,1,82.42,7,,0,78,6
30140,2018,대전광역시 중구,,,50.89,6,-6.13,10,,,15.77,4,0.46,5,20058.64,4,263,2,26.46,5,1.99,1,3.54,5,24.23,1,-0.33,1,-1.73,10,65.83,5,8.64,1,14.83,4,0.08,1,207,7
30170,2018,대전광역시 서구,,,52.53,6,-3.85,10,,,22.41,5,0.4,5,24852.08,4,749,6,20.95,4,13.52,4,2.07,3,14.6,1,-29.19,10,-0.8,10,60.18,5,6.35,1,7.77,2,0.02,1,175,7
30200,2018,대전광역시 유성구,,,38.72,5,-3.47,10,,,33.41,6,0.5,5,38815.92,6,8243,7,61.08,6,12.6,4,2.21,3,16.8,1,20.79,5,-0.13,10,56.69,5,6.4,1,22.28,5,0.03,1,84,6
30230,2018,대전광역시 대덕구,,,33.3,5,-7.26,10,,,21.73,5,0.57,6,40002.19,6,1101,6,62.38,6,5.01,1,3.72,5,29.78,2,34.52,6,-2.75,10,53.23,4,9.93,1,30.45,6,,0,55,5
31110,2018,울산광역시 중구,,,50.99,6,-6.3,10,,,22.09,5,0.25,3,18502.78,3,238,2,15.74,3,15.15,5,5.3,6,22.45,1,160.12,7,-3.04,10,80.39,5,8.43,1,13.57,4,0.09,1,81,6
31140,2018,울산광역시 남구,,,41.93,5,-6.44,10,,,37.49,6,0.61,6,93000.49,7,532,5,58.87,6,35.97,6,3.87,5,18.36,1,-37.27,10,-1.64,10,76.38,5,5.52,1,20.73,5,0.03,1,172,7
31170,2018,울산광역시 동구,,,26.68,4,-5.07,10,,,24.87,5,0.56,6,57146.91,6,466,4,94.64,7,27.5,6,3.67,5,25.95,1,109.3,7,-3.45,10,74.6,5,5.1,1,15,4,0.06,1,33,4
31200,2018,울산광역시 북구,,,26.03,4,1.64,10,,,32.11,6,0.6,6,51950.33,6,253,2,117.37,7,20.52,5,1.58,2,24.84,1,-39.33,10,2.21,8,82.65,6,8.03,1,14.26,4,0.1,1,34,4
31710,2018,울산광역시 울주군,,,28.27,5,-2.01,10,,,44.8,6,0.59,6,83230.66,7,857,6,84.5,7,60.9,7,0.81,1,34.65,3,-5.56,1,0.42,9,78.16,5,20.98,4,15.82,5,0.37,5,35,4
36110,2018,세종특별자치시 세종시,,,43.39,6,12.52,8,,,69.21,7,0.37,5,35342.06,5,811,6,26.2,5,71.28,7,6.47,6,63.78,5,24.9,6,10.01,8,81.51,5,16.71,3,11.41,3,,0,27,3
41110,2018,경기도 수원시,,,44.15,6,-3.62,10,,,55.73,7,0.42,5,29505.61,5,9921,7,41.52,6,14.49,5,12.38,7,27.59,2,-10.34,1,-0.48,10,85.52,6,5.58,1,16,5,0.08,1,369,7
41130,2018,경기도 성남시,,,42.62,6,-5.13,10,,,63.53,7,0.61,6,44331.39,6,7147,7,55.72,6,19.76,5,9.59,7,30.32,2,55.21,7,-1.63,10,79.05,5,5.52,1,15,4,0.01,1,182,7
41150,2018,경기도 의정부시,,,54.57,6,-2.45,10,,,30.73,6,0.3,4,16442.15,3,358,4,13.39,2,8.29,2,8.85,6,28.7,2,-27.42,10,1.16,8,90.25,6,8.89,1,14.83,4,0.05,1,106,6
41170,2018,경기도 안양시,,,42.95,6,-5.83,10,,,49.19,6,0.53,6,31444.87,5,2302,7,28.77,5,14.52,5,10.76,7,26.78,1,68.25,7,-2.24,10,91.46,6,5.88,1,13.18,4,0.04,1,110,6
41190,2018,경기도 부천시,,,48.51,6,-3.6,10,,,40.37,6,0.4,5,20695.55,4,1509,7,20.18,4,5.21,1,16.88,7,31.32,2,-7.66,1,-1.02,10,75.95,5,6.65,1,13.76,4,0.07,1,119,6
41210,2018,경기도 광명시,,,44.72,6,-5.64,10,,,44.72,6,0.33,4,24832.62,4,490,5,23.06,4,11.37,4,13.7,7,33.13,3,16.01,5,-2.08,10,87.77,6,4.67,1,9.19,3,0.06,1,39,4
41220,2018,경기도 평택시,,,34.74,5,0.51,10,,,49.05,6,0.58,6,68179.7,6,1626,7,63.49,6,24.38,6,6.97,6,40.04,3,-3.99,1,2.58,8,91.58,6,14.47,2,18.61,5,0.11,1,82,6
41250,2018,경기도 동두천시,,,52.68,6,-4.86,10,,,29.28,6,0.33,4,18382.89,3,85,1,16.76,3,17.94,5,3.33,5,58.34,5,6.29,1,-0.59,10,72.17,5,18.8,3,22.02,5,0.11,1,23,2
41270,2018,경기도 안산시,,,38.07,5,-7.48,10,,,57.78,7,0.55,6,39541.44,6,1931,7,45.27,6,14.36,5,10.3,7,31.72,2,6.74,1,-2.82,10,74.03,5,6.51,1,16.28,5,0.06,1,144,7
41280,2018,경기도 고양시,,,47.36,6,-4.05,10,,,48.88,6,0.38,5,20630.54,4,1796,7,17.83,3,8.46,2,7.61,6,28.08,2,-34.56,10,0.08,10,87.28,6,7.99,1,14.24,4,,0,223,7
41290,2018,경기도 과천시,,,39.05,5,-3.28,10,,,48.29,6,0.64,6,82267.12,7,141,1,56.99,6,142.79,7,5.39,6,94.86,6,-47.03,10,0.99,8,93.6,6,6.94,1,13.5,4,0.37,5,32,4
41310,2018,경기도 구리시,,,50.66,6,-0.2,10,,,38.93,6,0.38,5,18286.82,3,193,1,14.9,3,17.81,5,10.97,7,35.55,3,12.36,4,1.5,8,70.87,5,9.38,1,13.35,4,0.1,1,37,4
41360,2018,경기도 남양주시,,,45.65,6,0.13,10,,,34.17,6,0.28,4,16096.3,3,914,6,12.31,2,10.64,4,3.96,5,30.06,2,-4.28,1,2.28,8,87.38,6,11.76,1,13.07,4,0.05,1,88,6
41370,2018,경기도 오산시,,,46.49,6,0.1,10,,,46.17,6,0.36,5,25673.18,5,333,3,23.28,4,14.3,5,11.26,7,19.5,1,-34.14,10,2.47,8,90.51,6,7.23,1,17.86,5,0.05,1,32,4
41390,2018,경기도 시흥시,,,35.03,5,5.15,9,,,50.54,6,0.52,6,36129.66,5,1247,6,31.27,5,13.95,4,11.62,7,30.16,2,-28.82,10,6.06,8,84.04,6,8.71,1,15.99,5,0.05,1,57,5
41410,2018,경기도 군포시,,,43.7,6,-6.56,10,,,45.25,6,0.47,5,27037.72,5,985,6,25.86,5,10,3,10.64,7,32.62,3,-16.56,1,-1.91,10,71.61,5,6.7,1,10.86,3,0.15,1,60,5
41430,2018,경기도 의왕시,,,36.98,5,-5.87,10,,,51.48,6,0.41,5,24841.31,4,656,5,38.92,6,15.36,5,6.86,6,41.24,4,1.38,1,-1.37,10,90.19,6,9.4,1,10.75,3,0.14,1,26,3
41450,2018,경기도 하남시,,,41.23,5,7.86,8,,,53.56,6,0.38,5,25516.29,5,419,4,15.36,3,13.2,4,6.73,6,26.77,1,-22.21,10,8.24,8,93.41,6,7.56,1,11.34,3,,0,50,5
41460,2018,경기도 용인시,,,42.67,6,-0.51,10,,,62.07,7,0.41,5,29484.96,5,5877,7,37.12,6,11.8,4,3.93,5,27.51,2,-2.19,1,2.73,8,87.08,6,10.1,1,14.83,4,0.1,1,93,6
41480,2018,경기도 파주시,,,37.38,5,0.85,10,,,43.61,6,0.53,6,46396.31,6,747,6,45.42,6,19.43,5,2.19,3,26.32,1,25.13,6,2.87,8,88.02,6,12.5,1,12.18,4,0.16,2,65,6
41500,2018,경기도 이천시,,,38.2,5,-3.27,10,,,52.87,6,0.7,6,114754.57,7,1327,6,90.57,7,17.15,5,1.59,2,49.61,4,27.14,6,0.31,9,90.04,6,21.81,4,15.06,4,0.33,5,40,4
41550,2018,경기도 안성시,,,35.31,5,-3.02,10,,,33.99,6,0.64,6,51006.08,6,728,6,49.03,6,8.06,2,2.02,3,36.56,3,79.29,7,0.49,8,89.2,6,29.52,5,21.34,5,0.05,1,36,4
41570,2018,경기도 김포시,,,36.05,5,6.33,9,,,46.08,6,0.51,6,31420.94,5,1224,6,22.84,4,14.41,5,4.91,6,17.86,1,-29.12,10,6.93,8,87.47,6,10.21,1,11.34,3,0.03,1,35,4
41590,2018,경기도 화성시,,,29.23,5,7.08,9,,,64.21,7,0.8,6,102453.87,7,3191,7,87.79,7,21.24,5,5.77,6,32.41,3,13.46,4,8.25,8,90.54,6,11.12,1,15.72,5,0.06,1,75,6
41610,2018,경기도 광주시,,,36.09,5,3.44,10,,,48.45,6,0.46,5,26549.94,5,840,6,20.06,4,8.41,2,2.37,4,32.25,3,-12.17,1,4.51,8,89.67,6,9.78,1,16.99,5,0.09,1,45,5
41630,2018,경기도 양주시,,,37.77,5,-1.71,10,,,35.3,6,0.5,5,30488.76,5,396,4,20.37,4,17.56,5,4.88,6,36.84,3,-33.12,10,2.15,8,89.75,6,17,3,20.85,5,0.05,1,35,4
41650,2018,경기도 포천시,,,34.31,5,-5.89,10,,,27.28,6,0.76,6,44501.29,6,433,4,33.77,5,13.29,4,0.95,1,63.31,5,0.47,1,-1.26,10,81.3,5,28.32,5,25.96,6,,0,39,4
41730,2018,경기도 여주시,,,44.49,6,-5.21,10,,,34.59,6,0.46,5,34797.09,5,137,1,27.67,5,10.75,4,0.62,1,82.41,6,5.81,1,-0.14,10,91.65,6,35.51,5,20.84,5,0.47,6,34,4
41800,2018,경기도 연천군,,,41.34,5,-5.36,10,,,20.95,5,0.36,5,34187.73,5,44,1,13.64,2,28.67,6,0.51,1,160.29,6,65.44,7,-1.54,10,85.99,6,30.68,5,21.64,5,0.48,6,17,1
41820,2018,경기도 가평군,,,48.4,6,-3.24,10,,,25.65,5,0.51,6,29111.3,5,58,1,18.96,4,19.37,5,1.12,1,110.54,6,-26.66,10,0.48,9,94.76,6,33.14,5,22.72,5,0.17,2,16,1
41830,2018,경기도 양평군,,,46.99,6,-2.21,10,,,24.26,5,0.28,4,16980.71,3,120,1,11.18,1,8.95,3,0.83,1,76.48,5,20.98,5,1.2,8,86.85,6,39.53,6,18.11,5,0.37,5,31,4
42110,2018,강원도 춘천시,,,48.34,6,-3.19,10,,,30.09,6,0.42,5,27564.51,5,862,6,19.53,4,13.74,4,1.24,1,44.18,4,18.45,5,0.06,10,86.88,6,16.92,3,24.83,6,0.29,4,103,6
42130,2018,강원도 원주시,,,43.86,6,-2.71,10,,,25.57,5,0.48,5,27711.2,5,774,6,28.33,5,24.23,6,1.97,3,36.69,3,37.3,6,0.76,8,93.19,6,16.64,3,25.91,6,0.15,1,63,6
42150,2018,강원도 강릉시,,,44.74,6,-3.86,10,,,22.43,5,0.43,5,25014.12,4,391,4,22.02,4,22.73,6,1.16,1,47.48,4,-19.94,1,-0.18,10,86.8,6,21.32,4,23.9,6,0.52,6,49,5
42170,2018,강원도 동해시,,,43.75,6,-5.12,10,,,21.19,5,0.41,5,34636.78,5,41,1,26.32,5,48.11,7,3.65,5,61.08,5,-63.42,10,-1.49,10,96.81,6,16.36,3,29.73,6,0.23,4,27,3
42190,2018,강원도 태백시,,,40.93,5,-4.81,10,,,29.64,6,0.46,5,21812.1,4,26,1,18.58,4,62.66,7,0.75,1,125.38,6,12.42,4,-1.99,10,79.02,5,29.9,5,42.41,6,0.46,6,11,1
42210,2018,강원도 속초시,,,50.32,6,-4.46,10,,,22.59,5,0.43,5,21305.04,4,43,1,18.49,4,8.59,3,3.12,5,66.65,5,-36,10,-0.52,10,61.83,5,15.72,3,26.64,6,0.52,6,25,3
42230,2018,강원도 삼척시,,,36.9,5,-2.55,10,,,18.39,5,0.44,5,34884.3,5,61,1,36.1,5,20.81,5,0.7,1,99.96,6,177.5,7,0.19,10,95.57,6,38.4,6,20.17,5,0.9,6,16,1
42720,2018,강원도 홍천군,,,43.38,6,-3.71,10,,,17.77,4,0.41,5,35573.73,5,132,1,23.48,4,19.83,5,0.4,1,86.27,6,32.23,6,-0.11,10,93.6,6,37.21,5,47.08,7,0.76,6,11,1
42730,2018,강원도 횡성군,,,43.96,6,-0.99,10,,,16.38,4,0.47,5,35696.1,5,106,1,25.48,5,6.06,1,0.56,1,104.22,6,99.48,7,1.71,8,93.02,6,55.46,6,42.75,6,0.92,7,4,1
42750,2018,강원도 영월군,,,35.29,5,-3.99,10,,,19.95,5,0.46,5,32827.99,5,44,1,22.86,4,32.9,6,0.27,1,131.76,6,-30.3,10,-0.19,10,95.44,6,55.68,6,68.91,7,1.1,7,5,1
42760,2018,강원도 평창군,,,39.67,5,-4.76,10,,,14.82,4,0.47,5,35163.3,5,44,1,30.67,5,32.97,6,0.5,1,136.07,6,-10.68,1,-0.52,10,98.05,6,54.48,6,40.04,6,1.27,7,3,1
42770,2018,강원도 정선군,,,39.21,5,-6.52,10,,,29.59,6,0.59,6,38302.84,6,14,1,59.21,6,55.8,7,0.47,1,122.39,6,-0.83,1,-0.57,10,93.33,6,50.55,6,45.43,6,0.57,6,5,1
42780,2018,강원도 철원군,,,46,6,-4.71,10,,,12.14,3,0.28,4,38328.49,6,36,1,11.53,1,22.32,6,0.62,1,116.36,6,-43.17,10,-1.52,10,89.02,6,31.17,5,25.63,6,0.46,6,5,1
42790,2018,강원도 화천군,,,42.13,5,-6.04,10,,,11.31,3,0.25,3,53654.12,6,15,1,10.41,1,35.77,6,0.27,1,166.56,7,-0.06,1,-3.71,10,87.23,6,40.69,6,37.3,6,1.27,7,3,1
42800,2018,강원도 양구군,,,42.95,6,-1.39,10,,,14.15,4,0.31,4,40644.31,6,4,1,9.25,1,31.91,6,0.34,1,187.37,7,72.56,7,-1.75,10,93.62,6,47.88,6,42.35,6,1.38,7,2,1
42810,2018,강원도 인제군,,,42.21,5,-4.14,10,,,13.89,4,0.34,4,46502.49,6,18,1,12.13,1,38.54,6,0.28,1,149.41,6,-39.8,10,-1.39,10,77.84,5,30.75,5,33.43,6,1,7,5,1
42820,2018,강원도 고성군,,,44.4,6,-13.43,10,,,14.82,4,0.43,5,37343.73,5,39,1,16.82,3,20.37,5,0.54,1,155.57,6,250.62,7,-5.93,10,92.76,6,46.52,6,32.01,6,1.12,7,3,1
42830,2018,강원도 양양군,,,43.41,6,-4.07,10,,,13.79,4,0.55,6,38049.51,5,15,1,19.76,4,6.51,1,0.91,1,163.25,7,-28.89,10,0.97,8,80.79,5,57.46,6,37.25,6,1.19,7,6,1
43110,2018,충청북도 청주시,,,41.85,5,-3.2,10,,,39.43,6,0.46,5,43017.84,6,1941,7,41.1,6,18.58,5,3.43,5,27.68,2,6.47,1,-0.02,10,76.58,5,14.72,2,21.27,5,0.07,1,275,7
43130,2018,충청북도 충주시,,,41.33,5,-1.81,10,,,19.66,5,0.49,5,36191.42,5,407,4,27.77,5,30.23,6,2.39,4,49.12,4,-31.94,10,1.28,8,83.3,6,29.46,5,23.93,6,0.29,4,44,5
43150,2018,충청북도 제천시,,,42.29,5,-3.96,10,,,20.95,5,0.44,5,23450.99,4,128,1,21.89,4,7.6,2,0.62,1,59.11,5,-6.34,1,-0.53,10,92.04,6,28.77,5,17.07,5,0.22,3,28,3
43720,2018,충청북도 보은군,,,39.42,5,-4.48,10,,,9.97,2,0.46,5,34856.09,5,42,1,30.56,5,34.17,6,0.79,1,140.34,6,35.19,6,-0.23,10,90.6,6,93.56,7,60.28,7,1.26,7,22,2
43730,2018,충청북도 옥천군,,,40.02,5,-5.38,10,,,17.65,4,0.49,5,26615.04,5,89,1,25.85,5,14.29,5,1.01,1,97.25,6,66.51,7,0.16,10,87.19,6,66.89,6,62.58,7,0.82,6,16,1
43740,2018,충청북도 영동군,,,40.32,5,-5.32,10,,,15.62,4,0.33,4,20992.7,4,39,1,17.11,3,14.94,5,0.61,1,103.62,6,24.56,6,-0.46,10,89.69,6,80.55,7,18.25,5,0.84,6,18,1
43745,2018,충청북도 증평군,,,41.28,5,-4.25,10,,,17.53,4,0.38,5,30573.49,5,33,1,29.94,5,19.42,5,3.48,5,101.2,6,74.09,7,-1.44,10,88.03,6,35.1,5,39.77,6,0.55,6,13,1
43750,2018,충청북도 진천군,,,31.76,5,4.63,9,,,29.62,6,0.88,6,94582.56,7,267,2,94.4,7,25.26,6,1.53,2,72.2,5,25.84,6,5.76,8,82.56,6,41.29,6,35.3,6,0.27,4,15,1
43760,2018,충청북도 괴산군,,,37.71,5,-7.22,10,,,14,4,0.41,5,33551.4,5,45,1,23.81,4,16.48,5,0.61,1,127.04,6,-10.54,1,1.31,8,92.68,6,94.08,7,12.87,4,1.88,7,11,1
43770,2018,충청북도 음성군,,,31.04,5,-4.13,10,,,32.64,6,0.99,6,85242.63,7,480,5,82.23,7,21.28,6,1.89,3,63.31,5,-20.05,1,-1.25,10,87.63,6,46.86,6,33.66,6,0.43,5,19,1
43800,2018,충청북도 단양군,,,30.75,5,-4.41,10,,,19.59,5,0.6,6,39572.37,6,34,1,36.23,5,30.19,6,0.75,1,162.32,7,-6.9,1,0.95,8,90,6,63.58,6,25.57,6,1.42,7,10,1
44130,2018,충청남도 천안시,,,40.35,5,-0.23,10,,,46.33,6,0.5,5,40498.64,6,3184,7,42.2,6,9.93,3,3.09,5,30.82,2,4.24,1,1.86,8,68.3,5,13.51,2,15.22,4,0.12,1,136,7
44150,2018,충청남도 공주시,,,43.3,6,-6.15,10,,,16.12,4,0.49,5,33725.55,5,452,4,27.41,5,16.76,5,1.26,1,90.73,6,4.16,1,-0.34,10,95.77,6,43.27,6,16.75,5,0.84,6,27,3
44180,2018,충청남도 보령시,,,42.03,5,-6,10,,,21.43,5,0.42,5,38250,6,118,1,32.31,5,10.42,3,2.32,4,98.66,6,-32.66,10,-0.68,10,98.43,6,44.15,6,14.82,4,1.45,7,22,2
44200,2018,충청남도 아산시,,,32.96,5,-1.98,10,,,48.62,6,0.68,6,96600.26,7,1193,6,98.72,7,17.49,5,1.74,2,40.57,4,-10.04,1,0.08,10,93.91,6,18.86,3,17.22,5,0.16,2,50,5
44210,2018,충청남도 서산시,,,33.31,5,-1.55,10,,,36.61,6,0.51,6,102165.6,7,402,4,65.15,6,20.48,5,2.14,3,62.27,5,88.72,7,1.28,8,83.58,6,25.12,4,12.15,4,0.42,5,22,2
44230,2018,충청남도 논산시,,,44.63,6,-3.97,10,,,12.85,3,0.45,5,31526.98,5,258,2,22.51,4,10.46,3,2.41,4,82.32,6,9.75,3,-1.14,10,,0,48.83,6,18.66,5,0.43,5,29,3
44250,2018,충청남도 계룡시,,,49.17,6,-3.93,10,,,25.75,5,0.22,3,35081.57,5,74,1,8.13,1,26.35,6,3.61,5,85.43,6,370.82,7,-0.75,10,,0,12.1,1,26.86,6,0.24,4,5,1
44710,2018,충청남도 금산군,,,34,5,-3.43,10,,,18.81,5,0.58,6,40890.65,6,143,1,40.44,6,24.1,6,0.26,1,114.4,6,51.82,7,-0.53,10,96.48,6,69.37,6,24.91,6,0.77,6,22,2
44760,2018,충청남도 부여군,,,44.6,6,-4.45,10,,,13.48,3,0.33,4,29499.78,5,46,1,18.12,3,10.89,4,0.29,1,120.74,6,87.94,7,-0.53,10,92.65,6,75.34,6,13.28,4,0.31,5,10,1
44770,2018,충청남도 서천군,,,45.67,6,-6.66,10,,,12.43,3,0.53,6,38823.6,6,45,1,31.91,5,18.12,5,1.72,2,130.92,6,-2.29,1,-1.32,10,72,5,72.25,6,17.92,5,1.97,7,18,1
44790,2018,충청남도 청양군,,,40.46,5,-6.52,10,,,18.05,4,0.44,5,36891.5,5,49,1,21.69,4,3.36,1,0.15,1,191.53,7,107.71,7,-0.57,10,,0,102.85,7,18.13,5,0.99,7,5,1
44800,2018,충청남도 홍성군,,,44.78,6,-2.36,10,,,20.32,5,0.42,5,32353.99,5,94,1,18.47,4,29.7,6,0.9,1,79.8,5,38.27,6,-0.23,10,62.85,5,40.55,6,14.02,4,0.4,5,16,1
44810,2018,충청남도 예산군,,,37.27,5,-2.84,10,,,14.28,4,0.48,5,40636.36,6,109,1,29.09,5,14.27,5,1.28,1,102.36,6,61.72,7,0.5,8,96.09,6,53.02,6,25.13,6,0.26,4,22,2
44825,2018,충청남도 태안군,,,38.38,5,-5.74,10,,,20.44,5,0.36,5,45512.3,6,60,1,35.95,5,9.42,3,2.01,3,114.72,6,1.07,1,-0.48,10,45.93,4,42.75,6,12.33,4,1.01,7,12,1
44830,2018,충청남도 당진시,,,27.61,4,-1.82,10,,,33.52,6,0.62,6,69325.45,6,255,2,85.5,7,21.16,5,2.34,4,62.35,5,28.27,6,0.03,10,,0,24.2,4,15.12,4,0.74,6,37,4
45110,2018,전라북도 전주시,,,48.61,6,-2.98,10,,,30.71,6,0.41,5,23500.54,4,1588,7,20.28,4,25.14,6,7.44,6,24.42,1,-37.71,10,0.23,10,49.83,4,12.75,2,17.37,5,0.09,1,419,7
45130,2018,전라북도 군산시,,,39.88,5,-4.55,10,,,25.2,5,0.43,5,33372.76,5,412,4,36.02,5,28.34,6,3.53,5,41.17,4,15.21,5,-0.76,10,80.91,5,22.49,4,13.77,4,0.11,1,80,6
45140,2018,전라북도 익산시,,,44.56,6,-5.68,10,,,18.78,5,0.42,5,25907.3,5,975,6,26.22,5,20.38,5,2.13,3,40.15,3,47.97,7,-1.94,10,82.29,6,28.22,5,20.16,5,0.1,1,150,7
45180,2018,전라북도 정읍시,,,45.59,6,-4.98,10,,,12.62,3,0.42,5,25562.02,5,160,1,21.28,4,39.94,6,1.54,2,71.91,5,4.44,1,-0.79,10,83.22,6,71.53,6,20.57,5,0.48,6,51,5
45190,2018,전라북도 남원시,,,48.48,6,-5.12,10,,,11.67,3,0.36,5,19916.42,4,79,1,14.47,2,40.85,6,1.19,1,100.79,6,31.13,6,-0.35,10,78.19,5,67.75,6,21.76,5,0.52,6,43,5
45210,2018,전라북도 김제시,,,39.13,5,-5.75,10,,,14.3,4,0.57,6,32864.72,5,151,1,27.57,5,17.73,5,1.54,2,89.23,6,1.64,1,-1.09,10,89.62,6,85.17,7,24.46,6,0.25,4,20,1
45710,2018,전라북도 완주군,,,31.1,5,-3.2,10,,,24.03,5,0.67,6,50743.21,6,362,4,73.42,7,19.18,5,1.39,1,63.49,5,-12.86,1,-1.41,10,86.02,6,52.73,6,14.81,4,0.32,5,28,3
45720,2018,전라북도 진안군,,,42.76,6,-2.44,10,,,14.02,4,0.41,5,24281.67,4,46,1,14.14,2,22.4,6,0.5,1,188.86,7,94.51,7,-0.64,10,97.74,6,151.7,7,41.97,6,1.31,7,36,4
45730,2018,전라북도 무주군,,,39.87,5,-4.72,10,,,20.2,5,0.39,5,23316.65,4,16,1,20.59,4,23.35,6,0.61,1,174.57,7,39.71,6,0.15,10,95.79,6,125.32,7,41.33,6,1.32,7,19,1
45740,2018,전라북도 장수군,,,43.86,6,-5.63,10,,,14.37,4,0.32,4,23529.05,4,36,1,13.59,2,38.03,6,0.93,1,194.9,7,95.91,7,1.72,8,91.95,6,140.04,7,27.91,6,0.48,6,19,1
45750,2018,전라북도 임실군,,,44.35,6,-5.81,10,,,13.02,3,0.43,5,26032.52,5,29,1,15.23,3,13.53,4,0.65,1,178.38,7,12.26,4,0.43,9,96.59,6,143.24,7,18.92,5,2.32,7,18,1
45770,2018,전라북도 순창군,,,48.7,6,-1.4,10,,,14.82,4,0.33,4,24663.6,4,41,1,14.42,2,7.3,2,1.09,1,171.17,7,137.09,7,-1.02,10,94.83,6,143.45,7,22.47,5,0.75,6,14,1
45790,2018,전라북도 고창군,,,42.08,5,-4.96,10,,,14.33,4,0.39,5,30726.46,5,58,1,15.25,3,10.45,3,1.29,1,100.18,6,82.02,7,-5.2,10,95.93,6,115.62,7,29.94,6,1.13,7,25,3
45800,2018,전라북도 부안군,,,47.39,6,-6.15,10,,,15.8,4,0.43,5,26869.53,5,41,1,17.23,3,76.16,7,1.42,1,99.63,6,80.36,7,-2.17,10,96.42,6,99.84,7,28.9,6,0.81,6,23,2
46110,2018,전라남도 목포시,,,49.93,6,-4.6,10,,,24.01,5,0.36,5,18176.18,3,159,1,14.18,2,34.47,6,12.92,7,52.81,4,-12.91,1,-0.8,10,68.91,5,12.47,1,25.64,6,0.13,1,129,7
46130,2018,전라남도 여수시,,,35.08,5,-4.04,10,,,36.64,6,0.56,6,93216.05,7,313,3,54.47,6,24.42,6,3.02,5,66.19,5,54.01,7,-1.01,10,77.76,5,22.93,4,31.83,6,0.19,3,75,6
46150,2018,전라남도 순천시,,,48.47,6,-3.01,10,,,27.59,6,0.41,5,21776.95,4,387,4,18.64,4,39.35,6,1.47,1,53.58,4,-8.85,1,-0.01,10,45.56,4,27.62,5,35.25,6,0.49,6,73,6
46170,2018,전라남도 나주시,,,38.77,5,2.29,10,,,23.69,5,0.58,6,38485.28,6,1072,6,48.41,6,70.13,7,1.4,1,99.11,6,83.1,7,3.29,8,97.99,6,62.4,6,24,6,0.19,3,41,5
46230,2018,전라남도 광양시,,,29.27,5,-4.08,10,,,38.47,6,0.61,6,61880.63,6,272,2,84.84,7,75.62,7,3.18,5,71.77,5,-16.46,1,0.15,10,97.65,6,27.26,5,30.85,6,0.35,5,39,4
46710,2018,전라남도 담양군,,,38.25,5,-4.3,10,,,17.67,4,0.53,6,28533.5,5,121,1,19.19,4,31.74,6,0.87,1,146.17,6,80.73,7,-0.22,10,78.37,5,94.46,7,19.6,5,0.94,7,9,1
46720,2018,전라남도 곡성군,,,34.74,5,-6.54,10,,,16.66,4,0.51,6,32236.83,5,38,1,37.38,6,23.3,6,0.63,1,213.32,7,-21.39,1,-0.75,10,,0,128.87,7,24.75,6,1.09,7,10,1
46730,2018,전라남도 구례군,,,46.67,6,-7.46,10,,,8.55,1,0.36,5,20416.86,4,15,1,15.53,3,36.56,6,0.53,1,221.53,7,53.44,7,-0.6,10,99.76,6,123.31,7,27.59,6,2.09,7,6,1
46770,2018,전라남도 고흥군,,,48.24,6,-5.16,10,,,12.68,3,0.41,5,20613.5,4,36,1,12.08,1,21.48,6,0.71,1,133.84,6,63.29,7,-0.22,10,,0,112.63,7,18.69,5,0.84,6,13,1
46780,2018,전라남도 보성군,,,42.89,6,-7.21,10,,,13.65,4,0.37,5,22021.84,4,29,1,14.02,2,27.21,6,0.63,1,163.85,7,15.16,5,-1.13,10,94.35,6,121.79,7,24.51,6,1.29,7,13,1
46790,2018,전라남도 화순군,,,45.68,6,-5.18,10,,,21.13,5,0.49,5,24388.8,4,131,1,27.4,5,29.8,6,0.64,1,119.32,6,-3.87,1,-0.64,10,33.79,3,80.23,7,31.78,6,1.02,7,20,1
46800,2018,전라남도 장흥군,,,46.34,6,-4.61,10,,,12.07,3,0.45,5,25239.8,4,19,1,14.06,2,29.55,6,0.82,1,173.11,7,71.91,7,-1.26,10,,0,117.87,7,30.46,6,1.42,7,15,1
46810,2018,전라남도 강진군,,,43.7,6,-5.69,10,,,12.21,3,0.39,5,24517.04,4,24,1,13.79,2,66.08,7,1.32,1,182.89,7,34.91,6,-1.38,10,26.75,1,109.18,7,27.22,6,2.45,7,17,1
46820,2018,전라남도 해남군,,,44.15,6,-5.34,10,,,15,4,0.43,5,28715.33,5,44,1,16.91,3,19.29,5,0.55,1,121.03,6,-21.81,1,-1.81,10,96.29,6,96.33,7,15.69,5,0.47,6,10,1
46830,2018,전라남도 영암군,,,24.05,4,-4.4,10,,,13.99,4,0.82,6,52980.38,6,113,1,67.32,6,50.47,7,1.49,1,136.68,6,39.86,6,-1.26,10,19.64,1,90.8,7,27.45,6,0.77,6,14,1
46840,2018,전라남도 무안군,,,49.97,6,-1.94,10,,,18.24,5,0.33,4,36556.61,5,162,1,15.17,3,11.67,4,1.55,2,87.51,6,-51.73,10,-0.75,10,82.41,6,55.44,6,19.32,5,0.25,4,23,2
46860,2018,전라남도 함평군,,,38.86,5,-4.43,10,,,10.16,2,0.43,5,27989.38,5,44,1,15.53,3,15.43,5,1.81,3,183.67,7,21.2,5,-1.75,10,,0,134.89,7,19.85,5,1.35,7,7,1
46870,2018,전라남도 영광군,,,39.26,5,-1.96,10,,,19.55,5,0.46,5,43154.27,6,47,1,38.46,6,25.25,6,1.16,1,133.75,6,-7.15,1,-0.8,10,89.18,6,85.99,7,61.19,7,1.24,7,19,1
46880,2018,전라남도 장성군,,,36.4,5,-2.91,10,,,18.33,5,0.58,6,39130.76,6,103,1,25.37,5,9.86,3,1.7,2,152.99,6,23.01,6,-0.3,10,,0,88.13,7,46.05,7,1.49,7,9,1
46890,2018,전라남도 완도군,,,45.9,6,-2.53,10,,,12.66,3,0.34,5,21260.91,4,43,1,9.83,1,35.64,6,0.9,1,151.36,6,34.25,6,-0.64,10,77.9,5,72.52,6,21.78,5,0.65,6,10,1
46900,2018,전라남도 진도군,,,40.35,5,-3.73,10,,,14.11,4,0.36,5,26451.55,5,15,1,9.06,1,24.97,6,0.79,1,202.53,7,-18.51,1,-0.71,10,,0,103.8,7,57.87,7,1.45,7,9,1
46910,2018,전라남도 신안군,,,37.89,5,-3.95,10,,,10,2,0.25,3,26936.34,5,34,1,10.68,1,71.5,7,0.73,1,224.38,7,22.58,6,-1.06,10,7.25,1,123.31,7,28.3,6,0.58,6,3,1
47110,2018,경상북도 포항시,,,37.19,5,-3.7,10,,,34.88,6,0.46,5,36425.42,5,2315,7,47.15,6,27.47,6,2.03,3,42.74,4,22.78,6,-0.78,10,93.49,6,14.07,2,19.51,5,0.18,2,158,7
47130,2018,경상북도 경주시,,,37.06,5,-2.83,10,,,29.9,6,0.58,6,39596.83,6,498,5,48.68,6,13.26,4,1.53,2,64.43,5,-30.91,10,-0.05,10,77.66,5,26.82,5,20.59,5,0.12,1,78,6
47150,2018,경상북도 김천시,,,40.2,5,-3.08,10,,,31.25,6,0.48,5,39177.61,6,293,3,41.24,6,33.35,6,1.24,1,83.46,6,35.83,6,-1.04,10,78.51,5,41.51,6,18.71,5,0.07,1,32,4
47170,2018,경상북도 안동시,,,48.17,6,-7.03,10,,,14.26,4,0.38,5,30201.05,5,277,2,19.48,4,47.54,7,0.8,1,84.68,6,-37.64,10,-2.13,10,86.54,6,36.19,5,33.32,6,0.37,5,84,6
47190,2018,경상북도 구미시,,,36.5,5,-2.7,10,,,47.63,6,0.54,6,80333.47,7,1256,6,70.04,6,39.69,6,3.23,5,40.13,3,64.51,7,-0.48,10,79.21,5,11.41,1,27.64,6,0.07,1,98,6
47210,2018,경상북도 영주시,,,44.31,6,-4.7,10,,,17.43,4,0.42,5,28138.88,5,59,1,23.82,4,19.53,5,1.22,1,94.84,6,47.48,7,-1.02,10,83.2,6,37.52,5,15.92,5,0.47,6,28,3
47230,2018,경상북도 영천시,,,35.62,5,-4.9,10,,,17.87,4,0.57,6,35640.79,5,277,2,38.82,6,6.29,1,0.95,1,111.11,6,70.44,7,1.5,8,81.35,5,47.33,6,29.93,6,0.32,5,27,3
47250,2018,경상북도 상주시,,,44.58,6,-4.15,10,,,13.83,4,0.36,5,21517.38,4,87,1,14.87,3,24.87,6,0.63,1,124.31,6,-23.99,10,0.12,10,89.54,6,64.6,6,58.57,7,0.31,5,28,3
47280,2018,경상북도 문경시,,,48.96,6,-6.2,10,,,21.97,5,0.39,5,23353.86,4,45,1,17.56,3,39.25,6,0.68,1,134.93,6,-0.22,1,-1.24,10,85.84,6,61.36,6,28.84,6,0.59,6,28,3
47290,2018,경상북도 경산시,,,39.3,5,-2.04,10,,,33.83,6,0.45,5,29850.27,5,933,6,32.09,5,18.56,5,3.02,5,44.82,4,24.9,6,0.47,9,83.36,6,17.31,3,14.4,4,0.15,1,58,5
47720,2018,경상북도 군위군,,,34.7,5,-7.67,10,,,13.29,3,0.47,5,34188.18,5,16,1,20.51,4,39.55,6,0.64,1,239.7,7,21.62,5,0.09,10,94.28,6,102,7,48.22,7,0.46,6,10,1
47730,2018,경상북도 의성군,,,43.1,6,-5.5,10,,,14.71,4,0.34,5,24393.25,4,38,1,12.13,1,34.93,6,0.81,1,173.78,7,61.5,7,0.33,9,93.97,6,106.15,7,73.16,7,0.2,3,14,1
47750,2018,경상북도 청송군,,,49.46,6,-5.99,10,,,11.3,3,0.41,5,27808.98,5,11,1,14.26,2,18.75,5,0.49,1,220.95,7,5.99,1,-0.22,10,86.34,6,100.62,7,20.12,5,0.84,6,9,1
47760,2018,경상북도 영양군,,,37.08,5,-2.21,10,,,11.67,3,0.24,3,23150.96,4,6,1,10.08,1,39.4,6,0.34,1,293.83,7,-29.1,10,0.21,10,94.32,6,106.34,7,17.21,5,3.07,7,4,1
47770,2018,경상북도 영덕군,,,47.46,6,-3.35,10,,,11.44,3,0.36,5,20434.4,4,8,1,13.37,2,55.92,7,0.19,1,168.43,7,-46.91,10,-0.04,10,90.24,6,70.71,6,40.53,6,1.15,7,8,1
47820,2018,경상북도 청도군,,,46.45,6,-13.3,10,,,16.33,4,0.49,5,23720.35,4,57,1,14.83,3,35.38,6,0.3,1,152.86,6,162.51,7,0.42,9,92.33,6,87.2,7,31.18,6,0.76,6,14,1
47830,2018,경상북도 고령군,,,29.52,5,-7.77,10,,,21.47,5,0.85,6,45681.19,6,57,1,37.66,6,24.92,6,2.52,4,186.26,7,45.64,7,-1.64,10,94.98,6,70.42,6,26,6,0.99,7,8,1
47840,2018,경상북도 성주군,,,31.11,5,-5.4,10,,,15.76,4,0.67,6,40955.09,6,103,1,31.54,5,12.12,4,0.94,1,153.19,6,13.94,4,-0.35,10,92.44,6,76.08,7,14.81,4,0.26,4,15,1
47850,2018,경상북도 칠곡군,,,35.37,5,-4.09,10,,,29.38,6,0.61,6,36046.39,5,202,1,36.1,5,36.46,6,2.45,4,67.88,5,32.56,6,-1.88,10,63.78,5,24.91,4,17.21,5,0.17,2,33,4
47900,2018,경상북도 예천군,,,50.08,6,23.46,8,,,12.73,3,0.26,4,22416.09,4,28,1,12.9,2,19.69,5,1.23,1,128.75,6,44.78,7,8.18,8,94.54,6,74.19,6,15.87,5,0.6,6,13,1
47920,2018,경상북도 봉화군,,,28.77,5,-3.82,10,,,10.32,2,0.4,5,31165.97,5,20,1,19.96,4,22.4,6,0.84,1,199.12,7,25.41,6,-0.28,10,59.85,5,90.36,7,23.33,6,0.99,7,6,1
47930,2018,경상북도 울진군,,,39.17,5,-5.68,10,,,18.58,5,0.44,5,46189.84,6,45,1,49.15,6,26.77,6,0.67,1,143.3,6,31.63,6,-1.28,10,91.13,6,57.36,6,24.24,6,0.65,6,20,1
47940,2018,경상북도 울릉군,,,38.48,5,-5.58,10,,,16.85,4,0.44,5,32388.02,5,3,1,15.18,3,24.55,6,1.17,1,469.95,7,-24.43,10,-1.09,10,89.69,6,36.6,5,29.52,6,3.54,7,6,1
48110,2018,경상남도 창원시,,,39.46,5,-3.27,10,,,42.37,6,0.48,5,36862.32,5,2627,7,44.44,6,22.86,6,4.49,5,36.28,3,-11.4,1,-0.48,10,72.93,5,11.1,1,12.29,4,0.05,1,325,7
48170,2018,경상남도 진주시,,,46.32,6,-3.59,10,,,34.84,6,0.41,5,24314.8,4,828,6,24.15,4,31.15,6,2.33,4,34.21,3,-62.04,10,-0.21,10,60.51,5,17.2,3,19.72,5,0.12,1,95,6
48220,2018,경상남도 통영시,,,49.35,6,-4.57,10,,,22.24,5,0.32,4,22881.92,4,50,1,15.72,3,38.52,6,2.26,4,58.15,5,-45.71,10,-1.32,10,41.56,4,20.94,4,23.78,6,0.16,2,20,1
48240,2018,경상남도 사천시,,,36.29,5,-2.96,10,,,23.36,5,0.58,6,38102.14,6,153,1,49.77,6,25.76,6,2.43,4,64.21,5,-28.47,10,0.01,10,48.71,4,35.62,5,27.57,6,0.37,5,27,3
48250,2018,경상남도 김해시,,,39.03,5,-3.56,10,,,42.65,6,0.5,5,29658.34,5,1211,6,30.55,5,24.81,6,4.47,5,26.83,2,-48.79,10,0.08,10,60.04,5,11.49,1,13.69,4,0.1,1,56,5
48270,2018,경상남도 밀양시,,,40.7,5,-3.74,10,,,19.81,5,0.41,5,28184.94,5,130,1,22.87,4,18.82,5,1.11,1,70.4,5,-11.12,1,-0.36,10,69.12,5,44.97,6,37,6,0.1,1,20,1
48310,2018,경상남도 거제시,,,30.45,5,-3.56,10,,,34.52,6,0.52,6,35720.07,5,518,5,60.93,6,33.42,6,2.81,4,36.15,3,-9.24,1,-1.86,10,47.08,4,14.57,2,21.79,5,0.21,3,25,3
48330,2018,경상남도 양산시,,,40.24,5,1,10,,,43.56,6,0.49,5,30768.73,5,531,5,37.18,6,17.42,5,3.4,5,28.68,2,-24.31,10,2.48,8,68.82,5,10.09,1,15.77,5,0.09,1,42,5
48720,2018,경상남도 의령군,,,39.84,5,-4.48,10,,,17.44,4,0.39,5,33945.31,5,25,1,20.22,4,69.44,7,0.99,1,171.01,7,88.45,7,0.44,9,32.35,2,121.76,7,27.98,6,0.79,6,7,1
48730,2018,경상남도 함안군,,,28.33,5,-5.61,10,,,25.41,5,0.86,6,57164.73,6,122,1,58.07,6,23.02,6,1.63,2,74.9,5,29.65,6,-1.23,10,71.68,5,58.36,6,18.45,5,0.32,5,17,1
48740,2018,경상남도 창녕군,,,36.08,5,-3.13,10,,,19.86,5,0.54,6,42825.79,6,56,1,30.78,5,55.2,7,1.56,2,88.26,6,16.99,5,-0.42,10,77.36,5,70.51,6,17.42,5,0.51,6,16,1
48820,2018,경상남도 고성군,,,34.99,5,-5.08,10,,,17.3,4,0.45,5,39309.34,6,46,1,32.7,5,25.69,6,2.47,4,99.38,6,-16.01,1,-0.62,10,60.24,5,68.59,6,15.6,5,0.6,6,20,1
48840,2018,경상남도 남해군,,,51.08,6,-3.42,10,,,16.19,4,0.41,5,25053.78,4,24,1,12.42,2,25.48,6,0.8,1,108.85,6,0.14,1,-0.09,10,30.14,2,67.28,6,20.67,5,0.72,6,10,1
48850,2018,경상남도 하동군,,,43.48,6,-6.1,10,,,17.38,4,0.36,5,44682.73,6,68,1,23.41,4,28.34,6,1.23,1,114.94,6,-26.59,10,-1.82,10,68.92,5,92.71,7,21.29,5,0.95,7,11,1
48860,2018,경상남도 산청군,,,42.75,6,-4.58,10,,,15.32,4,0.41,5,28880.09,5,35,1,16.95,3,15.88,5,0.89,1,128.81,6,-6.07,1,-0.08,10,30.02,2,110.45,7,73.43,7,1.5,7,14,1
48870,2018,경상남도 함양군,,,42.84,6,-3.19,10,,,18.65,5,0.39,5,25291.8,4,32,1,14.42,2,30.18,6,0.77,1,124.49,6,24.13,6,0.64,8,28.83,2,114.34,7,24.85,6,0.53,6,10,1
48880,2018,경상남도 거창군,,,42.03,5,-2.91,10,,,17.92,4,0.38,5,25331.09,4,43,1,17.03,3,13.3,4,0.98,1,82.21,6,31.28,6,0.22,10,42.68,4,77.66,7,16.51,5,0.34,5,16,1
48890,2018,경상남도 합천군,,,41.64,5,-5.95,10,,,13.58,4,0.33,4,24403.74,4,21,1,12.57,2,7.3,2,1.04,1,125.72,6,16.09,5,-1,10,27.82,2,127.15,7,29.89,6,0.71,6,10,1
49110,2018,제주특별자치도 제주시,,,47.39,6,-0.98,10,,,42.52,6,0.47,5,29517.11,5,671,5,20.89,4,15.33,5,2.15,3,21.04,1,-29.16,10,1.21,8,70.44,5,8.68,1,19.65,5,0.24,4,289,7
49130,2018,제주특별자치도 서귀포시,,,48.4,6,0.78,10,,,42.52,6,0.44,5,31489.98,5,166,1,19.69,4,16.84,5,1.86,3,46.5,4,-35.58,10,1.64,8,54.6,5,11.84,1,24.99,6,0.6,6,68,6
11110,2017,서울특별시 종로구,,,42.94,6,-1.6,10,,,54.94,6,2.04,7,202987.19,7,1439,7,257.11,7,7.35,2,13.77,7,83.12,6,40.41,7,1.43,7,81.63,6,6.29,1,34.45,6,0.27,5,275,7
11140,2017,서울특별시 중구,,,45.31,6,-6.26,10,,,62.36,7,3.76,7,407395.59,7,2744,7,516.11,7,12.89,4,19.21,7,102.95,6,37.68,7,0.26,7,78.52,6,5.78,1,40.81,6,0.17,3,129,7
11170,2017,서울특별시 용산구,,,45.23,6,-5.51,10,,,48.67,6,0.76,5,51221.39,6,1181,6,64.66,6,3.05,1,14.78,7,60.75,5,67.79,7,-0.64,10,92.07,6,6.3,1,13.42,4,0.1,1,94,6
11200,2017,서울특별시 성동구,,,41.07,5,-1.2,10,,,39.57,6,0.66,5,35219.26,5,1381,6,38.3,6,4.86,1,14.78,7,43.3,4,42.54,7,1.44,7,71.67,5,7.09,1,18.63,5,0.1,1,41,5
11215,2017,서울특별시 광진구,,,44.38,6,-4,10,,,33.51,6,0.38,3,17141.18,3,846,6,16.67,3,1.79,1,27.87,7,35.74,3,71.91,7,-0.18,10,91.92,6,4.31,1,20.72,5,0.06,1,55,6
11230,2017,서울특별시 동대문구,,,47.9,6,-4.82,10,,,28.92,6,0.44,3,20584.88,4,497,5,21.66,4,2.89,1,13.95,7,39.39,4,-40.47,10,-1.38,10,91.27,6,6.1,1,15.47,5,0.12,1,58,6
11260,2017,서울특별시 중랑구,,,50.64,6,-4.75,10,,,23.17,5,0.26,1,10491.89,1,303,3,10.03,1,5.81,1,15.37,7,32.24,3,-41.85,10,-0.87,10,94.1,6,6.01,1,12.61,4,0.05,1,32,4
11290,2017,서울특별시 성북구,,,52.78,6,-4.3,10,,,26.6,5,0.26,1,13326.36,2,1928,7,11.18,1,7.42,2,25.69,7,34.24,3,31.67,7,-1.56,10,90.27,6,5.53,1,12.98,4,0.05,1,58,6
11305,2017,서울특별시 강북구,,,56.29,6,-5.02,10,,,25.44,5,0.24,1,9422.79,1,334,3,8.06,1,4.79,1,5.29,6,42.33,4,-9.39,10,-0.79,10,92.02,6,5.89,1,14.32,4,0.03,1,53,5
11320,2017,서울특별시 도봉구,,,51.33,6,-6.21,10,,,26.11,5,0.21,1,9661.97,1,269,2,8.34,1,6.58,1,8.88,6,36.37,3,-20.16,10,-1.25,10,84.61,6,6.82,1,12.4,4,0.03,1,42,5
11350,2017,서울특별시 노원구,,,55.23,6,-5.45,10,,,20.79,5,0.22,1,11255.04,1,1010,6,9.73,1,3.4,1,7.22,6,27.6,2,24.5,7,-2.54,10,88.07,6,6.18,1,11.4,4,0.04,1,50,5
11380,2017,서울특별시 은평구,,,55.63,6,-5.67,10,,,24.03,5,0.19,1,9274.61,1,452,4,8.17,1,7.22,2,4.83,6,29.96,3,-0.25,1,-1.08,10,93.76,6,5.17,1,12.48,4,0.04,1,79,6
11410,2017,서울특별시 서대문구,,,50.98,6,-3,10,,,32.49,6,0.39,3,26255.01,5,1347,6,26.19,5,4.76,1,19.92,7,41.37,4,137.61,7,-0.56,10,91.09,6,5.55,1,12.85,4,0.1,1,83,6
11440,2017,서울특별시 마포구,,,45.65,6,-4.93,10,,,41.58,6,0.84,5,49984.92,6,2020,7,55.94,6,8.5,2,19.95,7,39.59,4,-22.71,10,-1.65,10,91.83,6,5.74,1,8.35,2,0.03,1,175,7
11470,2017,서울특별시 양천구,,,46.48,6,-4.55,10,,,31.65,6,0.28,1,14133.04,2,595,5,13.77,2,3.64,1,19.36,7,29.22,2,17.63,7,-1.68,10,86.73,6,5.73,1,16.03,5,0.02,1,49,5
11500,2017,서울특별시 강서구,,,44.44,6,-2.93,10,,,26.95,5,0.48,4,27874.87,5,941,6,28.11,5,5.86,1,11.52,7,26.81,2,117.6,7,0.62,7,73.98,6,5.27,1,14.42,4,0.02,1,46,5
11530,2017,서울특별시 구로구,,,43.25,6,-5.43,10,,,26.71,5,0.65,5,32270.04,5,1449,7,38.57,6,2.98,1,32.03,7,33.22,3,-58.56,10,-2.09,10,85.99,6,6.48,1,15.93,5,0.03,1,50,5
11545,2017,서울특별시 금천구,,,37.31,5,-3.26,10,,,30.16,6,1.24,6,69678.36,6,1924,7,76.84,7,0.38,1,16.14,7,50.52,5,0.39,1,-0.29,10,89.8,6,5.26,1,16.97,5,0.04,1,32,4
11560,2017,서울특별시 영등포구,,,42.18,6,-4.88,10,,,44.31,6,1.27,6,86976.42,7,10439,7,152.23,7,2.24,1,14.88,7,40.51,4,5.34,4,-0.93,10,95.29,6,7.44,1,23.55,6,0,1,137,7
11590,2017,서울특별시 동작구,,,52.5,6,-4.47,10,,,34.23,6,0.32,2,15785.23,3,893,6,17.59,3,8.63,2,15.88,7,33.89,3,-53.98,10,-1.52,10,90.88,6,5.08,1,13.48,4,0.03,1,76,6
11620,2017,서울특별시 관악구,,,49.55,6,-5.8,10,,,25.79,5,0.22,1,11434.64,1,1278,6,10.74,1,1.8,1,12.2,7,30.16,3,-12.47,10,-0.92,10,90.13,6,4.11,1,10.85,3,0.02,1,72,6
11650,2017,서울특별시 서초구,,,39.39,5,-3.86,10,,,68.46,7,1.34,6,76563.09,7,5188,7,112.38,7,5.26,1,8.42,6,35.27,3,93.03,7,-1.79,10,92.16,6,4.24,1,20.76,5,0.02,1,119,7
11680,2017,서울특별시 강남구,,,43.91,6,-4.38,10,,,67.65,7,1.69,6,117568.7,7,4520,7,164.34,7,8.24,2,15.33,7,28.65,2,-26.69,10,-2.32,10,76.75,6,4.45,1,26.16,6,0.04,1,107,7
11710,2017,서울특별시 송파구,,,38.98,5,-2.19,10,,,49.19,6,0.62,5,40355.37,6,1961,7,42.55,6,3.61,1,14.44,7,23.83,1,139.49,7,0.56,7,92.73,6,4.13,1,15.15,5,0.03,1,77,6
11740,2017,서울특별시 강동구,,,47.58,6,-3.64,10,,,34.81,6,0.38,3,18856.81,4,543,5,20.51,4,8.06,2,14.78,7,31.36,3,18,7,-2.11,10,94.77,6,4.45,1,16.46,5,0.02,1,51,5
26110,2017,부산광역시 중구,,,41.3,5,-9.7,10,,,30.41,6,1.92,7,70165.36,6,67,1,95.73,7,121.32,7,7.59,6,111.27,6,19.39,7,-1.8,10,80.43,6,10.01,1,29.55,6,0.48,6,52,5
26140,2017,부산광역시 서구,,,51.54,6,-6.37,10,,,16.73,4,0.48,4,28673.51,5,113,1,36.85,6,17.34,5,5.77,6,57.4,5,15.18,6,-2.14,10,96.06,6,9.8,1,13.33,4,0.1,1,24,3
26170,2017,부산광역시 동구,,,47.06,6,-5.89,10,,,16.6,4,1.07,6,53244.38,6,84,1,53.14,6,0.78,1,9.5,7,69.68,5,94.55,7,-0.58,10,93.94,6,12.11,1,16.86,5,0.24,4,89,6
26200,2017,부산광역시 영도구,,,36.85,5,-4.88,10,,,13.49,3,0.39,3,20566.49,4,417,4,21.87,4,7.07,1,7.32,6,49.61,5,100.31,7,-1.82,10,86.18,6,8.95,1,13.96,4,0.16,3,15,1
26230,2017,부산광역시 부산진구,,,51.32,6,-4.54,10,,,27.23,5,0.52,4,22040.11,4,516,5,25,5,16.58,5,7.71,6,25.8,2,-34.21,10,-1.26,10,96.58,6,8.38,1,17.53,5,0,1,155,7
26260,2017,부산광역시 동래구,,,50.61,6,-1.82,10,,,23.44,5,0.37,3,14531.94,2,199,1,16.37,3,16.05,5,5.83,6,26.33,2,-19.07,10,-0.74,10,95.81,6,7.22,1,11.59,4,0.04,1,65,6
26290,2017,부산광역시 남구,,,42.1,5,-4.4,10,,,31.38,6,0.33,2,21077.48,4,656,5,23.4,4,8.98,3,4.86,6,27.6,2,505.9,7,-1.76,10,94.92,6,7.98,1,11.23,4,0.04,1,42,5
26320,2017,부산광역시 북구,,,59.5,6,-6.48,10,,,17.02,4,0.19,1,9948.79,1,309,3,10.92,1,2.76,1,3.14,5,25.61,2,3.89,3,-2.57,10,94.97,6,6.78,1,11.06,4,0.07,1,39,5
26350,2017,부산광역시 해운대구,,,51.16,6,-6.19,10,,,32.01,6,0.4,3,20089.23,4,635,5,21.78,4,6.69,1,3.53,5,24.57,1,-16.04,10,-1.94,10,86.31,6,7.62,1,14.9,5,0.05,1,59,6
26380,2017,부산광역시 사하구,,,42.16,6,-4.7,10,,,21.67,5,0.37,3,20959.32,4,669,5,24.56,5,2.56,1,4.52,6,26.06,2,-61.87,10,-0.39,10,82.58,6,6.91,1,12.35,4,0.09,1,39,5
26410,2017,부산광역시 금정구,,,41.65,5,-4.5,10,,,24.09,5,0.41,3,18894.11,4,746,6,21.66,4,6.3,1,3.43,5,31.59,3,49.45,7,0.05,6,95.34,6,7.31,1,14.49,4,0.04,1,57,6
26440,2017,부산광역시 강서구,,,25.4,4,13.12,8,,,53.89,6,1.37,6,107663.27,7,810,6,124.21,7,133.83,7,4.06,5,50.1,5,10.39,6,6.2,7,86.06,6,15.55,3,22.7,6,0.18,3,12,1
26470,2017,부산광역시 연제구,,,50.31,6,-2.94,10,,,24.65,5,0.49,4,31225.31,5,166,1,22.15,4,0.41,1,4.68,6,30.98,3,-77.53,10,-0.31,10,95.82,6,7.84,1,12.14,4,0,1,73,6
26500,2017,부산광역시 수영구,,,45.21,6,-3.31,10,,,25.46,5,0.37,3,14195.4,2,141,1,17.08,3,0.93,1,11.89,7,33.63,3,35.75,7,0.33,7,95.02,6,6.53,1,13.11,4,0.06,1,44,5
26530,2017,부산광역시 사상구,,,38.46,5,-6.08,10,,,24.55,5,0.61,5,29451.24,5,483,5,31.4,5,3.16,1,4.79,6,31.08,3,44.71,7,-1.59,10,89.6,6,7.26,1,15.98,5,0.04,1,36,5
26710,2017,부산광역시 기장군,,,40.42,5,-1.02,10,,,37.74,6,0.5,4,31621.98,5,410,4,33.87,5,97.77,7,2.93,4,45.34,4,92.52,7,1.51,7,80.9,6,21.21,4,24.78,6,0.19,3,11,1
27110,2017,대구광역시 중구,,,57.16,6,-5.65,10,,,32,6,1.45,6,66328.15,6,112,1,62.27,6,0.72,1,12.26,7,80.67,6,77.26,7,-0.88,10,93.31,6,11.41,1,29.8,6,0.54,6,99,6
27140,2017,대구광역시 동구,,,45.05,6,-3.87,10,,,21.04,5,0.37,3,20283.7,4,507,5,21.75,4,6.16,1,2.13,3,27.52,2,72.23,7,-0.64,10,92.4,6,8.96,1,12.71,4,0.09,1,49,5
27170,2017,대구광역시 서구,,,42.52,6,-7.44,10,,,17.24,4,0.44,3,18125.54,3,202,1,23.61,5,2.99,1,7.8,6,38.35,4,420.49,7,-3.64,10,79.14,6,8.06,1,12.89,4,0,1,28,4
27200,2017,대구광역시 남구,,,52.17,6,-6.03,10,,,17.49,4,0.37,3,17857.33,3,173,1,19.65,4,0.67,1,6.65,6,41.89,4,-13.37,10,-2.08,10,92.63,6,8.31,1,11.81,4,0.2,3,65,6
27230,2017,대구광역시 북구,,,43.08,6,-4.59,10,,,22.73,5,0.39,3,23126.79,4,1219,6,17.52,3,4.3,1,3.21,5,23.54,1,-26.39,10,0.04,5,88.41,6,8.14,1,12.58,4,0.02,1,46,5
27260,2017,대구광역시 수성구,,,47.93,6,-5.16,10,,,29.11,6,0.34,2,16767.81,3,470,5,12.92,2,9.45,3,2.5,4,24.97,2,-22.54,10,-1.75,10,94.41,6,7.27,1,15.6,5,0.02,1,69,6
27290,2017,대구광역시 달서구,,,43.58,6,-6.51,10,,,26.47,5,0.39,3,19701.71,4,1305,6,23.53,5,4.57,1,4.88,6,20.14,1,-35.89,10,-2.58,10,74.94,6,6.14,1,15.04,5,0,1,58,6
27710,2017,대구광역시 달성군,,,33.61,5,11.51,8,,,40.6,6,0.48,4,30145.98,5,786,6,39.01,6,24.16,6,1.32,1,36.84,3,-16.21,10,9.7,7,76.3,6,15.71,3,16.48,5,0.13,1,18,2
28110,2017,인천광역시 중구,,,39.92,5,-2.43,10,,,51.62,6,0.96,6,122957.46,7,82,1,138.19,7,0.9,1,1.05,1,52.09,5,-96.24,10,2.21,7,82.51,6,10.65,1,19.77,5,0.27,5,51,5
28140,2017,인천광역시 동구,,,29.26,5,-5.08,10,,,24.18,5,0.59,4,49828.5,6,406,4,53.82,6,0.9,1,7.38,6,65.91,5,-31.95,10,-2.01,10,82.22,6,12.08,1,14.02,4,0.15,2,17,1
28170,2017,인천광역시 미추홀구,,,48.9,6,-2.17,10,,,21.48,5,0.3,2,16614.83,3,812,6,15.84,3,1.47,1,13.83,7,16.79,1,3.45,2,0.37,7,85.59,6,6.76,1,19.2,5,0.02,1,130,7
28185,2017,인천광역시 연수구,,,44.88,6,-0.24,10,,,44.47,6,0.36,3,31439.82,5,1306,6,35.54,6,1.56,1,2.54,4,17.75,1,11.64,6,1.56,7,72.99,6,6.45,1,11.51,4,0.03,1,71,6
28200,2017,인천광역시 남동구,,,41.88,5,-2.07,10,,,33.73,6,0.51,4,30456.44,5,1270,6,32.38,5,3.76,1,7.03,6,12.81,1,23.71,7,0.73,7,76.78,6,6.03,1,16.49,5,0.02,1,184,7
28237,2017,인천광역시 부평구,,,46.12,6,-5.2,10,,,22.94,5,0.33,2,19775.17,4,806,6,25.81,5,1.32,1,26.43,7,15.4,1,-24.9,10,-2.08,10,82.53,6,5.88,1,10.7,3,0.02,1,98,6
28245,2017,인천광역시 계양구,,,50.33,6,-6.83,10,,,22.95,5,0.26,1,13911.28,2,339,3,13.02,2,2.72,1,5.49,6,24.95,2,-47.78,10,-2.21,10,87.37,6,8.75,1,13.81,4,0,1,41,5
28260,2017,인천광역시 서구,,,38.12,5,-2.93,10,,,40.62,6,0.41,3,37580.15,6,1096,6,30.94,5,7.43,2,6.16,6,15.07,1,39.22,7,0.63,7,75.01,6,7.58,1,15.39,5,0.02,1,58,6
28710,2017,인천광역시 강화군,,,45.63,6,-2.03,10,,,16.21,4,0.3,2,21181.49,4,68,1,10.57,1,0.54,1,0.2,1,81.91,6,-10.54,10,1.86,7,88.33,6,47.81,6,30.44,6,0.8,6,31,4
28720,2017,인천광역시 옹진군,,,30.96,5,0.48,10,,,17.74,4,0.27,1,32493.26,5,10,1,41.56,6,,0,0.02,1,222.72,7,24.32,7,1.36,7,89.42,6,41.4,6,34.59,6,0,1,2,1
29110,2017,광주광역시 동구,,,55.94,6,-3.57,10,,,15.61,4,0.8,5,36775.46,5,269,2,44.53,6,3.39,1,2.22,3,48.62,4,0.88,1,-0.04,10,98.73,6,15.7,3,30.3,6,0.1,1,151,7
29140,2017,광주광역시 서구,,,44.6,6,-5.34,10,,,24.75,5,0.55,4,30389.58,5,353,4,32.58,5,17.59,5,4.48,6,19.34,1,-28.38,10,-1.02,10,92.71,6,10.29,1,16.02,5,0.03,1,113,7
29155,2017,광주광역시 남구,,,48.43,6,-2.61,10,,,14.6,4,0.3,2,13306.49,2,198,1,13.98,2,9.01,3,3.28,5,24.31,1,-10.21,10,-0.56,10,82.24,6,14.75,2,17.46,5,0.14,2,96,6
29170,2017,광주광역시 북구,,,43.99,6,-4.2,10,,,14.55,4,0.39,3,21798.9,4,1500,7,21.34,4,19.13,5,3.36,5,17.4,1,4.36,4,-0.68,10,95.58,6,10.61,1,17.29,5,0,1,174,7
29200,2017,광주광역시 광산구,,,38.59,5,-3.46,10,,,22.46,5,0.44,3,30766.51,5,959,6,36.77,6,11.2,4,1.89,3,18.8,1,-25.3,10,-0.19,10,92.38,6,11.57,1,12.46,4,0.02,1,69,6
30110,2017,대전광역시 동구,,,44.17,6,-4.93,10,,,15.29,4,0.32,2,14576.85,2,323,3,18.97,4,4.38,1,1.8,3,25.15,2,-38.34,10,-1.92,10,52.52,5,9.49,1,15.15,5,0,1,72,6
30140,2017,대전광역시 중구,,,51.92,6,-5.71,10,,,19.1,5,0.44,3,19030.92,4,269,2,24.72,5,1.97,1,3.59,5,23.79,1,26.95,7,-1.44,10,64.67,5,8.31,1,14.85,5,0.04,1,192,7
30170,2017,대전광역시 서구,,,52.63,6,-4.5,10,,,26.23,5,0.4,3,24091.65,4,715,6,20.46,4,13.49,4,2.07,3,14.42,1,264.88,7,-1.05,10,65.13,5,6.08,1,16.57,5,0.02,1,167,7
30200,2017,대전광역시 유성구,,,38.08,5,-1.61,10,,,38.53,6,0.49,4,37300.55,6,8478,7,59.14,6,14.09,4,2.21,3,16.41,1,-90.74,10,0.84,7,65.43,5,6.26,1,16.19,5,0.03,1,77,6
30230,2017,대전광역시 대덕구,,,32.99,5,-8.03,10,,,21.6,5,0.55,4,41196.02,6,949,6,59.34,6,10.45,3,3.7,5,28.71,2,-85.45,10,-3.21,10,69.45,5,8.78,1,17.18,5,0.05,1,53,5
31110,2017,울산광역시 중구,,,50.04,6,-4.45,10,,,21.39,5,0.22,1,17715.03,3,235,2,15.28,3,14.73,5,5.31,6,21.35,1,-63.84,10,-1.95,10,81.49,6,7.98,1,13.32,4,0.04,1,81,6
31140,2017,울산광역시 남구,,,42.83,6,-6.31,10,,,39.44,6,0.6,5,91142.53,7,526,5,55.41,6,35.31,6,3.93,5,17.14,1,8.29,5,-1.94,10,75.26,6,5.36,1,19.9,5,0.03,1,171,7
31170,2017,울산광역시 동구,,,25.61,4,-2.4,10,,,27.91,6,0.55,4,61579.94,6,394,4,90.7,7,26.66,6,3.72,5,25.04,2,65.03,7,-3.5,10,72.59,6,4.71,1,15.2,5,0.06,1,32,4
31200,2017,울산광역시 북구,,,25.09,4,-0.79,10,,,32.7,6,0.61,5,53232.9,6,254,2,109.72,7,21.08,5,1.57,2,24.86,2,-43.66,10,2.07,7,84.63,6,9.89,1,15.85,5,0.05,1,35,4
31710,2017,울산광역시 울주군,,,28.08,4,-4.34,10,,,49.69,6,0.59,4,89800.19,7,858,6,77.54,7,61.83,7,0.82,1,32.75,3,-32.25,10,0.46,7,73.73,6,23.53,4,18.97,5,0.09,1,31,4
36110,2017,세종특별자치시 세종시,,,42.19,6,15.24,8,,,70.51,7,0.35,2,37958.03,6,736,6,27.7,5,78.49,7,6.25,6,11.32,1,-1.73,1,12.38,7,188.37,7,18.06,3,10.28,3,0.11,1,26,3
41110,2017,경기도 수원시,,,45.22,6,-3.35,10,,,58.79,7,0.39,3,28229.83,5,9766,7,41.05,6,14.18,4,12.25,7,25.56,2,-2.49,1,0.28,7,85.23,6,5.51,1,16.33,5,0.04,1,349,7
41130,2017,경기도 성남시,,,41.95,5,-3.54,10,,,63.57,7,1.83,7,42357.3,6,7168,7,51.87,6,19.44,5,9.6,7,29.59,2,-12.63,10,-1.09,10,79.15,6,5.47,1,13.88,4,0,1,163,7
41150,2017,경기도 의정부시,,,54.38,6,-3.1,10,,,34.77,6,0.34,2,15693.79,3,348,4,13.35,2,8.43,2,8.86,6,27.65,2,-48.69,10,0.6,7,88.91,6,8.76,1,19.44,5,0.05,1,100,6
41170,2017,경기도 안양시,,,42.94,6,-4.61,10,,,52.56,6,1.53,6,29387.38,5,2460,7,27.74,5,14.25,4,10.67,7,32.05,3,-68.92,10,-1.96,10,83.17,6,5.45,1,13.9,4,0.02,1,99,6
41190,2017,경기도 부천시,,,48.25,6,-3.85,10,,,42.38,6,0.92,6,19942.76,4,1422,7,19.18,4,5.16,1,16.53,7,28.07,2,-4.23,1,-0.44,10,75.77,6,6.8,1,14.7,4,0.07,1,110,7
41210,2017,경기도 광명시,,,45.77,6,-5.28,10,,,47.17,6,0.11,1,22746.75,4,385,4,21.27,4,11.16,4,13.31,7,31.32,3,-48.97,10,-2.31,10,75.66,6,4.6,1,10.66,3,0.09,1,34,4
41220,2017,경기도 평택시,,,35.12,5,-1.25,10,,,46.09,6,1.11,6,64114.08,6,1598,7,60.79,6,20.79,5,2.62,4,40.53,4,-16.38,10,1.86,7,90.91,6,13.87,2,18.77,5,0.07,1,81,6
41250,2017,경기도 동두천시,,,52.22,6,-5.1,10,,,31.66,6,0.13,1,19425.09,4,74,1,16.62,3,17.86,5,3.12,5,62.99,5,11.74,6,-1.05,10,63.47,5,18.61,3,20.85,5,0.11,1,21,2
41270,2017,경기도 안산시,,,37.78,5,-6.22,10,,,72.22,7,0.79,5,38946.66,6,2250,7,43.87,6,13.56,4,10.04,7,30.26,3,-65.71,10,-2.1,10,71.15,5,6.34,1,16.28,5,0.05,1,132,7
41280,2017,경기도 고양시,,,47.05,6,-3.56,10,,,53.81,6,0.85,5,19314,4,1668,7,17.34,3,9.19,3,7.61,6,26.91,2,-11.24,10,-0.01,1,78.59,6,7.9,1,15.5,5,0.02,1,207,7
41290,2017,경기도 과천시,,,38.82,5,-14.53,10,,,58.09,7,0.06,1,81728.67,7,160,1,60.23,6,139.73,7,4.93,6,93.24,6,122.57,7,-11.02,10,89.84,6,6.96,1,15.6,5,0.19,3,28,4
41310,2017,경기도 구리시,,,50.84,6,-0.9,10,,,38.69,6,0.28,1,17451.69,3,178,1,15.05,3,18.37,5,10.95,7,35.69,3,68.84,7,2.89,7,83.35,6,8.94,1,13.51,4,0.11,1,33,4
41360,2017,경기도 남양주시,,,45.13,6,-3.01,10,,,39.77,6,0.52,4,15262.55,3,894,6,11.68,1,10.54,3,3.7,5,27.94,2,-27.81,10,0.24,7,83.96,6,11.61,1,13.23,4,0.05,1,82,6
41370,2017,경기도 오산시,,,47.39,6,-0.69,10,,,48.85,6,0.08,1,25330.19,5,295,3,22.61,4,14.74,5,11.28,7,30.43,3,-10.74,10,1.62,7,88.04,6,7.07,1,18.36,5,0.05,1,31,4
41390,2017,경기도 시흥시,,,34.34,5,0.01,10,,,55.17,6,0.71,5,37986.76,6,1294,6,31.11,5,15.3,5,12,7,27.79,2,-19.83,10,3.64,7,81.93,6,9.18,1,19.57,5,0.05,1,57,6
41410,2017,경기도 군포시,,,43.13,6,-5.42,10,,,47.03,6,0.27,1,25814.67,5,1346,6,23.28,4,9.81,3,10.63,7,29.78,3,93.85,7,-1.76,10,75.18,6,6.55,1,10.9,3,0.07,1,56,6
41430,2017,경기도 의왕시,,,37.74,5,-6.07,10,,,51.21,6,0.66,5,22388.64,4,629,5,34.14,5,15.11,5,6.88,6,37.94,4,-22.52,10,-0.83,10,91.81,6,9.45,1,10.45,3,0.13,1,26,3
41450,2017,경기도 하남시,,,40.41,5,11.01,8,,,52.67,6,0.11,1,24099.39,4,388,4,14.73,3,13.85,4,6.74,6,33.06,3,-7.46,1,8.77,7,95.61,6,7.86,1,11.93,4,0,1,48,5
41460,2017,경기도 용인시,,,42.35,6,-1.99,10,,,63.42,7,0.96,6,33289.32,5,5122,7,36.44,6,12.1,4,3.9,5,26.53,2,-17.74,10,0.95,7,86.81,6,10.07,1,14.62,4,0.04,1,88,6
41480,2017,경기도 파주시,,,37.36,5,-1.52,10,,,42.5,6,0.68,5,47894.69,6,736,6,44.62,6,20.15,5,2.12,3,31.66,3,35.1,7,1.31,7,85.46,6,12.42,1,14.63,4,0.17,3,61,6
41500,2017,경기도 이천시,,,38.24,5,-1.71,10,,,51,6,0.14,1,84843.73,7,1133,6,74.13,7,16.95,5,1.57,2,48.3,4,-9.43,10,1.03,7,80.77,6,21.48,4,16.58,5,0.24,4,38,5
41550,2017,경기도 안성시,,,35.15,5,-2.66,10,,,36.78,6,0.25,1,48645.25,6,786,6,47.1,6,7.9,2,1.43,1,52.05,5,-31.43,10,-0.09,10,88.01,6,29.17,5,20.76,5,0.05,1,33,4
41570,2017,경기도 김포시,,,34.93,5,6.38,9,,,51.92,6,0.63,5,31303.66,5,1120,6,23.21,4,15.54,5,4.91,6,28.59,2,100.55,7,6.87,7,83.89,6,10.66,1,12.98,4,0,1,34,4
41590,2017,경기도 화성시,,,28.52,5,5.12,9,,,67.34,7,1.87,7,98519.37,7,2989,7,87.15,7,23.34,6,5.61,6,29.72,3,-34.91,10,6.54,7,90.44,6,12.09,1,17.21,5,0.06,1,70,6
41610,2017,경기도 광주시,,,35.57,5,2.73,10,,,53.44,6,2.93,7,27158.85,5,794,6,21.21,4,8.78,3,2.37,4,33.07,3,-21.8,10,4.8,7,93.71,6,10.23,1,17.89,5,0.09,1,40,5
41630,2017,경기도 양주시,,,37.67,5,-0.52,10,,,38.09,6,0.5,4,29507.76,5,380,4,20.9,4,17.53,5,4.94,6,44.33,4,36.61,7,2.96,7,84.94,6,17.12,3,19.29,5,0,1,34,4
41650,2017,경기도 포천시,,,34.41,5,-5.73,10,,,31.79,6,0.17,1,43492,6,469,5,34.26,5,13.02,4,0.87,1,63.48,5,20.92,7,-0.99,10,84.96,6,28.12,5,25.09,6,0.21,4,37,5
41730,2017,경기도 여주시,,,45.02,6,-3.56,10,,,36.65,6,0.21,1,31765.71,5,107,1,27.17,5,11.64,4,0.56,1,78.77,6,-24.67,10,0.62,7,89.78,6,35.69,5,21.58,5,0.28,5,33,4
41800,2017,경기도 연천군,,,40.4,5,-3.93,10,,,23.49,5,0.03,1,28869.1,5,38,1,13.4,2,28.23,6,0.45,1,146.93,6,-0.39,1,-0.82,10,82.84,6,30.65,5,20.82,5,0.7,6,16,1
41820,2017,경기도 가평군,,,48.37,6,-4.09,10,,,25.29,5,0.09,1,26972.67,5,61,1,19.28,4,19.46,5,1.11,1,104.29,6,38.73,7,1.24,7,94.83,6,33.62,5,22.47,6,0.34,5,15,1
41830,2017,경기도 양평군,,,46.8,6,0.2,10,,,25.03,5,0.17,1,15965.53,3,71,1,11.65,1,9.08,3,0.83,1,77.58,6,-25.53,10,3.63,7,87.51,6,39.44,6,17.25,5,0.37,5,25,3
42110,2017,강원도 춘천시,,,48.35,6,-2.92,10,,,28.65,6,0.5,4,26669.8,5,864,6,19.3,4,13.75,4,1.24,1,42.68,4,-30.83,10,-0.07,10,88.24,6,16.76,3,25.57,6,0.21,4,98,6
42130,2017,강원도 원주시,,,43.61,6,-2.27,10,,,27.66,6,0.17,1,26362.98,5,735,6,27.82,5,24.42,6,1.97,3,34.87,3,-11.67,10,0.9,7,90.63,6,15.98,3,26.36,6,0.09,1,56,6
42150,2017,강원도 강릉시,,,45.17,6,-4.69,10,,,23.65,5,0.38,3,24749.04,5,387,4,21.1,4,24.99,6,1.16,1,46.03,4,-8.81,10,0.25,7,84.42,6,19.76,4,25.94,6,0.52,6,47,5
42170,2017,강원도 동해시,,,41.93,5,-4.4,10,,,20.91,5,0.08,1,32816.2,5,38,1,25.56,5,46.07,7,4.02,5,58.69,5,56.25,7,-0.44,10,93.7,6,15.64,3,28.89,6,0.23,4,25,3
42190,2017,강원도 태백시,,,40.76,5,-5.46,10,,,29.89,6,0.06,1,21327.78,4,15,1,18.9,4,62.79,7,0.75,1,117.96,6,-48.8,10,-2.18,10,80.42,6,28.36,5,42.1,6,0.45,6,10,1
42210,2017,강원도 속초시,,,49.55,6,-5.45,10,,,23.68,5,0.07,1,20789.75,4,44,1,17.19,3,8.51,2,3.07,5,64.17,5,37.14,7,0.87,7,77.14,6,15.11,3,25.31,6,0.52,6,25,3
42230,2017,강원도 삼척시,,,35.53,5,-5,10,,,17.66,4,0.13,1,34583.79,5,37,1,34.26,5,21.56,5,0.68,1,98.02,6,7.23,5,-1.08,10,88.52,6,38.25,6,20.32,5,0.75,6,15,1
42720,2017,강원도 홍천군,,,43.7,6,-4.17,10,,,18.81,5,0.14,1,33712.23,5,146,1,23.01,4,19.81,5,0.39,1,80.73,6,7.89,5,0.76,7,92.89,6,37.48,5,43.71,6,0.61,6,11,1
42730,2017,강원도 횡성군,,,40.84,5,-3.95,10,,,16.16,4,0.05,1,34466.26,5,99,1,25.87,5,6.18,1,0.56,1,106.32,6,-0.99,1,1.28,7,93.24,6,56.82,6,42.67,6,0.71,6,4,1
42750,2017,강원도 영월군,,,34.27,5,-5.38,10,,,20.17,5,0.02,1,30898.27,5,29,1,24.17,5,32.62,6,0.27,1,118.46,6,8.82,6,0.84,7,96.06,6,54.57,6,68.28,7,1.37,7,4,1
42760,2017,강원도 평창군,,,41.64,5,-5.1,10,,,14.03,4,0.05,1,42206.26,6,46,1,30.28,5,33.63,6,0.42,1,129.17,6,-19.53,10,0,1,98.49,6,48.34,6,46.08,7,1.26,7,3,1
42770,2017,강원도 정선군,,,44.87,6,-4.16,10,,,31.7,6,0.09,1,37302.6,6,13,1,56.52,6,55.12,7,0.47,1,115.84,6,-33.44,10,-0.73,10,90.5,6,49.09,6,44.88,7,0.56,6,5,1
42780,2017,강원도 철원군,,,44.98,6,-4.23,10,,,12.78,3,0.07,1,36901.32,5,46,1,11.16,1,22.9,6,0.6,1,110.65,6,113.04,7,-1.63,10,87.21,6,30.57,5,26.01,6,0.46,6,5,1
42790,2017,강원도 화천군,,,41.22,5,-3.93,10,,,13.66,3,0.05,1,48110.25,6,11,1,11.15,1,34.7,6,0.27,1,161.58,7,25.69,7,-0.98,10,81.73,6,38.65,6,34.95,6,1.23,7,3,1
42800,2017,강원도 양구군,,,42.11,5,-3.16,10,,,17.5,4,0.14,1,35671.49,5,5,1,9.64,1,31.5,6,0.32,1,174.08,7,-32,10,-0.86,10,91.97,6,46.36,6,53.18,7,1.36,7,2,1
42810,2017,강원도 인제군,,,43.33,6,-3.85,10,,,12.03,3,0.16,1,43377.02,6,19,1,14.46,3,38.58,6,0.28,1,144.25,6,52.67,7,-0.67,10,81.71,6,29.91,5,35.23,6,0.66,6,5,1
42820,2017,강원도 고성군,,,43.81,6,-4.29,10,,,14.85,4,0.1,1,32789.4,5,22,1,16.89,3,19.83,5,0.54,1,146.89,6,13.37,6,0.35,7,83.52,6,45.22,6,29.67,6,1.09,7,3,1
42830,2017,강원도 양양군,,,44.11,6,-5.24,10,,,14.86,4,0.04,1,34647.44,5,16,1,19.59,4,6.51,1,0.91,1,157.01,7,2.14,1,0.72,7,92.52,6,58.28,6,35.68,6,1.19,7,6,1
43110,2017,충청북도 청주시,,,42.55,6,-3.46,10,,,40.45,6,1.08,6,39381.92,6,1751,7,37.11,6,18.58,5,3.43,5,26.85,2,-8.44,1,-0.29,10,74.25,6,14.81,2,21.27,5,0.05,1,266,7
43130,2017,충청북도 충주시,,,41.87,5,-4.03,10,,,22.91,5,0.45,4,33487,5,340,3,26.86,5,30.9,6,1.63,2,47.22,4,79.58,7,0.18,7,85.77,6,29.5,5,24.26,6,0.29,5,44,5
43150,2017,충청북도 제천시,,,41.96,5,-3.33,10,,,22.46,5,0.66,5,22894.41,4,122,1,21.21,4,7.54,2,0.62,1,57.74,5,-25.38,10,0.18,7,91.37,6,28.5,5,18.14,5,0.22,4,29,4
43720,2017,충청북도 보은군,,,37.97,5,-5.86,10,,,9.97,2,0.28,1,34776.5,5,31,1,28.69,5,34.35,6,0.79,1,137.63,6,24.98,7,0.3,7,91.95,6,93.43,7,52.08,7,0.32,5,20,2
43730,2017,충청북도 옥천군,,,39.36,5,-4.92,10,,,18.6,5,0.26,1,26490.73,5,121,1,22.84,4,14.26,4,1.01,1,95.11,6,-13.31,10,-0.27,10,88.81,6,66.13,6,66.13,7,0.82,7,16,1
43740,2017,충청북도 영동군,,,40.36,5,-4.32,10,,,15.95,4,0.22,1,20255.87,4,48,1,17.34,3,29.52,6,0.6,1,95.58,6,2.42,1,-0.01,1,89.22,6,78.62,7,23.38,6,0.83,7,17,1
43745,2017,충청북도 증평군,,,42.28,6,-2.34,10,,,19.78,5,0.21,1,28535.74,5,17,1,28,5,19.26,5,3.24,5,99.31,6,-62.47,10,0.84,7,75.51,6,35.37,5,37.55,6,0.54,6,11,1
43750,2017,충청북도 진천군,,,31.76,5,4.46,9,,,30.38,6,1.55,6,96311.47,7,215,1,86.97,7,26.13,6,1.51,2,74.49,6,-37.43,10,5.03,7,80.92,6,42.99,6,39.21,6,0.28,5,14,1
43760,2017,충청북도 괴산군,,,37.55,5,-4.43,10,,,14.15,4,0.41,3,34823.37,5,52,1,23.68,5,20.73,5,0.6,1,122.9,6,20.87,7,1.23,7,88.79,6,94.7,7,11.44,4,0.8,6,10,1
43770,2017,충청북도 음성군,,,30.22,5,-4.83,10,,,32.89,6,2.33,7,82251.41,7,433,4,75.42,7,21.82,6,1.88,3,61.23,5,-15.35,10,-0.36,10,87.15,6,46.46,6,37.19,6,0.43,6,19,2
43800,2017,충청북도 단양군,,,30.88,5,-4.52,10,,,17.86,4,0.42,3,39548.14,6,34,1,35.45,6,30.21,6,0.75,1,154,7,-8.92,10,0,1,91.8,6,63.31,6,25.61,6,1.07,7,6,1
44130,2017,충청남도 천안시,,,39.75,5,-0.64,10,,,46.09,6,7.9,7,41183.91,6,2809,7,41.97,6,10.11,3,3.12,5,31.19,3,-5.83,1,1.72,7,76.66,6,13.37,2,14.54,4,0.13,1,123,7
44150,2017,충청남도 공주시,,,41.9,5,-6.91,10,,,18.4,4,2,7,33323.93,5,569,5,26.06,5,16.57,5,1.26,1,91.86,6,8.54,5,-0.9,10,79.63,6,42.25,6,20.34,5,0.83,7,28,4
44180,2017,충청남도 보령시,,,39.84,5,-3.19,10,,,21.26,5,1.73,6,41172.32,6,118,1,30.11,5,10.73,3,2.31,4,95.89,6,30.79,7,-0.28,10,74.47,6,43.33,6,13.32,4,0.82,7,22,3
44200,2017,충청남도 아산시,,,32.94,5,0.98,10,,,47.11,6,7.22,7,98854.6,7,1096,6,95.61,7,19.98,5,1.86,3,40.56,4,-9.1,10,2.24,7,82.78,6,18.81,4,17.26,5,0.19,3,44,5
44210,2017,충청남도 서산시,,,32.38,5,-2.21,10,,,35.41,6,3.04,7,102737.21,7,373,4,60.66,6,20.81,5,2.18,3,64.83,5,-27.95,10,0.38,7,84.17,6,25.73,5,17.71,5,0.48,6,21,2
44230,2017,충청남도 논산시,,,44.05,6,-4.23,10,,,16.89,4,2.09,7,29959.98,5,224,1,21.78,4,10.32,3,2.42,4,82.45,6,27.11,7,-0.32,10,80.62,6,48.38,6,13.04,4,0.42,6,28,4
44250,2017,충청남도 계룡시,,,50.54,6,1.09,10,,,21.89,5,0.05,1,33371.35,5,68,1,8.78,1,26.85,6,3.59,5,85.76,6,11.28,6,2.71,7,81.81,6,11.77,1,19.94,5,0.24,4,5,1
44710,2017,충청남도 금산군,,,34.01,5,-3.11,10,,,19.83,5,0.2,1,40064.74,6,142,1,40.54,6,23.74,6,0.26,1,117.95,6,21.6,7,-0.72,10,82.5,6,66.36,6,14.21,4,0.37,5,20,2
44760,2017,충청남도 부여군,,,45.1,6,-7.66,10,,,12.74,3,0.02,1,28199.64,5,56,1,18.37,4,10.5,3,0.29,1,122.88,6,102.63,7,-0.69,10,88.73,6,75.6,7,26.32,6,0.31,5,10,1
44770,2017,충청남도 서천군,,,45.04,6,-6.52,10,,,12.58,3,0.12,1,35543.58,5,42,1,29.28,5,17.82,5,1.52,2,129.31,6,22.53,7,-0.58,10,75.34,6,71.52,6,15.27,5,2.13,7,17,1
44790,2017,충청남도 청양군,,,40.4,5,-5.5,10,,,16.72,4,0.05,1,37171.57,6,59,1,20.61,4,3.2,1,0.15,1,188.35,7,15.85,6,1.39,7,87.37,6,101.7,7,16.02,5,0.65,6,5,1
44800,2017,충청남도 홍성군,,,44.24,6,1.19,10,,,20.89,5,0.14,1,31459.17,5,91,1,17.33,3,29.58,6,0.92,1,77.86,6,7.54,5,1.75,7,89.61,6,40.08,6,15.35,5,0.4,5,16,1
44810,2017,충청남도 예산군,,,37.63,5,-6.97,10,,,19.5,5,0.16,1,40202.03,6,127,1,27.5,5,17.52,5,1.23,1,99.99,6,8.23,5,-0.5,10,95.53,6,52.83,6,24.5,6,0.26,4,20,2
44825,2017,충청남도 태안군,,,39.39,5,-4.73,10,,,19.58,5,0.72,5,45938.68,6,77,1,34.91,5,9.36,3,2.01,3,115.93,6,4.57,4,0.65,7,66.02,5,42.62,6,12.08,4,1.85,7,11,1
44830,2017,충청남도 당진시,,,26.78,4,-0.41,10,,,37.57,6,2.18,7,68559.25,6,195,1,72.84,7,21.08,5,2.31,4,59.36,5,-43.21,10,0.19,7,93.25,6,24.1,4,14.5,4,0.68,6,33,4
45110,2017,전라북도 전주시,,,48.29,6,-3.79,10,,,31.68,6,6.05,7,22478.31,4,1641,7,19.9,4,25.14,6,7.43,6,24.43,1,-31.28,10,-0.6,10,68.35,5,11.08,1,14.94,5,0.08,1,410,7
45130,2017,전라북도 군산시,,,37.71,5,-3.78,10,,,24.7,5,1.62,6,33275.55,5,365,4,37.04,6,27.71,6,3.64,5,41.42,4,-55.41,10,-0.92,10,51.22,5,21.7,4,13.51,4,0.11,1,79,6
45140,2017,전라북도 익산시,,,44.16,6,-4.57,10,,,20.89,5,3.59,7,24696.84,5,984,6,25.1,5,19.99,5,2.19,3,38.5,4,20.61,7,-0.02,1,51.91,5,27.38,5,21.27,5,0.1,1,145,7
45180,2017,전라북도 정읍시,,,45.65,6,-4.48,10,,,12.15,3,0.44,3,25323.19,5,169,1,19.59,4,39.37,6,1.52,2,70.78,5,108.07,7,-0.58,10,42.71,4,69.09,6,20.18,5,0.47,6,50,5
45190,2017,전라북도 남원시,,,48.94,6,-4.76,10,,,11.32,3,0.97,6,19145.27,4,65,1,14.17,3,40.36,6,1.19,1,100.73,6,-43.69,10,-0.55,10,43.9,4,66.69,6,19.97,5,0.51,6,41,5
45210,2017,전라북도 김제시,,,38.57,5,-2.13,10,,,15.42,4,1,6,32122.26,5,126,1,25.08,5,17.47,5,1.54,2,87.75,6,32.48,7,-0.25,10,60.46,5,83.63,7,16.6,5,0.5,6,21,2
45710,2017,전라북도 완주군,,,30.63,5,-1.13,10,,,28,6,0.09,1,49573.51,6,442,4,64.25,6,17.32,5,1.4,1,60.76,5,35.82,7,0.58,7,73.58,6,51.03,6,14.85,5,0.31,5,22,3
45720,2017,전라북도 진안군,,,42.52,6,-1.24,10,,,13.26,3,0.03,1,22619.09,4,38,1,13.72,2,33.89,6,0.4,1,187.32,7,-14.01,10,1.58,7,52.27,5,155.43,7,40.74,6,1.77,7,36,5
45730,2017,전라북도 무주군,,,38.45,5,-2.47,10,,,18.05,4,0.02,1,25241.2,5,9,1,21.28,4,23.28,6,0.63,1,169.78,7,3.69,3,0.22,7,68.73,5,123.08,7,53.25,7,1.31,7,19,2
45740,2017,전라북도 장수군,,,44.21,6,-6.75,10,,,15.73,4,0.05,1,26222.75,5,103,1,14.98,3,37.75,6,0.93,1,186.29,7,-17.35,10,-1.99,10,34.16,3,137.09,7,26.27,6,0.48,6,19,2
45750,2017,전라북도 임실군,,,44.12,6,2.59,10,,,15.79,4,0.09,1,23676.94,4,20,1,15.07,3,46.65,7,0.65,1,171.1,7,23.07,7,0.67,7,69.29,5,141.04,7,22.74,6,2.31,7,17,1
45770,2017,전라북도 순창군,,,49.99,6,-0.96,10,,,16.32,4,0.02,1,24807.63,5,42,1,14.34,3,7.32,2,1.09,1,165,7,20.2,7,-0.32,10,43.4,4,142.82,7,30.07,6,0.75,6,14,1
45790,2017,전라북도 고창군,,,42.06,5,-4.24,10,,,14.88,4,0.11,1,24495.24,4,72,1,14.4,3,8.3,2,1.29,1,98.55,6,40.15,7,0.7,7,79.83,6,112.68,7,21.75,5,1.12,7,25,3
45800,2017,전라북도 부안군,,,47.38,6,-4.73,10,,,15.12,4,0.16,1,25229.81,5,40,1,17.48,3,96.97,7,1.45,1,99.33,6,1.06,1,-0.87,10,70.43,5,96.95,7,25.63,6,0.79,6,22,3
46110,2017,전라남도 목포시,,,50.37,6,-4.86,10,,,23.71,5,1.95,7,17494.79,3,139,1,14.54,3,29.38,6,13.2,7,40.81,4,41.66,7,-1.42,10,42,4,12.19,1,25.07,6,0.17,3,127,7
46130,2017,전라남도 여수시,,,35.77,5,-3.94,10,,,36.13,6,0.88,5,91189.36,7,255,2,49.75,6,24.34,6,2.97,4,48.7,4,-44.25,10,-0.9,10,67.17,5,24.37,4,29.84,6,0.22,4,74,6
46150,2017,전라남도 순천시,,,48.59,6,-3.52,10,,,26.75,5,2.18,7,21347.57,4,393,4,18.13,4,39.46,6,1.45,1,40.54,4,-14.62,10,0.19,7,61.11,5,27.51,5,32.98,6,0.23,4,71,6
46170,2017,전라남도 나주시,,,38.09,5,9.06,8,,,24.17,5,0.93,6,38928.24,6,893,6,47.1,6,73.33,7,1.39,1,69.58,5,-30.94,10,5.23,7,29.16,3,63.04,6,21.96,5,0.29,5,40,5
46230,2017,전라남도 광양시,,,28.44,5,-3.73,10,,,35.54,6,2.01,7,60572.55,6,247,2,72.07,7,76.68,7,3.18,5,54,5,-6.13,1,-0.19,10,37.72,4,26.58,5,28.97,6,0.49,6,38,5
46710,2017,전라남도 담양군,,,38.59,5,-3.58,10,,,17.52,4,0.77,5,26558.46,5,111,1,18.68,4,31.4,6,0.82,1,101.13,6,-7.13,1,0.65,7,32.38,3,90.79,7,19.29,5,0.71,6,9,1
46720,2017,전라남도 곡성군,,,34.25,5,-5.13,10,,,14.04,4,0.12,1,31047.33,5,33,1,37.75,6,22.24,6,0.63,1,142.96,6,31.14,7,0.03,5,44.76,4,122.79,7,25.12,6,1.06,7,10,1
46730,2017,전라남도 구례군,,,47.51,6,-3.8,10,,,9.92,2,0.1,1,19787.54,4,19,1,14.43,3,15.57,5,0.51,1,160.86,7,37.49,7,1.12,7,53.89,5,119.4,7,31.51,6,2.07,7,6,1
46770,2017,전라남도 고흥군,,,47.51,6,-2.83,10,,,12.82,3,0.31,2,20500.55,4,30,1,12.51,2,21.29,5,0.71,1,85.09,6,-22.43,10,0.01,1,27.73,2,111.95,7,18.35,5,0.5,6,13,1
46780,2017,전라남도 보성군,,,43.81,6,-4.75,10,,,12.05,3,0.02,1,19554.04,4,34,1,13.6,2,26.79,6,0.63,1,104.89,6,33.89,7,-0.77,10,25.71,2,118.86,7,19.81,5,1.52,7,13,1
46790,2017,전라남도 화순군,,,45.22,6,-5.81,10,,,21.67,5,0.07,1,24552.91,4,116,1,27.29,5,29.49,6,0.64,1,81.45,6,159.63,7,-0.49,10,34.82,3,79.94,7,30.96,6,1.01,7,20,2
46800,2017,전라남도 장흥군,,,47.13,6,-4.34,10,,,13.09,3,0.04,1,22968.03,4,26,1,11.43,1,29.13,6,0.84,1,113.69,6,-12.53,10,-0.49,10,65.36,5,119.3,7,31.16,6,1.68,7,14,1
46810,2017,전라남도 강진군,,,43.77,6,-7.34,10,,,9.32,2,0.04,1,22417.14,4,27,1,13.64,2,65.26,7,1.32,1,130.19,6,32.19,7,-1.68,10,26.75,2,107.53,7,23.86,6,3.32,7,17,1
46820,2017,전라남도 해남군,,,43.82,6,-6.31,10,,,11.85,3,0.07,1,29152.42,5,48,1,16.51,3,10.93,4,0.37,1,76.36,6,32.48,7,-1.74,10,22.31,1,93.62,7,15.42,5,0.46,6,10,1
46830,2017,전라남도 영암군,,,22.77,4,-7.37,10,,,14.78,4,0.41,3,50157.01,6,106,1,74.79,7,46.8,7,1.44,1,95.66,6,-20.75,10,-2.3,10,57.99,5,88.47,7,26.84,6,0.76,6,13,1
46840,2017,전라남도 무안군,,,50.37,6,-3.04,10,,,16.41,4,0.33,2,33727.4,5,121,1,15.07,3,11.65,4,1.55,2,61.16,5,83.96,7,1.21,7,16.38,1,56.25,6,17.24,5,0.25,4,21,2
46860,2017,전라남도 함평군,,,39.16,5,-2.54,10,,,10.35,2,0.15,1,25949.23,5,32,1,16.79,3,15.99,5,1.81,3,133.24,6,13.46,6,0.62,7,39.53,4,130.25,7,19.22,5,1.33,7,7,1
46870,2017,전라남도 영광군,,,38.26,5,-4.93,10,,,17.36,4,0.2,1,41200.09,6,46,1,38.98,6,25.02,6,1.2,1,95.15,6,36.3,7,-1.1,10,39.76,4,84.46,7,54.05,7,1.03,7,19,2
46880,2017,전라남도 장성군,,,34.52,5,-1.6,10,,,19.22,5,1.02,6,38292.21,6,143,1,25.01,5,9.88,3,1.7,2,105.14,6,-28.3,10,0.4,7,27.4,2,87.78,7,40.92,6,1.24,7,9,1
46890,2017,전라남도 완도군,,,44.55,6,-2.41,10,,,13.48,3,0.68,5,20268.71,4,41,1,10.39,1,28.05,6,0.89,1,94.57,6,-24.14,10,-0.44,10,20.76,1,71.47,6,25.91,6,0.43,6,10,1
46900,2017,전라남도 진도군,,,41.41,5,-2.49,10,,,12.45,3,0.45,4,25727.22,5,24,1,9.79,1,24.62,6,0.79,1,146.57,6,79.25,7,-0.12,10,20.59,1,102.35,7,55.27,7,1.43,7,9,1
46910,2017,전라남도 신안군,,,37.07,5,-3.88,10,,,8.58,1,0.31,2,24101.35,4,11,1,11.12,1,71.37,7,0.72,1,134.27,6,-1.17,1,-0.59,10,46.17,4,121.88,7,31.7,6,0.29,5,3,1
47110,2017,경상북도 포항시,,,37.84,5,-3.81,10,,,37.1,6,10.5,7,35541.36,5,2616,7,43.56,6,27.31,6,2.03,3,42.97,4,17.98,7,-0.72,10,78.21,6,13.72,2,18.26,5,0.16,2,154,7
47130,2017,경상북도 경주시,,,36.61,5,-4.43,10,,,27.92,6,3.14,7,40463.26,6,502,5,49.29,6,13.24,4,1.49,2,62.44,5,-15.86,10,-0.37,10,81.01,6,26.62,5,18.55,5,0.08,1,72,6
47150,2017,경상북도 김천시,,,38.3,5,-2.31,10,,,29.5,6,1.39,6,36999.84,6,289,3,38.7,6,32.92,6,1.23,1,82.63,6,-53.82,10,0.61,7,37.41,4,41.39,6,18.89,5,0.22,4,29,4
47170,2017,경상북도 안동시,,,46.48,6,-5.23,10,,,15.71,4,0.24,1,26766.8,5,243,2,18.58,4,41.52,6,0.87,1,80.54,6,53.9,7,-1.33,10,32.29,3,35.36,5,34.57,6,0.24,4,80,6
47190,2017,경상북도 구미시,,,37.9,5,-2.84,10,,,47.57,6,0.95,6,85511.95,7,1282,6,66.42,6,39.52,6,3.1,5,39.63,4,-48.63,10,-0.05,10,54.87,5,11.15,1,21.4,5,0.07,1,95,6
47210,2017,경상북도 영주시,,,43.34,6,-4.5,10,,,17.57,4,0.15,1,26948.1,5,63,1,22.62,4,18.8,5,1.19,1,91.61,6,-46.33,10,-0.32,10,60.48,5,37.13,5,15.11,5,0.37,5,27,4
47230,2017,경상북도 영천시,,,35.75,5,-3.28,10,,,17.4,4,0.52,4,34364.24,5,176,1,36.29,6,6.3,1,0.94,1,105.47,6,-21.25,10,0.63,7,47.75,4,49.06,6,27.62,6,0.32,5,27,4
47250,2017,경상북도 상주시,,,44.69,6,-4.13,10,,,13.86,4,0.21,1,22216.94,4,98,1,15.03,3,24.67,6,0.64,1,121,6,82.72,7,-0.09,10,22.46,1,64.47,6,48.3,7,0.1,1,24,3
47280,2017,경상북도 문경시,,,49.47,6,-5.48,10,,,18.27,4,0.61,5,21339.11,4,60,1,16.68,3,35.72,6,0.68,1,130.91,6,11.7,6,-1.35,10,24.48,2,60.69,6,29.04,6,0.58,6,28,4
47290,2017,경상북도 경산시,,,39.32,5,-2.52,10,,,30.8,6,5.43,7,29544.63,5,893,6,33.09,5,17.94,5,2.95,4,43.59,4,6.54,5,0.31,7,44.16,4,16.91,3,13.45,4,0.07,1,52,5
47720,2017,경상북도 군위군,,,35.87,5,-1.72,10,,,10.61,2,0.44,3,33592.03,5,18,1,22.69,4,39.57,6,0.64,1,230.07,7,43.9,7,1.19,7,32.07,3,102.51,7,41.75,6,0,1,10,1
47730,2017,경상북도 의성군,,,42.25,6,-4.34,10,,,14.78,4,0.28,1,22536.41,4,46,1,12.26,2,34.57,6,0.8,1,167.73,7,34.96,7,0.25,7,30.72,3,104.86,7,70.58,7,0.41,6,14,1
47750,2017,경상북도 청송군,,,51.44,6,-0.86,10,,,10.68,2,0.25,1,25593.25,5,16,1,14.57,3,18.52,5,0.49,1,213.21,7,15.76,6,-0.18,10,33.97,3,96.05,7,19.46,5,0.83,7,9,1
47760,2017,경상북도 영양군,,,38.49,5,-3.39,10,,,13.63,3,0.06,1,25845.24,5,5,1,10.32,1,39.23,6,0.34,1,289.54,7,6.62,5,-0.45,10,37.59,4,106.51,7,22.65,6,2.45,7,4,1
47770,2017,경상북도 영덕군,,,47.44,6,-4.14,10,,,13.14,3,0.32,2,20879.8,4,9,1,14.96,3,56.24,7,0.17,1,165.06,7,73.8,7,-0.41,10,44.09,4,77.54,7,35.63,6,1.43,7,8,1
47820,2017,경상북도 청도군,,,47.83,6,-7.02,10,,,16.08,4,0.55,4,23357.61,4,67,1,14.79,3,34.66,6,0.3,1,145.42,6,-18.35,10,0.49,7,35.75,3,85.06,7,25.44,6,0.75,6,14,1
47830,2017,경상북도 고령군,,,29.13,5,-5.11,10,,,21.05,5,0.42,3,43019.55,6,47,1,34.76,5,20.74,5,2.54,4,171.29,7,-47.36,10,-0.87,10,64.2,5,69.49,6,28.44,6,0.32,5,7,1
47840,2017,경상북도 성주군,,,31.34,5,-4.92,10,,,15.34,4,0.47,4,45467.23,6,73,1,29.98,5,12.09,4,0.96,1,151.54,7,-40.29,10,0.44,7,53.6,5,75.39,7,15.03,5,0.25,4,14,1
47850,2017,경상북도 칠곡군,,,36.06,5,-3.15,10,,,28.88,6,0.95,6,35519.84,5,184,1,34.92,5,37.14,6,3,5,65.51,5,-53.29,10,-2.18,10,72.71,6,24.72,4,16.59,5,0.17,3,32,4
47900,2017,경상북도 예천군,,,46.31,6,10.07,8,,,11.54,3,0.4,3,23565.02,4,21,1,12.44,2,13.49,4,1.19,1,142.14,6,-27.18,10,7.13,7,29.31,3,79.38,7,13.34,4,0.66,6,13,1
47920,2017,경상북도 봉화군,,,29.93,5,-4.09,10,,,11.15,3,0.24,1,30369.88,5,7,1,18.58,4,22.25,6,0.84,1,192.7,7,-2.64,1,-0.08,10,0.97,1,85.93,7,25.06,6,0.98,7,6,1
47930,2017,경상북도 울진군,,,39.59,5,-4.94,10,,,17.41,4,0.52,4,48321.56,6,46,1,53.29,6,26.33,6,0.63,1,138.2,6,-49.34,10,-0.94,10,51.45,5,55.58,6,22.57,6,0.64,6,19,2
47940,2017,경상북도 울릉군,,,38.56,5,-1.35,10,,,17.12,4,0.09,1,28773.63,5,3,1,14.4,3,24.48,6,1.17,1,447.43,7,-38.37,10,0.25,7,69.05,5,34.15,5,29.44,6,2.35,7,6,1
48110,2017,경상남도 창원시,,,38.97,5,-4.08,10,,,43.67,6,23.43,7,35481.22,5,2556,7,43.89,6,23.18,6,4.51,6,35.34,3,-55.16,10,-0.87,10,70.86,5,11.02,1,13.97,4,0.04,1,318,7
48170,2017,경상남도 진주시,,,45.95,6,-2.81,10,,,34.1,6,5.12,7,23703.62,4,798,6,22.73,4,30.23,6,2.45,4,34.04,3,2.05,1,-0.07,10,59.45,5,16.92,3,19.28,5,0.12,1,91,6
48220,2017,경상남도 통영시,,,44.71,6,-4.73,10,,,23.17,5,0.08,1,24458.28,4,81,1,18.35,4,37.94,6,2.26,4,55.7,5,29.97,7,-1.64,10,64.97,5,20.38,4,22.33,6,0.08,1,20,2
48240,2017,경상남도 사천시,,,36.15,5,-4.24,10,,,22.62,5,0.23,1,35852.5,5,164,1,45.58,6,25.39,6,2.36,4,63.1,5,1.68,1,-0.34,10,45.02,4,34.98,5,27.2,6,0.37,5,27,4
48250,2017,경상남도 김해시,,,38.88,5,-2.88,10,,,41.59,6,0.99,6,29468.67,5,1189,6,30.43,5,24.83,6,4.37,5,25.28,2,-24.14,10,0.17,7,37.81,4,11.42,1,14.38,4,0.08,1,54,6
48270,2017,경상남도 밀양시,,,40.08,5,-3.61,10,,,19.5,5,0.15,1,26814.61,5,124,1,22.68,4,18.38,5,1.1,1,66.39,5,23.12,7,0,1,69.24,5,44.3,6,37.85,6,0,1,20,2
48310,2017,경상남도 거제시,,,27.74,4,-3.34,10,,,37.87,6,1.09,6,40023.58,6,611,5,73.93,7,36.44,6,2.73,4,33.12,3,-47.69,10,-1.83,10,52.35,5,13.96,2,17.43,5,0.16,3,24,3
48330,2017,경상남도 양산시,,,39.64,5,4.91,9,,,42.23,6,1.04,6,30481.03,5,575,5,37.89,6,18.6,5,3.3,5,29.53,2,-52.82,10,5.9,7,61.68,5,10.49,1,16.39,5,0.06,1,40,5
48720,2017,경상남도 의령군,,,39.07,5,-5.96,10,,,17.17,4,0.02,1,32077.74,5,26,1,19.69,4,69.83,7,1.4,1,160.52,7,-49.48,10,0.05,6,34.05,3,120.29,7,28.79,6,0.39,5,7,1
48730,2017,경상남도 함안군,,,27.76,4,-4.76,10,,,27.3,5,0.49,4,55538.84,6,134,1,57.4,6,21.94,6,1.63,2,74.04,5,-26.93,10,-0.73,10,73.07,6,56.59,6,17.29,5,0.16,2,17,1
48740,2017,경상남도 창녕군,,,35.75,5,-3.26,10,,,19.42,5,0.32,2,39023.87,6,63,1,30.87,5,54.47,7,1.57,2,81.42,6,-36.56,10,0.68,7,75.11,6,70.67,6,17.46,5,0.34,5,16,1
48820,2017,경상남도 고성군,,,34.96,5,-3.77,10,,,15.97,4,0.25,1,41105.86,6,42,1,32.15,5,25.38,6,2.45,4,96.37,6,-5.09,1,-0.39,10,59.41,5,67.73,6,16.19,5,0.2,3,20,2
48840,2017,경상남도 남해군,,,50.72,6,-7.91,10,,,15.02,4,0.21,1,23798.87,4,29,1,10.93,1,25.23,6,0.78,1,105.42,6,29.88,7,0.19,7,29.43,3,66.15,6,20.46,5,0.71,6,10,1
48850,2017,경상남도 하동군,,,42.73,6,-5.68,10,,,14.96,4,0.04,1,45865.15,6,31,1,22.37,4,27.26,6,1.22,1,107.71,6,-6.33,1,-0.66,10,69.2,5,90.89,7,20.56,5,0.93,7,11,1
48860,2017,경상남도 산청군,,,44.66,6,-2.08,10,,,13.17,3,0.62,5,27042.6,5,74,1,15.37,3,15.85,5,0.86,1,123.2,6,13.36,6,1.51,7,12.02,1,111.18,7,23.14,6,0.6,6,13,1
48870,2017,경상남도 함양군,,,43.66,6,-4.41,10,,,16.95,4,0.31,2,24739.71,5,39,1,14.26,3,30.39,6,0.76,1,115.66,6,-42.17,10,0.8,7,26.52,2,114.06,7,24.31,6,0.53,6,10,1
48880,2017,경상남도 거창군,,,42.6,6,-7.19,10,,,19.44,5,0.98,6,24212.85,4,52,1,15.7,3,13.28,4,0.98,1,82.08,6,-10.71,10,-0.22,10,21.83,1,77.87,7,18.16,5,0.34,5,14,1
48890,2017,경상남도 합천군,,,43.03,6,-5.2,10,,,14.95,4,0.78,5,23096.98,4,21,1,11.83,2,7.19,2,0.92,1,119.23,6,25.05,7,-0.92,10,26.25,2,126.25,7,28.29,6,0.94,7,10,1
49110,2017,제주특별자치도 제주시,,,47.13,6,-1.54,10,,,39.57,6,7.73,7,29338.07,5,631,5,19.6,4,15.61,5,2.16,3,19.78,1,-28.19,10,1.39,7,70.34,5,8.86,1,20.26,5,0.24,4,282,7
49130,2017,제주특별자치도 서귀포시,,,48.39,6,1.86,10,,,39.57,6,1.93,7,33281.97,5,186,1,25.53,5,17.29,5,1.86,3,45.73,4,-17.7,10,4.13,7,53.52,5,12.34,1,29.89,6,0.86,7,72,6
11110,2016,서울특별시 종로구,,,43.07,6,-3.11,10,,,54.64,7,2.06,7,183562.43,7,1658,7,251.58,7,7.47,2,13.77,7,78.76,6,7.84,1,-1.82,10,78.51,5,6.32,1,36.17,6,0.06,6,266,7
11140,2016,서울특별시 중구,,,45.23,6,0.34,10,,,65.17,7,3.9,7,388464.63,7,3235,7,509.68,7,12.85,4,19.35,7,94.49,6,66.36,7,-0.85,10,84.33,6,5.85,1,40.61,6,0.03,4,127,7
11170,2016,서울특별시 용산구,,,44.6,6,-3.8,10,,,47.14,6,0.72,6,44772.21,6,824,6,57.35,6,2.92,1,14.85,7,53.91,5,-10.83,1,-1.95,10,88.02,6,6.2,1,15.93,5,0.03,5,93,6
11200,2016,서울특별시 성동구,,,41.78,6,-2.74,10,,,39.96,6,0.67,6,35096.84,6,1329,6,36.86,6,4.98,1,14.59,7,42.55,4,-21.6,1,0.21,7,73.95,5,6.81,1,18.61,5,0.02,4,38,5
11215,2016,서울특별시 광진구,,,43.09,6,-3.87,10,,,32.28,6,0.38,5,16713.34,3,821,6,16.07,3,1.78,1,27.87,7,31.79,3,-30.55,10,-1.42,10,93.58,6,4.33,1,20.49,5,0.03,5,52,6
11230,2016,서울특별시 동대문구,,,47.36,6,-3.45,10,,,29.53,6,0.44,5,20221.65,4,525,5,20.4,4,2.85,1,13.95,7,37.12,3,74.95,7,-1.7,10,91.74,6,5.93,1,17.43,5,0.03,5,55,6
11260,2016,서울특별시 중랑구,,,50.41,6,-5.1,10,,,23.26,5,0.25,4,9764.25,1,398,4,10.09,1,5.77,1,15.37,7,31.08,3,30.62,6,-1.04,10,89.82,6,5.74,1,13.54,4,0,1,30,4
11290,2016,서울특별시 성북구,,,51.08,6,-3.06,10,,,25.55,5,0.26,4,11584.66,2,2035,7,10.36,1,7.3,1,25.68,7,32.76,3,-26.29,1,-2.31,10,93.3,6,5.35,1,12.69,4,0.01,1,56,6
11305,2016,서울특별시 강북구,,,55.03,6,-5.9,10,,,22.77,5,0.22,3,8649.73,1,247,2,7.62,1,4.75,1,5.29,6,37.03,3,-27.56,1,-1.27,10,91.31,6,5.83,1,15.26,5,0.01,1,52,6
11320,2016,서울특별시 도봉구,,,50.21,6,-5.06,10,,,23.84,5,0.2,3,8089.29,1,265,2,8.38,1,6.5,1,8.88,6,34.92,3,-18.61,1,-1.08,10,90.58,6,6.58,1,11.94,4,0,1,41,5
11350,2016,서울특별시 노원구,,,54.52,6,-4.72,10,,,19.21,5,0.21,3,9325.13,1,1064,6,9.28,1,3.33,1,7.22,6,26.48,2,36.74,6,-1.57,10,82.27,6,6.12,1,10.84,4,0.01,1,50,5
11380,2016,서울특별시 은평구,,,54.98,6,-4.58,10,,,23.68,5,0.19,2,7995.97,1,521,5,7.46,1,7.13,1,4.83,6,28.8,2,-79.16,10,-1.64,10,92.34,6,4.95,1,12.17,4,0.01,1,76,6
11410,2016,서울특별시 서대문구,,,51.54,6,1.97,10,,,30.07,6,0.4,5,23718.49,5,1320,6,25.12,5,4.84,1,19.95,7,39.66,4,-45.13,10,0.29,7,89.53,6,5.32,1,13.29,4,0.03,5,82,6
11440,2016,서울특별시 마포구,,,45.05,6,-3.99,10,,,40.91,6,0.82,6,43053.64,6,2043,7,52.79,6,8.41,2,20,7,36.95,3,-12.73,1,-2.67,10,89.53,6,5.66,1,12.43,4,0,1,173,7
11470,2016,서울특별시 양천구,,,46.26,6,-3.54,10,,,30.65,6,0.26,4,12605.84,2,667,5,13.26,2,3.58,1,19.19,7,28.27,2,44.27,6,-1.89,10,87.59,6,5.7,1,15.71,5,,0,47,5
11500,2016,서울특별시 강서구,,,45.24,6,-2.17,10,,,25.56,5,0.42,5,18035.25,4,753,6,24.95,5,5.92,1,11.49,7,26.24,2,-42.75,10,0.48,7,71.73,5,5.5,1,14.03,4,0.01,1,46,5
11530,2016,서울특별시 구로구,,,42.11,6,-3.09,10,,,26.61,5,0.62,6,28654.96,5,1651,7,33.36,5,2.57,1,32.02,7,29.2,2,53.72,6,-1.72,10,85.52,6,6.32,1,15.36,5,0.01,1,50,5
11545,2016,서울특별시 금천구,,,36.79,5,-4.94,10,,,31.31,6,1.23,7,63746.14,6,2023,7,74.64,7,0.42,1,19.86,7,45.76,4,-58.2,10,-0.7,10,88.14,6,5.3,1,17.46,5,0.11,7,31,4
11560,2016,서울특별시 영등포구,,,40.8,5,-4.36,10,,,45.15,6,1.26,7,74745.62,7,10469,7,145.63,7,2.24,1,14.77,7,34.84,3,6.2,1,-2.83,10,90.1,6,7.42,1,23.09,6,,0,133,7
11590,2016,서울특별시 동작구,,,50.95,6,-3.02,10,,,33.14,6,0.3,4,12929.79,2,1190,6,17.39,4,11.4,4,23.94,7,32.07,3,-14.16,1,-0.45,10,94.56,6,4.94,1,13.07,4,0,1,75,6
11620,2016,서울특별시 관악구,,,48.75,6,-4.79,10,,,24.8,5,0.22,3,10571.61,1,1250,6,10.34,1,1.78,1,12.2,7,28.2,2,18.91,5,-0.98,10,91.31,6,4.34,1,10.61,4,0.01,1,69,6
11650,2016,서울특별시 서초구,,,38.81,5,-2.25,10,,,63.6,7,1.3,7,65952.89,6,6368,7,103.11,7,5.02,1,8.32,6,33.72,3,-15.63,1,-0.71,10,88.59,6,4.19,1,20,5,0,1,117,7
11680,2016,서울특별시 강남구,,,42.85,6,-3.46,10,,,65.05,7,1.66,7,105766.05,7,4433,7,151.14,7,8.09,2,15.33,7,27.49,2,20.22,5,-2.4,10,78.72,5,4.35,1,27.95,6,,0,103,6
11710,2016,서울특별시 송파구,,,39.76,5,-3.84,10,,,48.93,6,0.58,6,33446.6,5,1693,7,36.97,6,3.31,1,12.56,7,23.32,1,135.5,7,-1.06,10,90.74,6,4.04,1,10.67,4,0.04,5,75,6
11740,2016,서울특별시 강동구,,,46.74,6,-6.99,10,,,32.95,6,0.36,5,16716,3,493,5,19.48,4,7.96,2,14.78,7,30.34,3,-17.23,1,-3.73,10,94.76,6,4.68,1,16.06,5,0,1,49,5
26110,2016,부산광역시 중구,,,41.53,5,-7.88,10,,,27.63,6,1.93,7,62991.64,6,40,1,90.41,7,119.15,7,7.51,6,105.58,6,15.39,4,-1.08,10,78.57,5,10.06,1,33.23,6,0,1,49,5
26140,2016,부산광역시 서구,,,51.37,6,-5.86,10,,,15.69,4,0.45,5,19838.63,4,70,1,33.89,6,16.84,5,5.9,6,54.5,5,-61.25,10,-2.36,10,89.02,6,9.43,1,10.07,3,0.01,1,24,3
26170,2016,부산광역시 동구,,,47.05,6,-7.38,10,,,16.16,4,1.06,7,54614.64,6,78,1,50.62,6,0.81,1,9.48,7,66.62,5,121.28,7,-2.16,10,94.98,6,11.61,1,14.89,5,0.43,7,88,6
26200,2016,부산광역시 영도구,,,37.96,5,-6.5,10,,,12.48,3,0.37,5,15313.77,3,230,1,20.28,4,6.89,1,6.89,6,46.98,4,6.19,1,-2.06,10,85.8,6,8.97,1,13.69,4,0.01,1,14,1
26230,2016,부산광역시 부산진구,,,50.58,6,-4.8,10,,,24.11,5,0.51,6,21116.65,4,456,4,23.26,5,16.51,5,8.02,6,24.69,1,44.32,6,-1.48,10,94.9,6,8.05,1,17.02,5,,0,147,7
26260,2016,부산광역시 동래구,,,50.01,6,-2.02,10,,,23.81,5,0.36,5,12104.47,2,234,1,14.33,3,18.72,5,5.49,6,25.19,2,-73.61,10,-0.22,10,95.9,6,7.51,1,12.26,4,0,1,64,6
26290,2016,부산광역시 남구,,,42.07,6,-3.31,10,,,29.93,6,0.31,4,20454.84,4,608,5,20.97,4,8.94,3,4.9,6,26.09,2,19.72,5,-1.62,10,91.64,6,7.69,1,12.3,4,0,1,43,5
26320,2016,부산광역시 북구,,,57.61,6,-2.55,10,,,16.82,4,0.18,2,7930.08,1,314,3,10.56,1,2.69,1,3.14,5,23.76,1,-23.88,1,-0.41,10,96.09,6,6.67,1,11.11,4,0.01,1,36,5
26350,2016,부산광역시 해운대구,,,51.7,6,-3.31,10,,,31.08,6,0.36,5,15433.19,3,651,5,20.09,4,7.71,2,3.51,5,22.84,1,-6.36,1,-0.93,10,80.48,6,7.28,1,15.71,5,0,1,55,6
26380,2016,부산광역시 사하구,,,41.72,6,-4.2,10,,,19.73,5,0.37,5,18111.75,4,610,5,23.1,5,2.73,1,4.53,6,24.32,1,19.13,5,-1.17,10,80.02,6,6.76,1,12.48,4,0.01,1,36,5
26410,2016,부산광역시 금정구,,,40.9,5,-4.85,10,,,23.97,5,0.4,5,18512.12,4,651,5,19.83,4,5.43,1,3.39,5,30.03,3,-30.13,10,-0.54,10,94.36,6,7.35,1,14.46,5,0.01,1,62,6
26440,2016,부산광역시 강서구,,,24.27,4,22.13,8,,,49.62,6,1.48,7,115572.53,7,697,5,128.08,7,148.06,7,4.06,5,50.14,5,-19.32,1,12.08,7,79.3,5,16.51,3,24.81,6,0,1,12,1
26470,2016,부산광역시 연제구,,,49.87,6,-4.04,10,,,22.51,5,0.49,6,29035.9,5,194,1,20.29,4,0.41,1,4.68,6,30.17,3,133.43,7,-1.89,10,95.53,6,7.59,1,13.03,4,0.12,7,72,6
26500,2016,부산광역시 수영구,,,46.23,6,-4.3,10,,,25.63,5,0.34,5,14518.84,3,152,1,16.2,3,0.93,1,12.02,7,31.91,3,96.22,7,-0.47,10,95.19,6,6.54,1,13.72,4,0.06,6,42,5
26530,2016,부산광역시 사상구,,,38.01,5,-6.6,10,,,24.55,5,0.6,6,27508.38,5,586,5,28.72,5,3.11,1,4.79,6,28.88,2,-11.91,1,-2.27,10,87.72,6,7.23,1,15.59,5,0.01,2,37,5
26710,2016,부산광역시 기장군,,,39.22,5,2.89,9,,,36.73,6,0.49,6,33041.08,5,419,4,31.58,5,126.88,7,3.04,5,43.68,4,-25.07,1,2.7,7,78.61,5,21.36,4,25.38,6,0,1,11,1
27110,2016,대구광역시 중구,,,57.06,6,-3.71,10,,,31.08,6,1.36,7,55968.55,6,120,1,57.88,6,0.69,1,12.19,7,76.65,6,-65.15,10,-1.77,10,90.83,6,10.99,1,32.32,6,0.76,7,99,6
27140,2016,대구광역시 동구,,,44.83,6,-2.51,10,,,19.08,5,0.36,5,15869.06,3,474,4,19.85,4,6.05,1,2.19,3,26.26,2,-26.99,1,0.27,7,89.2,6,8.89,1,13.04,4,0.01,1,48,5
27170,2016,대구광역시 서구,,,41.89,6,-8.31,10,,,18.57,5,0.42,5,17087.78,4,231,1,21.36,4,2.9,1,7.75,6,35.9,3,66.19,7,-3.19,10,76.22,5,7.72,1,12.24,4,0.02,3,26,4
27200,2016,대구광역시 남구,,,51.99,6,-8.12,10,,,14.44,4,0.34,5,14138.95,3,171,1,18.68,4,0.66,1,6.64,6,40.04,4,-48.47,10,-2.74,10,86.83,6,8.99,1,10.93,4,0.29,7,66,6
27230,2016,대구광역시 북구,,,43.01,6,-4.24,10,,,21.57,5,0.38,5,20058.33,4,1209,6,16.24,3,4.09,1,3.23,5,22.26,1,126.29,7,-0.97,10,79.92,6,8.32,1,12.78,4,0.01,1,45,5
27260,2016,대구광역시 수성구,,,47.15,6,-4.3,10,,,28.29,6,0.33,5,15721.55,3,487,5,12.65,2,9.04,3,2.47,4,23.34,1,55.25,6,-1.18,10,89.94,6,7.1,1,16.16,5,0,1,65,6
27290,2016,대구광역시 달서구,,,43.55,6,-5.27,10,,,26.21,5,0.38,5,18928.56,4,1193,6,22.08,4,4.28,1,4.88,6,18.45,1,-34.51,10,-2.17,10,66.54,5,6.08,1,15.2,5,,0,57,6
27710,2016,대구광역시 달성군,,,33.58,5,12.36,8,,,42.71,6,0.51,6,32231.5,5,849,6,39.63,6,27.22,6,1.31,1,38.38,4,-34.05,10,11.09,7,75.41,5,16.32,3,17.77,5,0.01,1,17,1
28110,2016,인천광역시 중구,,,38.8,5,0.08,10,,,50.91,6,0.97,7,118373.59,7,110,1,127.94,7,0.92,1,0.99,1,50.29,5,-26.87,1,0.33,7,164.34,7,9.02,1,19.69,5,0.3,7,49,5
28140,2016,인천광역시 동구,,,30.58,5,-5.81,10,,,22.5,5,0.56,6,40856.24,6,353,3,57.01,6,0.93,1,7.31,6,63.36,5,81.15,7,-2.27,10,122.96,6,8.48,1,12.73,4,0.16,7,17,1
28170,2016,인천광역시 미추홀구,,,47.59,6,0.34,10,,,19.94,5,0.3,4,13850.54,3,669,5,15.24,3,1.49,1,13.83,7,21.9,1,77.06,7,2.71,7,147.53,6,5.74,1,20.5,5,0.02,3,126,7
28185,2016,인천광역시 연수구,,,43.13,6,1.58,10,,,41.53,6,0.35,5,26302.11,5,1196,6,31.7,5,1.59,1,2.54,4,16.95,1,-28.88,10,2.44,7,137.84,6,6.05,1,11.42,4,0.02,3,68,6
28200,2016,인천광역시 남동구,,,41.47,5,-2.72,10,,,33.07,6,0.5,6,29220.23,5,1343,6,30.75,5,3.79,1,7.01,6,12.31,1,-8.99,1,-0.57,10,209.15,7,5.42,1,16.06,5,0.01,1,178,7
28237,2016,인천광역시 부평구,,,46.14,6,-4.18,10,,,23.3,5,0.32,4,17134.16,4,840,6,24.59,5,1.3,1,28.1,7,14.57,1,123.25,7,-1.53,10,154.35,6,5.63,1,16.9,5,0.01,2,96,6
28245,2016,인천광역시 계양구,,,50.3,6,-6.15,10,,,23.58,5,0.25,4,11617.7,2,348,3,12.46,2,2.68,1,5.47,6,23.86,1,-42.77,10,-1.58,10,207.26,7,7.36,1,13.59,4,,0,38,5
28260,2016,인천광역시 서구,,,37.13,5,-1.59,10,,,40.64,6,0.4,5,38416.96,6,1070,6,27.92,5,7.47,2,6.14,6,14.37,1,-4.31,1,0.6,7,272.61,7,7.02,1,15.51,5,0.01,1,55,6
28710,2016,인천광역시 강화군,,,46,6,-1.29,10,,,15.3,4,0.29,4,15775.03,3,57,1,9.36,1,0.51,1,0.23,1,108.54,6,22.93,5,1.22,7,245.93,7,46.15,6,30.6,6,1.6,7,30,4
28720,2016,인천광역시 옹진군,,,32.74,5,-1.03,10,,,19.23,5,0.28,4,20120.56,4,4,1,40.5,6,,0,0.02,1,216.34,7,-46.68,10,2.09,7,142.25,6,44.42,6,34.25,6,,0,2,1
29110,2016,광주광역시 동구,,,55.26,6,-6.18,10,,,14.69,4,0.76,6,30380.82,5,344,3,42,6,3.38,1,2.21,3,47.29,4,-14.4,1,-2.93,10,105.71,6,4.01,1,31.96,6,0.03,5,149,7
29140,2016,광주광역시 서구,,,44.55,6,-2.83,10,,,23.55,5,0.52,6,29578.3,5,342,3,33.63,5,17.42,5,4.48,5,18.66,1,48.62,6,1.17,7,120.28,6,2.25,1,17.61,5,,0,109,7
29155,2016,광주광역시 남구,,,48.38,6,-4.46,10,,,13.49,4,0.29,4,12567.22,2,211,1,13.31,2,8.93,3,3.28,5,23.83,1,284.28,7,-0.86,10,114.34,6,4.15,1,16.75,5,0.01,1,95,6
29170,2016,광주광역시 북구,,,44.18,6,-4.96,10,,,14.07,4,0.38,5,18454.59,4,1470,7,19.41,4,19,5,3.33,5,16.93,1,40.88,6,-1.5,10,115.69,6,1.92,1,18.77,5,,0,173,7
29200,2016,광주광역시 광산구,,,39.36,5,-2.06,10,,,21.44,5,0.43,5,27176.96,5,954,6,34.45,6,11.22,4,1.87,3,17.47,1,35.09,6,-0.05,1,115.51,6,1.83,1,13.72,4,0,1,66,6
30110,2016,대전광역시 동구,,,43.79,6,-4.58,10,,,14.14,4,0.31,4,14290.93,3,359,4,18.08,4,2.23,1,1.77,2,23.73,1,-21.34,1,-2.09,10,74.08,5,9.48,1,14.54,5,,0,71,6
30140,2016,대전광역시 중구,,,51.81,6,-5.09,10,,,18.21,5,0.43,5,16625.69,3,278,2,24.68,5,1.95,1,3.53,5,23.37,1,-44.64,10,-1.59,10,64.04,5,8.24,1,13.99,4,0.02,4,189,7
30170,2016,대전광역시 서구,,,50.64,6,-3.22,10,,,24.02,5,0.39,5,18212.62,4,788,6,19.42,4,13.38,4,3,4,14.02,1,-28.49,10,-0.44,10,60.41,5,5.89,1,16.68,5,0,1,166,7
30200,2016,대전광역시 유성구,,,37.92,5,-1.11,10,,,36.32,6,0.48,6,33885.16,5,8615,7,55.95,6,13.16,4,2.21,3,16.07,1,1567.43,7,1.5,7,60.16,5,6.25,1,16.44,5,0,1,69,6
30230,2016,대전광역시 대덕구,,,33.23,5,-7.24,10,,,20.8,5,0.52,6,40565.03,6,769,6,54.88,6,6.95,1,3.7,5,27.21,2,-13.18,1,-2.42,10,42.83,4,9.03,1,16.75,5,0.01,1,50,5
31110,2016,울산광역시 중구,,,50.26,6,-2.95,10,,,20.68,5,0.21,3,16562.4,3,163,1,12.91,2,14.41,4,5.31,6,20.13,1,99.39,7,-1.27,10,81.82,6,3.55,1,14.96,5,0,1,83,6
31140,2016,울산광역시 남구,,,41.91,6,-4.19,10,,,38.86,6,0.59,6,74036.48,7,525,5,50.3,6,34.88,6,3.98,5,16.11,1,39.08,6,-1.32,10,75.44,5,5.58,1,20.88,5,0,1,164,7
31170,2016,울산광역시 동구,,,24.67,4,-0.91,10,,,30.94,6,0.55,6,59594.29,6,735,6,108.39,7,26.1,6,3.71,5,23.9,1,-54.31,10,-1.07,10,69.9,5,5.84,1,15.43,5,0,1,32,4
31200,2016,울산광역시 북구,,,24.97,4,-0.97,10,,,33.59,6,0.61,6,79343,7,278,2,127.54,7,21.49,5,1.57,2,24.09,1,71.96,7,1.38,7,77.45,5,8.35,1,16.13,5,0,1,34,4
31710,2016,울산광역시 울주군,,,27.23,4,-4.36,10,,,44.76,6,0.6,6,77811.17,7,720,6,66.35,6,62.36,7,0.8,1,29.9,3,-20.86,1,-0.39,10,70.31,5,2.13,1,17.91,5,0,1,31,4
36110,2016,세종특별자치시 세종시,,,40.14,5,20.11,8,,,59.01,7,0.36,5,,0,548,5,29.04,5,92.98,7,6.26,6,11.88,1,79.69,7,12.27,7,231.41,7,20.32,4,8.88,3,0,1,24,3
41110,2016,경기도 수원시,,,45.16,6,-2.18,10,,,60.94,7,0.38,5,24900.5,5,9927,7,36.88,6,14.15,4,12.83,7,24.75,1,-41.3,10,0.19,7,85.16,6,5.41,1,17.46,5,0,1,343,7
41130,2016,경기도 성남시,,,41.61,5,-2.25,10,,,61.91,7,0.55,6,28603.61,5,7421,7,45.6,6,19.28,5,9.55,7,28.64,2,-50.03,10,-0.21,10,79.57,6,5.43,1,15.66,5,0,1,160,7
41150,2016,경기도 의정부시,,,52.93,6,-2.77,10,,,34.05,6,0.28,4,16917.42,3,318,3,11.75,2,8.44,2,8.83,6,27.43,2,7.09,1,0.77,7,87.34,6,8.62,1,17.05,5,0.01,1,93,6
41170,2016,경기도 안양시,,,42.65,6,-3.69,10,,,54.38,7,0.49,6,28909.12,5,2615,7,25.51,5,14.09,4,10.62,7,31.22,3,52.98,6,-0.54,10,88.76,6,7.51,1,17.61,5,0,1,97,6
41190,2016,경기도 부천시,,,47.71,6,-3.31,10,,,47.55,6,0.37,5,20090.83,4,1520,7,18.27,4,7.82,2,16.46,7,27.19,2,-19.35,1,-0.14,10,86.2,6,3.63,1,14.66,5,0.01,1,106,7
41210,2016,경기도 광명시,,,43.93,6,-4.42,10,,,46.87,6,0.3,4,19782.54,4,427,4,21.4,4,10.88,3,13.3,7,29.97,3,139.83,7,-2.14,10,75.9,5,17.3,3,13.69,4,0.01,2,34,4
41220,2016,경기도 평택시,,,34.77,5,0.55,10,,,46.17,6,0.57,6,48937.96,6,1561,7,52.16,6,30.44,6,3.99,5,39.41,4,18.91,5,1.7,7,90.53,6,7.5,1,12.48,4,0,1,79,6
41250,2016,경기도 동두천시,,,51.55,6,-0.72,10,,,21.86,5,0.31,4,16767.36,3,82,1,15.72,3,17.61,5,2.53,4,59.72,5,-44.08,10,0.21,7,61.94,5,9.29,1,15,5,0.01,1,21,3
41270,2016,경기도 안산시,,,37.55,5,-4.42,10,,,48.07,6,0.52,6,35836.94,6,2664,7,40.64,6,13.62,4,10.18,7,27.04,2,44.16,6,-1.61,10,72.58,5,4.16,1,16.91,5,0,1,130,7
41280,2016,경기도 고양시,,,46.65,6,-2.92,10,,,50.19,6,0.34,5,18630.59,4,1828,7,14.05,3,9.5,3,7.73,6,26.62,2,-45.5,10,0.79,7,76.43,5,4.75,1,15.75,5,0,1,194,7
41290,2016,경기도 과천시,,,40.16,5,-8.45,10,,,48.19,6,0.55,6,47833.5,6,447,4,59.42,6,122.87,7,5.34,6,81.41,6,-90.62,10,-8.73,10,84.45,6,20.33,4,15.87,5,0.01,1,28,4
41310,2016,경기도 구리시,,,48.99,6,-1.7,10,,,40.02,6,0.37,5,20426.27,4,143,1,14.86,3,19.08,5,10.86,7,36.49,3,-30.36,10,3.25,7,76.32,5,8.45,1,13.01,4,0.01,1,33,4
41360,2016,경기도 남양주시,,,44.32,6,-1.01,10,,,40.35,6,0.27,4,12998.38,2,923,6,10.48,1,10.68,3,3.6,5,27.71,2,87.6,7,0.9,7,86.2,6,4.89,1,15.85,5,,0,81,6
41370,2016,경기도 오산시,,,47.36,6,-1.81,10,,,45.59,6,0.33,5,25787.71,5,321,3,21.22,4,14.97,5,11.27,7,29.38,2,-23.19,1,0.06,5,82.31,6,40.86,6,16.84,5,0,1,31,4
41390,2016,경기도 시흥시,,,33.1,5,-2.54,10,,,55.63,7,0.54,6,28447.96,5,1258,6,30.04,5,15.17,5,12.21,7,26.16,2,-14.52,1,0.68,7,79.49,6,12.76,2,19.88,5,0.01,1,56,6
41410,2016,경기도 군포시,,,43.36,6,-3.71,10,,,46.22,6,0.42,5,21932.78,4,1255,6,22.86,5,9.67,3,10.63,7,28.46,2,-23.85,1,-1.66,10,77.26,5,18.74,3,11.37,4,0.01,1,56,6
41430,2016,경기도 의왕시,,,36.54,5,-4.53,10,,,46.03,6,0.35,5,20184.91,4,663,5,31.17,5,14.61,4,6.72,6,37.1,3,265.46,7,-1.04,10,91.79,6,23.3,4,9.81,3,0.01,1,26,4
41450,2016,경기도 하남시,,,38.6,5,29.76,8,,,53.79,7,0.39,5,19121.7,4,482,5,12.36,2,15.54,5,6.71,6,36.59,3,28.14,5,20.62,7,91.99,6,35.27,5,13.26,4,,0,49,5
41460,2016,경기도 용인시,,,41.19,5,-1.61,10,,,61.92,7,0.38,5,35012.44,6,6073,7,34.2,6,12.26,4,3.89,5,26.3,2,-40.7,10,1.01,7,86.39,6,4.27,1,13.93,4,0,1,84,6
41480,2016,경기도 파주시,,,37.3,5,0.13,10,,,43.59,6,0.52,6,34202.47,6,726,6,42.29,6,20.5,5,2.11,3,31.14,3,-32,10,1.27,7,87.25,6,10.64,1,15.22,5,0.01,1,61,6
41500,2016,경기도 이천시,,,38.85,5,0.2,10,,,51.08,6,0.63,6,56087.27,6,1300,6,70.58,7,17.22,5,1.56,2,47.21,4,27.69,5,2.17,7,85.98,6,19.61,4,18.02,5,0.01,2,36,5
41550,2016,경기도 안성시,,,34.97,5,-2.8,10,,,37.5,6,0.59,6,39839.8,6,660,5,43.13,6,7.93,2,1.39,1,48.89,4,4.35,1,1.3,7,84.71,6,17.28,3,21.37,6,0.01,1,33,4
41570,2016,경기도 김포시,,,34.67,5,1.97,10,,,49.96,6,0.52,6,23467.55,5,1080,6,22.35,4,16.95,5,4.91,6,28.9,2,-35.58,10,3.04,7,81.72,6,5.15,1,13.47,4,0,1,33,4
41590,2016,경기도 화성시,,,28.23,5,6.64,8,,,64.25,7,0.85,6,77941.02,7,2916,7,89.46,7,23.36,6,5.52,6,30.05,3,9.9,2,6.09,7,89.24,6,11.5,1,13.74,4,0,1,67,6
41610,2016,경기도 광주시,,,34.73,5,0.69,10,,,51.56,6,0.49,6,23033.78,5,878,6,19.08,4,9.29,3,2.37,4,33.38,3,-37.95,10,4.01,7,88.28,6,6.12,1,16.72,5,0.01,1,39,5
41630,2016,경기도 양주시,,,36.79,5,-2.41,10,,,38.94,6,0.49,6,25568.1,5,443,4,19.2,4,18.16,5,5.32,6,43.52,4,104.63,7,-0.12,10,83.97,6,30.16,5,20.73,5,0.01,1,32,4
41650,2016,경기도 포천시,,,34.75,5,-4.73,10,,,29.77,6,0.72,6,33177.67,5,430,4,30.62,5,12.92,4,0.86,1,56.61,5,-0.94,1,-0.23,10,83.57,6,34.07,5,26.27,6,0.02,2,36,5
41730,2016,경기도 여주시,,,43.98,6,-2.85,10,,,36.79,6,0.42,5,26718.63,5,95,1,25.22,5,11.74,4,0.62,1,76.45,6,38.9,6,0.48,7,88.61,6,29.84,5,21.56,6,0.02,4,33,4
41800,2016,경기도 연천군,,,40.23,5,-0.39,10,,,20.43,5,0.32,5,23340.34,5,27,1,13.21,2,27.38,6,0.44,1,141.32,6,-12.23,1,0.48,7,84.05,6,77.1,7,36.81,6,0.03,5,16,1
41820,2016,경기도 가평군,,,47.41,6,-2.92,10,,,26.2,5,0.42,5,25062.93,5,61,1,17.63,4,19.54,5,1.13,1,102.37,6,25.22,5,1.04,7,91.32,6,23.23,4,17.38,5,0.01,1,15,1
41830,2016,경기도 양평군,,,46.24,6,1.63,10,,,23.33,5,0.27,4,17653,4,94,1,11.45,2,9.39,3,0.83,1,78.71,6,53.29,6,2.95,7,91.83,6,40.11,6,19.77,5,0.04,6,25,3
42110,2016,강원도 춘천시,,,47.36,6,-2.73,10,,,27.65,6,0.38,5,23100.61,5,861,6,17.68,4,13.77,4,1.24,1,40.49,4,251.33,7,0.81,7,87.1,6,17.08,3,25.5,6,0.01,1,96,6
42130,2016,강원도 원주시,,,43.2,6,-1.28,10,,,29.69,6,0.45,5,23508.34,5,644,5,25.8,5,24.26,6,1.97,3,33.31,3,-2.67,1,1.26,7,94.85,6,15.37,3,27,6,0,1,53,6
42150,2016,강원도 강릉시,,,45.4,6,-2.7,10,,,19.68,5,0.4,5,22701,5,357,4,19.28,4,27.2,6,1.15,1,44.91,4,107.5,7,-0.23,10,91.74,6,19.14,4,26.07,6,0.01,1,47,5
42170,2016,강원도 동해시,,,42.66,6,-3.93,10,,,19.86,5,0.38,5,28043.08,5,38,1,27.08,5,45.79,7,4.02,5,57.19,5,56.26,6,-0.68,10,94.53,6,14.76,2,29.07,6,0.01,1,23,3
42190,2016,강원도 태백시,,,38.62,5,-6.72,10,,,30.63,6,0.41,5,20448.27,4,21,1,16.36,3,61.41,7,0.75,1,112.45,6,288.82,7,-0.74,10,88.73,6,26.2,5,40.51,6,0.01,1,10,1
42210,2016,강원도 속초시,,,50.2,6,-5.62,10,,,25.19,5,0.38,5,19450.42,4,44,1,18.01,4,10.64,3,3.21,5,61.94,5,10.57,2,-0.23,10,78.61,5,14.86,2,25.24,6,0.02,4,24,3
42230,2016,강원도 삼척시,,,35.08,5,-4.01,10,,,20.47,5,0.4,5,32662.44,5,36,1,36.02,6,28.23,6,0.71,1,93.56,6,35.38,6,-1.47,10,89.27,6,36.04,5,19.4,5,0.02,4,14,1
42720,2016,강원도 홍천군,,,43.38,6,-6.13,10,,,19.4,5,0.4,5,32569.48,5,123,1,22.66,5,19.91,5,0.39,1,78.45,6,41.63,6,0.03,4,86.69,6,35.96,5,39.93,6,0.02,4,11,1
42730,2016,강원도 횡성군,,,41.49,5,-6.14,10,,,18.51,5,0.43,5,33194.08,5,48,1,26.52,5,6.09,1,0.56,1,102.5,6,-5.95,1,0.92,7,95.59,6,57.27,6,42.3,7,0.12,7,3,1
42750,2016,강원도 영월군,,,34.53,5,-3.53,10,,,21.6,5,0.42,5,32368.28,5,43,1,21.38,4,32.54,6,0.27,1,115.89,6,21.25,5,0.17,7,95.99,6,52.53,6,59.64,7,0.03,5,4,1
42760,2016,강원도 평창군,,,41.28,5,-5.52,10,,,12.78,3,0.42,5,39212.2,6,41,1,28.02,5,33.59,6,0.42,1,124.78,6,32.78,6,0.06,6,97.24,6,47.59,6,30.3,6,0.04,5,3,1
42770,2016,강원도 정선군,,,38.41,5,-4.52,10,,,31.21,6,0.54,6,34347.93,6,18,1,52.15,6,54.65,7,0.47,1,113.43,6,49.55,6,-0.75,10,94.72,6,47.92,6,43.74,7,0.02,4,5,1
42780,2016,강원도 철원군,,,45.08,6,-3.84,10,,,13.06,3,0.26,4,33158.64,5,48,1,10.29,1,30.42,6,0.61,1,105.21,6,150.14,7,-1.6,10,87.57,6,29.2,5,25.38,6,0.01,2,5,1
42790,2016,강원도 화천군,,,40.45,5,-3.29,10,,,17.25,4,0.22,3,46137.37,6,15,1,8.81,1,32.51,6,0.27,1,155.92,7,11.99,3,-2.98,10,82.17,6,34.67,5,33.45,6,0.04,5,3,1
42800,2016,강원도 양구군,,,42.42,6,-3.35,10,,,17.24,4,0.25,4,36127.78,6,17,1,9.2,1,31.34,6,0.32,1,167.9,7,130.73,7,-0.59,10,93,6,47.04,6,38.44,6,0.03,5,2,1
42810,2016,강원도 인제군,,,41.01,5,-3.8,10,,,10.7,3,0.29,4,42211.12,6,20,1,13.49,3,38.32,6,0.28,1,138.82,6,145.54,7,-1.91,10,86.85,6,29.37,5,31.69,6,0.02,3,5,1
42820,2016,강원도 고성군,,,44.67,6,-9.94,10,,,13.71,4,0.34,5,31585.67,5,14,1,15.64,3,19.4,5,0.54,1,135.25,6,57.56,7,0.65,7,83.09,6,43.54,6,25.49,6,0.04,5,3,1
42830,2016,강원도 양양군,,,39.93,5,-5.27,10,,,11.58,3,0.41,5,32064,5,22,1,18.05,4,9.88,3,0.45,1,153.88,7,38.97,6,-0.38,10,89.33,6,56.87,6,33.17,6,0.12,7,6,1
43110,2016,충청북도 청주시,,,42.1,6,-2.46,10,,,35.76,6,0.43,5,33771.45,5,2055,7,34.68,6,18.49,5,3.2,5,26.43,2,29.39,6,-0.09,10,74.02,5,13.76,2,18.9,5,0,1,254,7
43130,2016,충청북도 충주시,,,41.29,5,-2.78,10,,,19.41,5,0.44,5,29114.4,5,367,4,24.39,5,30.89,6,1.64,2,45.21,4,-40.82,10,0.24,7,84.83,6,27.78,5,26.43,6,0.01,1,39,5
43150,2016,충청북도 제천시,,,41.87,6,-3.93,10,,,20.44,5,0.41,5,22938.92,5,106,1,19.81,4,7.29,1,0.61,1,56.49,5,-21.8,1,0.37,7,90.56,6,27.08,5,17.61,5,0.03,5,29,4
43720,2016,충청북도 보은군,,,37.77,5,-1.33,10,,,10.2,2,0.42,5,32956.49,5,22,1,25.93,5,34,6,0.79,1,131.93,6,4.59,1,0.49,7,72.95,5,90.66,7,36.89,6,0.01,1,18,2
43730,2016,충청북도 옥천군,,,39.17,5,-5.63,10,,,18.08,5,0.45,5,26697.99,5,99,1,21.31,4,16.22,5,0.46,1,92.71,6,-40.95,10,0.2,7,88.19,6,63.94,6,63.33,7,0.05,6,16,1
43740,2016,충청북도 영동군,,,39.57,5,-7.44,10,,,17.86,5,0.34,5,19619.28,4,62,1,16.33,3,30.08,6,0.65,1,94.52,6,-6.3,1,0.45,7,91.59,6,75.11,6,21.16,6,0.03,5,18,2
43745,2016,충청북도 증평군,,,41.95,6,0.33,10,,,18.11,5,0.36,5,29489.52,5,15,1,27.74,5,19.55,5,3.22,5,90.36,6,457.14,7,1.24,7,86.43,6,32.55,5,37.8,6,0.03,5,10,1
43750,2016,충청북도 진천군,,,31.75,5,4.48,9,,,30.8,6,0.88,6,79483.65,7,229,1,81.06,7,27.87,6,1.51,2,64.81,5,-10.76,1,2.68,7,84.17,6,43.71,6,39.84,6,0.01,1,12,1
43760,2016,충청북도 괴산군,,,36.87,5,-6.87,10,,,14.12,4,0.39,5,30827.39,5,117,1,21.4,4,21.86,5,0.56,1,115.82,6,5.08,1,1.41,7,90.43,6,91.66,7,12.63,4,0.04,5,10,1
43770,2016,충청북도 음성군,,,30.38,5,-1.78,10,,,27.49,6,0.89,6,67946.92,6,404,4,69.7,7,21.45,5,1.85,3,53.71,5,-1.71,1,1.42,7,79.79,6,44.22,6,31.48,6,0.02,4,18,2
43800,2016,충청북도 단양군,,,29.88,5,-5.49,10,,,21.54,5,0.53,6,40542.86,6,22,1,34.38,6,30.21,6,0.74,1,149.46,7,-5.12,1,-0.11,10,94.72,6,61.33,6,23.4,6,0.04,5,5,1
44130,2016,충청남도 천안시,,,39.44,5,-0.79,10,,,44.07,6,0.49,6,43373.73,6,3057,7,40.25,6,10.39,3,3.13,5,30.29,3,-30.88,10,1.38,7,83.71,6,14.03,2,15.3,5,0.01,1,123,7
44150,2016,충청남도 공주시,,,42.97,6,-6.71,10,,,19.88,5,0.42,5,33471.02,5,563,5,23.56,5,16.26,5,1.42,1,88.37,6,-17.86,1,-0.85,10,77.78,5,42.27,6,17.88,5,0.06,6,28,4
44180,2016,충청남도 보령시,,,40.49,5,-3.96,10,,,20.89,5,0.4,5,39480.09,6,120,1,30.18,5,10.69,3,2.31,4,91.83,6,38.79,6,-0.58,10,95.7,6,51.49,6,13.15,4,0.08,6,22,3
44200,2016,충청남도 아산시,,,32.65,5,1.45,10,,,45.53,6,0.66,6,95466.67,7,1396,6,90.65,7,20.42,5,1.86,3,38.35,4,42.26,6,1.03,7,88.66,6,19.96,4,17.83,5,0.01,1,39,5
44210,2016,충청남도 서산시,,,32.6,5,-3.26,10,,,31.82,6,0.49,6,74363.4,7,343,3,55.46,6,57.78,7,2.23,3,62.96,5,-46.35,10,0.05,5,78.76,5,25.41,5,18.72,5,0.01,1,21,3
44230,2016,충청남도 논산시,,,42.85,6,-4.41,10,,,16.45,4,0.41,5,27854.11,5,259,2,20.73,4,10.91,3,2.55,4,75.12,6,12.41,3,-0.58,10,81.73,6,47.24,6,13.29,4,0.04,5,27,4
44250,2016,충청남도 계룡시,,,47.75,6,2.43,10,,,24.81,5,0.21,3,19637.26,4,99,1,8.72,1,27.71,6,4.09,5,84.29,6,-41.52,10,1.52,7,85.79,6,15.13,3,20.58,5,0.01,1,5,1
44710,2016,충청남도 금산군,,,33.65,5,-5.22,10,,,19.43,5,0.54,6,39488.17,6,182,1,37.32,6,23.27,6,0.27,1,109.88,6,-16.02,1,0.07,6,91.66,6,64.23,6,13.69,4,0.02,4,18,2
44760,2016,충청남도 부여군,,,43.23,6,-4.82,10,,,11.09,3,0.33,5,26329.99,5,85,1,17.56,4,10.98,3,0.31,1,115.48,6,-36.87,10,-0.6,10,82.83,6,73.27,6,26.33,6,0.04,6,9,1
44770,2016,충청남도 서천군,,,44.1,6,-6.06,10,,,12.73,3,0.47,5,36384.29,6,39,1,27.32,5,17.71,5,1.55,2,120.64,6,56.64,7,-0.62,10,93.19,6,73.34,6,15.09,5,0.12,7,16,1
44790,2016,충청남도 청양군,,,40.25,5,-4.68,10,,,16.18,4,0.42,5,31364.64,5,31,1,20.21,4,3.18,1,0.17,1,177.48,7,56.68,7,1.72,7,73.86,5,111.85,7,15.61,5,0.2,7,5,1
44800,2016,충청남도 홍성군,,,44.8,6,8.12,8,,,20.32,5,0.4,5,29731.04,5,64,1,17.08,4,31.92,6,0.93,1,72.07,5,10.48,2,5.62,7,92.28,6,40.6,6,13.84,4,0.01,1,15,1
44810,2016,충청남도 예산군,,,37.37,5,-9.91,10,,,15.26,4,0.44,5,37556.3,6,145,1,24.05,5,17.28,5,1.23,1,92.54,6,-45.75,10,-2.09,10,91.93,6,53.16,6,24.05,6,0.02,2,20,2
44825,2016,충청남도 태안군,,,39.47,5,-1.74,10,,,19.74,5,0.35,5,42491.47,6,95,1,38.76,6,9.42,3,1.98,3,111.48,6,-18.6,1,0.97,7,90.03,6,46.96,6,11.82,4,0.14,7,11,1
44830,2016,충청남도 당진시,,,26.18,4,-0.49,10,,,34.76,6,0.6,6,75824.7,7,234,1,75.25,7,21.48,5,2.02,3,56.79,5,61.79,7,0.49,7,98.37,6,25.3,5,15.19,5,0.04,5,32,4
45110,2016,전라북도 전주시,,,48.2,6,-3.14,10,,,32.18,6,0.38,5,18538.55,4,1689,7,18.76,4,25.49,6,7.57,6,24.2,1,-0.9,1,-0.37,10,68.55,5,10.81,1,16.28,5,0,1,406,7
45130,2016,전라북도 군산시,,,36.99,5,-2.31,10,,,26.62,5,0.43,5,35846.44,6,407,4,38.02,6,27.51,6,3.65,5,39.58,4,0.56,1,-0.47,10,71.31,5,20.98,4,14.57,5,0,1,76,6
45140,2016,전라북도 익산시,,,43.93,6,-3.2,10,,,20.87,5,0.4,5,23145.88,5,1010,6,23.94,5,19.37,5,2.19,3,37.22,3,24.44,5,-0.56,10,83.9,6,26.61,5,20.25,5,0,1,144,7
45180,2016,전라북도 정읍시,,,45.29,6,-3.69,10,,,14.29,4,0.39,5,23906.18,5,169,1,18.35,4,39.06,6,1.53,2,67.84,5,8.2,1,-0.27,10,90.11,6,67.81,6,20.12,5,0.01,1,49,5
45190,2016,전라북도 남원시,,,48.56,6,-4.71,10,,,11.88,3,0.35,5,19858.73,4,66,1,13.52,3,40.28,6,1.2,1,98.53,6,234.43,7,-0.43,10,94.95,6,65.2,6,21.27,6,0.02,2,40,5
45210,2016,전라북도 김제시,,,39.32,5,-5.04,10,,,13.68,4,0.51,6,30656.28,5,103,1,23.58,5,17.35,5,1.54,2,84.57,6,62.08,7,-0.44,10,87.54,6,82.57,7,15.87,5,0.03,5,20,2
45710,2016,전라북도 완주군,,,30.3,5,-0.53,10,,,31.08,6,0.63,6,48789.04,6,228,1,68.88,7,16.66,5,1.38,1,58.97,5,-23.55,1,0.14,7,95.75,6,50.11,6,14.98,5,0.02,3,22,3
45720,2016,전라북도 진안군,,,39.97,5,-2.02,10,,,15.19,4,0.38,5,24256.32,5,47,1,11.93,2,33.56,6,0.4,1,184.27,7,54.26,6,0.14,7,98.13,6,155.74,7,42.27,7,0.07,6,35,5
45730,2016,전라북도 무주군,,,40.43,5,-4.54,10,,,17.88,5,0.4,5,29404.3,5,14,1,19.38,4,23.33,6,0.63,1,163.86,7,35.91,6,-0.29,10,97.41,6,122.06,7,33.25,6,0.04,5,19,2
45740,2016,전라북도 장수군,,,43.23,6,-0.29,10,,,16.73,4,0.3,4,22694.01,5,53,1,12.93,2,44.12,6,0.48,1,176.79,7,14.45,4,2.11,7,95.32,6,134.82,7,26.49,6,0.01,1,19,2
45750,2016,전라북도 임실군,,,42.25,6,-0.87,10,,,15.62,4,0.38,5,24831.54,5,28,1,14.33,3,46.9,7,0.65,1,168.13,7,15.49,4,0.43,7,97.49,6,139.07,7,23.63,6,0.04,6,17,1
45770,2016,전라북도 순창군,,,48.04,6,-0.92,10,,,13.12,3,0.37,5,25391.53,5,51,1,14.52,3,12.71,4,1.1,1,163.35,7,-19.58,1,-0.64,10,93.43,6,143.47,7,21.96,6,0.09,7,14,1
45790,2016,전라북도 고창군,,,41.96,6,-1.1,10,,,15.42,4,0.36,5,23532.11,5,104,1,13.72,3,8.23,2,1.29,1,94.35,6,2,1,1.61,7,96.25,6,109.02,7,23.24,6,0.11,7,25,3
45800,2016,전라북도 부안군,,,46.84,6,-3.42,10,,,16.25,4,0.39,5,22718.43,5,22,1,15.47,3,95.9,7,1.56,2,96.42,6,38.48,6,0.95,7,96.53,6,94.85,7,27.89,6,0.01,1,22,3
46110,2016,전라남도 목포시,,,50.42,6,-3.96,10,,,23.49,5,0.34,5,16348.13,3,169,1,12.97,2,28.88,6,12.64,7,48.42,4,32.81,6,-0.42,10,58.34,5,13.41,2,25.06,6,0,1,125,7
46130,2016,전라남도 여수시,,,35.47,5,-3.08,10,,,30.76,6,0.48,6,71638.93,7,322,3,48.4,6,23.2,6,2.93,4,62.17,5,144.41,7,-0.57,10,63.71,5,26.48,5,28.3,6,0,1,74,6
46150,2016,전라남도 순천시,,,48.24,6,-2.63,10,,,26.19,5,0.39,5,19664.08,4,437,4,17.47,4,39.05,6,1.59,2,50.88,5,9.84,2,-0.23,10,57.71,5,31.2,5,22.61,6,0,1,69,6
46170,2016,전라남도 나주시,,,37.68,5,10.27,8,,,17.49,4,0.55,6,35529.45,6,609,5,44.91,6,73.45,7,1.51,2,101.61,6,-50.02,10,5.91,7,27.05,2,72.46,6,22.65,6,0,1,41,5
46230,2016,전라남도 광양시,,,27.56,4,-3.47,10,,,35.45,6,0.57,6,61915.19,6,247,2,69.47,7,76.49,7,3.18,5,64.14,5,-15.65,1,0.85,7,34.09,3,27.78,5,27.5,6,0,1,38,5
46710,2016,전라남도 담양군,,,39.08,5,-1.62,10,,,16.64,4,0.54,6,26139.07,5,106,1,16.78,3,32.02,6,0.83,1,136.49,6,-3.77,1,0.79,7,42.5,4,96.45,7,18.2,5,0.01,1,8,1
46720,2016,전라남도 곡성군,,,34.91,5,0.73,10,,,12.7,3,0.47,5,30161.81,5,25,1,35.89,6,22.26,6,0.63,1,195.35,7,33.77,6,-0.19,10,45.56,4,130.59,7,25.13,6,0.03,5,10,1
46730,2016,전라남도 구례군,,,48.16,6,-6.99,10,,,9.91,2,0.3,4,19328.1,4,10,1,14.13,3,18.06,5,0.51,1,206.77,7,20.9,5,1.07,7,40.91,4,133.31,7,32.49,6,0.07,6,5,1
46770,2016,전라남도 고흥군,,,48.99,6,-5.58,10,,,12.61,3,0.35,5,18546.5,4,34,1,12.06,2,20.97,5,0.71,1,125.47,6,60.74,7,-0.27,10,31.42,2,116.95,7,16.8,5,0.02,2,13,1
46780,2016,전라남도 보성군,,,43.85,6,-3.37,10,,,11.09,3,0.36,5,18062,4,32,1,11.86,2,25.81,6,0.63,1,150.03,7,22.81,5,-1.18,10,23.86,1,117.95,7,20.46,5,0.04,5,13,1
46790,2016,전라남도 화순군,,,45.12,6,-6.11,10,,,21.03,5,0.48,5,22360.73,4,81,1,25.11,5,29.22,6,0.64,1,112.59,6,-2.95,1,-0.38,10,41.84,4,83.54,7,22.01,6,0.01,1,19,2
46800,2016,전라남도 장흥군,,,47.83,6,-5.2,10,,,11.56,3,0.4,5,22262.71,4,38,1,9.65,1,28.41,6,0.84,1,155.7,7,78.22,7,-6.13,10,65.94,5,125.25,7,29.29,6,0.01,1,14,1
46810,2016,전라남도 강진군,,,44.13,6,-5.24,10,,,10.18,2,0.34,5,20113.5,4,25,1,12.37,2,64.33,7,1.32,1,167.15,7,24.2,5,-2.2,10,42.36,4,110.07,7,19.93,5,0.01,1,17,1
46820,2016,전라남도 해남군,,,44.92,6,-3.36,10,,,12.12,3,0.37,5,24593.55,5,43,1,14.14,3,10.72,3,0.37,1,111.21,6,102.19,7,-1.33,10,21.94,1,97.53,7,15.58,5,,0,9,1
46830,2016,전라남도 영암군,,,21.93,4,-5.16,10,,,13.73,4,0.87,6,66090.93,6,95,1,84.61,7,45.52,7,1.43,1,113.21,6,7.77,1,-1.94,10,54.64,5,91.74,7,27.21,6,0.01,1,13,1
46840,2016,전라남도 무안군,,,48.7,6,-0.4,10,,,16.11,4,0.3,4,40059.24,6,159,1,12.36,2,11.64,4,1.56,2,77.88,6,52.69,6,-0.15,10,19.36,1,59.72,6,18.52,5,0.02,4,21,3
46860,2016,전라남도 함평군,,,40.18,5,-4.54,10,,,12,3,0.42,5,23918.63,5,23,1,14.34,3,16.02,5,1.81,3,173.86,7,14.33,4,-0.66,10,41.17,4,134.48,7,19.26,5,0.04,6,7,1
46870,2016,전라남도 영광군,,,38.75,5,-3.01,10,,,13.43,4,0.41,5,59016.15,6,59,1,32.88,5,24.74,6,1.24,1,126.42,6,63.57,7,-0.78,10,47.58,4,83.85,7,40.09,6,0.02,4,19,2
46880,2016,전라남도 장성군,,,34.34,5,-2.53,10,,,21.09,5,0.5,6,36191.48,6,125,1,24.23,5,9.99,3,1.7,2,142.13,6,86.46,7,-0.41,10,31.81,3,94.77,7,36.36,6,0.05,6,8,1
46890,2016,전라남도 완도군,,,46.58,6,-2.38,10,,,12.64,3,0.31,4,18353.16,4,25,1,8.98,1,27.95,6,0.92,1,136.3,6,18.96,5,-0.35,10,31.77,2,74.23,6,20.65,5,0.02,4,10,1
46900,2016,전라남도 진도군,,,40.77,5,-5.18,10,,,10,2,0.33,5,20922.28,4,20,1,7.52,1,24.52,6,0.79,1,182.01,7,27.89,5,-0.38,10,20.65,1,107.25,7,49.01,7,0.01,2,9,1
46910,2016,전라남도 신안군,,,34.2,5,-2.75,10,,,10.2,2,0.22,3,23122.36,5,12,1,9.99,1,70.83,7,0.72,1,197.55,7,53.93,6,-0.79,10,46.69,4,128.69,7,29.74,6,0.01,1,3,1
47110,2016,경상북도 포항시,,,36.8,5,-3.35,10,,,35.22,6,0.42,5,32856.54,5,2531,7,38.71,6,27.16,6,1.98,3,40.07,4,-45.7,10,-0.81,10,76.1,5,12.63,2,18.2,5,0.01,1,152,7
47130,2016,경상북도 경주시,,,35.27,5,-3.12,10,,,25.59,5,0.57,6,40423.04,6,555,5,46.43,6,13.03,4,1.53,2,58.57,5,-8.75,1,0.01,1,38.21,3,25.08,4,18.07,5,0.01,1,71,6
47150,2016,경상북도 김천시,,,37.76,5,0.21,10,,,25.84,5,0.43,5,32510.8,5,257,2,37.14,6,32.89,6,1.22,1,80.24,6,35.47,6,1.51,7,37,3,37.93,6,13.76,4,0.01,1,28,4
47170,2016,경상북도 안동시,,,48.09,6,-2.77,10,,,15.14,4,0.34,5,26545.27,5,242,2,17.2,4,40.99,6,0.87,1,78.43,6,7.98,1,-0.21,10,45.73,4,34.13,5,18.18,5,0.01,1,77,6
47190,2016,경상북도 구미시,,,37.01,5,-1.8,10,,,44.25,6,0.55,6,66956.55,6,1382,6,67.06,6,39.6,6,3.09,5,38.82,4,-45.58,10,-0.68,10,58.13,5,10.76,1,23.9,6,0,1,92,6
47210,2016,경상북도 영주시,,,42.63,6,-4.24,10,,,23.09,5,0.36,5,27366.98,5,68,1,21.27,4,18.49,5,1.2,1,88.02,6,89.67,7,-0.14,10,83.42,6,35.61,5,15.3,5,0.04,5,27,4
47230,2016,경상북도 영천시,,,35.89,5,-4.89,10,,,17.51,4,0.57,6,33991.09,5,236,1,35.12,6,6.3,1,0.94,1,99.7,6,-9.28,1,0.29,7,54.86,5,46.67,6,25.63,6,0.05,6,27,4
47250,2016,경상북도 상주시,,,45.72,6,-3.16,10,,,13.97,4,0.33,5,22491.3,4,81,1,13.62,3,24.35,6,0.64,1,114.59,6,16.9,4,0.09,6,30.75,2,63.12,6,21.24,6,0.01,1,24,3
47280,2016,경상북도 문경시,,,47.19,6,-5.8,10,,,19.88,5,0.34,5,19729.61,4,69,1,16.39,3,35.25,6,0.34,1,125.85,6,20.43,5,-1,10,15.04,1,57.68,6,26.92,6,0.02,3,28,4
47290,2016,경상북도 경산시,,,38.65,5,-1.17,10,,,30.75,6,0.45,5,29706,5,977,6,31.82,5,18.07,5,2.94,4,40.46,4,-35.7,10,-0.01,1,45.1,4,16.49,3,13.2,4,0.01,1,51,5
47720,2016,경상북도 군위군,,,34.28,5,-2.71,10,,,11.28,3,0.5,6,30396.05,5,18,1,22.17,4,39.91,6,0.64,1,222.38,7,-25.62,1,1.2,7,88.81,6,102.46,7,35.56,6,0.02,4,10,1
47730,2016,경상북도 의성군,,,42.04,6,-3.38,10,,,13.17,3,0.31,4,22665.22,4,50,1,12.34,2,34.25,6,0.8,1,159.82,7,32.74,6,0.22,7,39.48,3,102.49,7,22.31,6,0.01,1,14,1
47750,2016,경상북도 청송군,,,49.41,6,-4.55,10,,,11.9,3,0.36,5,24229.88,5,14,1,13.68,3,18.54,5,0.49,1,203.72,7,-31.65,10,0.42,7,27.04,2,93.15,7,18.55,5,0.04,6,9,1
47760,2016,경상북도 영양군,,,39.51,5,0.84,10,,,13.56,4,0.24,4,22068.31,4,3,1,8.55,1,38.8,6,0.34,1,279.92,7,1.47,1,-0.15,10,34.94,3,104.12,7,22.4,6,0.03,5,4,1
47770,2016,경상북도 영덕군,,,47.08,6,-3.23,10,,,13.51,4,0.33,5,20154.51,4,24,1,13.11,2,55.43,7,0.17,1,155.31,7,-22.88,1,0.56,7,51.49,4,75.94,7,20.74,5,0.02,4,8,1
47820,2016,경상북도 청도군,,,47.38,6,-1.65,10,,,15.7,4,0.41,5,22679.25,5,71,1,14.34,3,34.35,6,0.24,1,138.66,6,24.61,5,0.51,7,41.82,4,83.32,7,20.52,5,0.02,4,13,1
47830,2016,경상북도 고령군,,,29.17,5,-6.61,10,,,16.77,4,0.8,6,40173.75,6,78,1,31.91,5,20.78,5,2.56,4,155.01,7,38.56,6,-0.59,10,65.41,5,66.28,6,37.14,6,0.02,2,7,1
47840,2016,경상북도 성주군,,,30.27,5,-4.8,10,,,15.28,4,0.61,6,40838.34,6,108,1,27.75,5,11.99,4,0.96,1,141.1,6,-5.51,1,0.89,7,32.12,3,74.53,6,23.07,6,0.02,4,14,1
47850,2016,경상북도 칠곡군,,,34.68,5,-2.06,10,,,27.03,6,0.58,6,32354.72,5,213,1,33.19,5,36.95,6,3,4,62.07,5,-16.51,1,-0.22,10,65.07,5,24.23,4,16.41,5,0.01,1,32,4
47900,2016,경상북도 예천군,,,44.43,6,7.3,8,,,10.86,3,0.28,4,23199.48,5,19,1,11.71,2,13.68,4,1.16,1,142.95,6,-13.96,1,3.98,7,43.49,4,81.54,7,20.61,5,0.07,6,13,1
47920,2016,경상북도 봉화군,,,29.65,5,-5.21,10,,,9.64,2,0.37,5,31383.7,5,9,1,14.94,3,22.11,6,0.84,1,186.81,7,29.88,6,-0.1,10,1.74,1,85.38,7,23.93,6,0.03,5,6,1
47930,2016,경상북도 울진군,,,38.76,5,-4.34,10,,,15.95,4,0.4,5,47286.68,6,42,1,44.87,6,28.65,6,0.62,1,128.66,6,37.06,6,0.19,7,53,5,54.98,6,21.4,6,0.02,4,19,2
47940,2016,경상북도 울릉군,,,38.01,5,-10.59,10,,,17.34,4,0.36,5,28761.42,5,2,1,12.54,2,25.05,6,1.17,1,438.16,7,-21.54,1,-1.3,10,49.75,4,33.73,5,40.96,6,0.14,7,6,1
48110,2016,경상남도 창원시,,,38.52,5,-3.71,10,,,42.62,6,0.47,5,34489.49,6,2702,7,42.21,6,24.55,6,2.3,4,33.75,3,59.31,7,-0.93,10,68.08,5,10.97,1,14.51,5,0,1,313,7
48170,2016,경상남도 진주시,,,45.56,6,-2.19,10,,,31.75,6,0.39,5,20070.77,4,661,5,21.55,4,30.14,6,2.41,4,33.3,3,0.03,1,0.48,7,45.57,4,16.97,3,19.67,5,0,1,89,6
48220,2016,경상남도 통영시,,,42.49,6,-2.85,10,,,23.54,5,0.35,5,29214.55,5,72,1,19.66,4,37.13,6,2.26,4,51.46,5,7.94,1,-0.85,10,64.59,5,19.16,4,23.05,6,0,1,20,2
48240,2016,경상남도 사천시,,,35.46,5,-3.22,10,,,22.48,5,0.54,6,35203.49,6,146,1,46.47,6,24.95,6,2.32,4,60.32,5,35.62,6,-0.51,10,25.74,1,34.58,5,24.65,6,0.01,2,27,4
48250,2016,경상남도 김해시,,,38.29,5,-3.66,10,,,41.32,6,0.5,6,28179.2,5,1111,6,27.93,5,24.38,6,4.25,5,24.08,1,93.76,7,-0.42,10,59.01,5,11.44,1,14.3,5,0,1,53,6
48270,2016,경상남도 밀양시,,,39.76,5,-2.77,10,,,19.01,5,0.38,5,24466.75,5,141,1,20.38,4,19.03,5,1.01,1,63.69,5,0.68,1,0.84,7,50.17,4,43.74,6,38.31,6,0.01,1,19,2
48310,2016,경상남도 거제시,,,26.58,4,-0.3,10,,,41.53,6,0.62,6,40648.14,6,764,6,86.01,7,36.02,6,2.61,4,30.72,3,-62.46,10,-0.38,10,33.16,3,13.8,2,16.43,5,0,1,22,3
48330,2016,경상남도 양산시,,,38.92,5,1.53,10,,,40.46,6,0.5,6,34339.94,6,535,5,37.58,6,19.77,5,3.3,5,28.74,2,0.55,1,4.46,7,58.88,5,10.68,1,15.26,5,0,1,39,5
48720,2016,경상남도 의령군,,,37.23,5,-5.68,10,,,16.9,4,0.38,5,28578.42,5,16,1,19.74,4,69.04,7,1.4,1,152.06,7,87.35,7,-0.49,10,32.61,3,118.95,7,29.25,6,0.01,1,7,1
48730,2016,경상남도 함안군,,,26.35,4,-2.98,10,,,25.65,5,0.81,6,53685.39,6,122,1,52.93,6,25.93,6,1.54,2,67.15,5,-20.94,1,-0.11,10,73.57,5,56.1,6,18.03,5,0.01,1,15,1
48740,2016,경상남도 창녕군,,,35.95,5,-2.22,10,,,15.29,4,0.5,6,35369.01,6,66,1,30.08,5,54.77,7,1.57,2,76.96,6,10.14,2,0.82,7,71.92,5,71.05,6,18.56,5,0.01,1,16,1
48820,2016,경상남도 고성군,,,36.98,5,-2.25,10,,,16.98,4,0.46,5,47236.64,6,47,1,31.97,5,24.66,6,2.37,4,90.73,6,70.33,7,-0.4,10,54.04,5,67.47,6,16.87,5,,0,20,2
48840,2016,경상남도 남해군,,,49.53,6,-4,10,,,15.64,4,0.34,5,19695.25,4,26,1,10.67,1,23.59,6,0.93,1,98.01,6,12.23,3,-0.34,10,32.78,3,64.83,6,20.91,5,0.03,5,10,1
48850,2016,경상남도 하동군,,,42.1,6,-9.14,10,,,14.41,4,0.33,5,45807.08,6,43,1,21.42,4,26.93,6,1.21,1,102.67,6,-20.13,1,-0.49,10,60.44,5,90.22,7,19.61,5,0.03,4,11,1
48860,2016,경상남도 산청군,,,42.56,6,-6.3,10,,,12.92,3,0.4,5,24876.06,5,50,1,14.26,3,19.59,5,0.88,1,121.13,6,-7.5,1,0.86,7,10.4,1,112.13,7,25.09,6,0.02,2,13,1
48870,2016,경상남도 함양군,,,44.05,6,-4.83,10,,,14.51,4,0.36,5,21286.72,4,47,1,13.37,2,29.59,6,0.76,1,111.36,6,93.13,7,0.49,7,32.16,3,113.4,7,21.83,6,0.02,3,10,1
48880,2016,경상남도 거창군,,,43.08,6,-2.16,10,,,16.49,4,0.35,5,33053.09,5,46,1,15.24,3,13.53,4,1.22,1,79.3,6,-10.39,1,0.49,7,24.84,1,76.06,7,18.14,5,0.01,1,14,1
48890,2016,경상남도 합천군,,,42.42,6,-9.23,10,,,13.34,3,0.31,4,19908.38,4,24,1,11.68,2,7.04,1,0.92,1,113.44,6,47.3,6,-1.22,10,39.18,3,125.23,7,29.4,6,0.13,7,10,1
49110,2016,제주특별자치도 제주시,,,46.57,6,-0.97,10,,,37.84,6,0.47,5,25201.93,5,576,5,17.92,4,11.76,4,2.03,3,18.52,1,10.81,2,1.81,7,64.69,5,7.49,1,18.26,5,0.02,4,273,7
49130,2016,제주특별자치도 서귀포시,,,48.44,6,2.19,10,,,37.84,6,0.41,5,29979.62,5,113,1,17.66,4,19.32,5,1.82,3,44.4,4,44.33,6,3.56,7,52.3,4,10.34,1,26.13,6,0.05,6,69,6
11110,2015,서울특별시 종로구,32.43,6,43.96,6,-12.23,10,61.34,5,56.25,7,2.02,7,180898.76,7,,,176.2,7,24.85,6,13.77,7,80.96,6,18.08,1,,,91.93,6,6.36,1,38.6,6,2,7,,
11140,2015,서울특별시 중구,27.68,6,44.57,6,-13,10,60.01,5,65.75,7,4.11,7,386969.27,7,,,312.21,7,12.85,4,19.35,7,102.61,6,-56.3,1,,,86.72,6,5.93,1,41.77,7,1.67,7,,
11170,2015,서울특별시 용산구,35.26,7,42.73,6,-9.04,10,58.58,5,47.85,6,0.73,6,44177.21,6,,,49.48,6,2.25,1,14.86,7,57.12,5,-32.87,1,,,90.54,6,6.13,1,13.43,4,0.09,1,,
11200,2015,서울특별시 성동구,30.27,6,40.29,5,-16.4,10,60.44,5,39.4,6,0.66,6,35363.43,6,,,30.7,6,4.98,1,14.59,7,43.7,4,68.05,5,,,70.31,5,6.7,1,13.75,5,0.27,5,,
11215,2015,서울특별시 광진구,28.99,6,42.71,6,-17.21,10,60.15,5,30.87,6,0.37,5,16567.06,3,,,14.28,4,1.87,1,27.87,7,32.74,3,130.64,6,,,90.7,6,4.3,1,23.56,6,0,1,,
11230,2015,서울특별시 동대문구,24.04,6,47.13,6,-10.27,10,60.51,5,29.37,6,0.43,5,19936.2,4,,,18.2,4,2.8,1,13.95,7,36,3,-73.32,1,,,86.17,6,5.89,1,16.63,5,0,1,,
11260,2015,서울특별시 중랑구,18.13,6,49.26,6,-18.72,10,57.33,5,23.91,5,0.24,4,9695.74,1,,,9.06,1,5.71,1,15.37,7,30.97,3,71.43,5,,,90.37,6,5.59,1,11.62,4,0.1,1,,
11290,2015,서울특별시 성북구,27.28,6,50.74,6,-12.52,10,59.95,5,24.43,5,0.26,4,11359.67,1,,,9.18,1,7.2,1,25.68,7,33.21,3,68.9,5,,,88.96,6,5.23,1,12.29,4,0,1,,
11305,2015,서울특별시 강북구,18.26,6,54.83,6,-18.6,10,57.61,5,21.81,5,0.21,3,8553.58,1,,,7.06,1,4.69,1,5.29,6,36.86,3,-1.42,1,,,88.85,6,5.67,1,11.84,4,0.09,1,,
11320,2015,서울특별시 도봉구,22.75,6,49.79,6,-19.44,10,61.2,5,22.79,5,0.19,3,8019.69,1,,,7.82,1,6.39,1,8.86,6,34.13,3,-16.39,1,,,89.31,6,6.31,1,10.64,4,0.06,1,,
11350,2015,서울특별시 노원구,26.87,6,54.08,6,-18.35,10,63.15,5,17.55,5,0.21,3,9211.49,1,,,8.52,1,3.28,1,7.21,6,24.92,2,-35.57,1,,,83.75,6,6.04,1,12.74,4,0.07,1,,
11380,2015,서울특별시 은평구,24.87,6,53.44,6,-8.98,10,58.66,5,22.02,5,0.18,2,7892.49,1,,,6.54,1,7.06,1,4.83,6,26.88,2,304.66,7,,,82.71,6,4.82,1,10.36,4,0.06,1,,
11410,2015,서울특별시 서대문구,29.46,6,51.37,6,-17.53,10,61.68,5,30.43,6,0.41,5,23874.49,5,,,22.28,5,5.01,1,19.95,7,42.65,4,-2.95,1,,,88.99,6,5.41,1,16.05,5,0.19,4,,
11440,2015,서울특별시 마포구,35.2,7,43.6,6,-9.35,10,62.1,5,40.93,6,0.82,6,42192.77,6,,,45.88,6,8.27,2,20,7,35.28,3,94.37,6,,,88.72,6,5.65,1,12.84,4,0.28,5,,
11470,2015,서울특별시 양천구,30.5,6,46.62,6,-15.26,10,62.46,5,28.72,6,0.26,4,12429.11,2,,,11.82,3,3.54,1,19.19,7,27.15,2,-59.99,1,,,79.91,6,5.57,1,15.38,5,0,1,,
11500,2015,서울특별시 강서구,27.57,6,45.06,6,-12.06,10,60.67,5,26,6,0.4,5,18231.53,4,,,22.45,5,5.96,1,11.44,7,25.03,2,107.75,6,,,74.46,6,5.33,1,13.67,5,0.07,1,,
11530,2015,서울특별시 구로구,25.69,6,41.78,6,-9.7,10,62.43,5,27.07,6,0.6,6,28346.69,5,,,28.5,6,2.55,1,31.98,7,30,3,-30.48,1,,,78.86,6,6.24,1,14.11,5,0.02,1,,
11545,2015,서울특별시 금천구,19.02,6,35.9,5,-19.9,10,58.16,5,31.59,6,1.19,7,63503.88,6,,,67.83,7,0.52,1,20.09,7,50.2,5,145.99,6,,,83.05,6,5.09,1,17,5,0.04,1,,
11560,2015,서울특별시 영등포구,34.02,6,40.92,5,-18.4,10,61.38,5,46.26,6,1.24,7,73187.33,7,,,125.82,7,2.22,1,14.67,7,36.42,3,-46.76,1,,,87.66,6,7.61,1,20.9,6,0.13,3,,
11590,2015,서울특별시 동작구,34.41,7,48.67,6,-11.87,10,63.41,6,28.74,6,0.28,4,12941.28,2,,,16.43,4,11.3,4,23.94,7,31.71,3,52.12,4,,,91.78,6,4.99,1,10.66,4,0.02,1,,
11620,2015,서울특별시 관악구,30.49,6,48.23,6,-18.95,10,60.22,5,25.27,5,0.23,3,10513.28,1,,,9.62,2,1.76,1,12.2,7,27.16,2,-41.54,1,,,87.11,6,3.95,1,10.41,4,0.08,1,,
11650,2015,서울특별시 서초구,50.34,7,38.03,5,4.04,10,62.34,5,64.04,7,1.32,7,66016.08,6,,,87.2,7,4.48,1,8.31,6,33.21,3,-46.86,1,,,90.7,6,4.16,1,21.59,6,0.02,1,,
11680,2015,서울특별시 강남구,48.75,7,42.79,6,-3.84,10,59.54,5,66.22,7,1.66,7,104045.16,7,,,123.77,7,7.96,2,15.33,7,27.07,2,-9.44,1,,,80.45,6,4.35,1,30.15,6,0,1,,
11710,2015,서울특별시 송파구,37.95,7,39.09,5,-13.91,10,62.22,5,49.3,6,0.56,6,33321.43,5,,,31.56,6,3.52,1,12.09,7,23.06,1,-85.08,1,,,88.09,6,3.73,1,12.94,4,0,1,,
11740,2015,서울특별시 강동구,27.91,6,45.16,6,-18.22,10,60.93,5,32.21,6,0.35,5,16187.9,3,,,17.88,4,7.69,2,14.78,7,27.93,2,6.91,1,,,87.46,6,4.68,1,14.51,5,0.02,1,,
26110,2015,부산광역시 중구,17.17,5,40.62,5,-23.82,10,56.96,5,27.46,6,1.8,7,62155.71,6,,,83.31,7,116.46,7,7.55,6,107.48,6,121.03,6,,,84.35,6,9.38,1,30.19,6,1.09,7,,
26140,2015,부산광역시 서구,17.35,6,48.95,6,-21.9,10,55.97,5,14.51,4,0.42,5,19327.1,4,,,28.32,5,17,5,5.91,6,53.94,5,485.22,7,,,91.52,6,8.96,1,10.77,4,0.17,4,,
26170,2015,부산광역시 동구,15.43,5,46.72,6,-24.78,10,58.88,5,17.15,4,1.02,7,53284.11,6,,,41.08,6,0.8,1,8.68,6,65.22,5,82.2,5,,,92.11,6,10.74,1,13.82,5,0.11,2,,
26200,2015,부산광역시 영도구,13.34,5,36,5,-24.89,10,56.48,5,11.43,3,0.32,5,14955.98,3,,,18.27,4,6.75,1,6.77,6,45.89,4,146.37,6,,,83.1,6,8.54,1,12.37,4,0.08,1,,
26230,2015,부산광역시 부산진구,20.56,6,49.62,6,-17.28,10,58.58,5,24.17,5,0.47,5,20837.39,4,,,20.51,5,16.31,5,7.98,6,24.23,1,247.63,7,,,94.71,6,7.76,1,16.53,5,0,1,,
26260,2015,부산광역시 동래구,23.91,6,50.76,6,-14.61,10,59.52,5,22.73,5,0.34,5,12100.39,2,,,13.08,3,18.71,5,5.49,6,25.01,2,89.45,5,,,92.56,6,7.32,1,11.22,4,0.04,1,,
26290,2015,부산광역시 남구,22.57,6,40.92,5,-14.88,10,59.32,5,26.14,6,0.29,4,20142.56,4,,,19.51,5,8.83,2,4.88,6,25.75,2,-2.31,1,,,88.75,6,7.53,1,12.03,4,0.04,1,,
26320,2015,부산광역시 북구,18.84,6,58.24,6,-20.03,10,59.69,5,15.49,4,0.17,2,7922.88,1,,,9.24,1,2.74,1,3.16,5,23.92,1,174.19,6,,,96.71,6,6.75,1,11.52,4,0.06,1,,
26350,2015,부산광역시 해운대구,27.47,6,51.32,6,-14.6,10,57.76,5,31.33,6,0.33,5,15324.96,3,,,17.02,4,7.73,2,3.57,5,22.59,1,14.64,1,,,86.58,6,6.96,1,15.04,5,0.17,4,,
26380,2015,부산광역시 사하구,17.36,6,40.06,5,-18.58,10,57.6,5,19.22,5,0.36,5,17941.35,4,,,21.96,5,3.32,1,4.9,6,24.05,1,106.28,6,,,80.01,6,6.37,1,11.34,4,0.06,1,,
26410,2015,부산광역시 금정구,24.2,6,39.87,5,-15.98,10,59.67,5,23.51,5,0.39,5,18406.62,4,,,18.56,4,5.41,1,3.53,5,30,3,193.96,7,,,95.35,6,6.96,1,12.25,4,0.04,1,,
26440,2015,부산광역시 강서구,22.15,6,23.31,4,87.26,8,63.49,6,50.3,6,1.7,7,133042.54,7,,,132.88,7,171.99,7,4.05,5,60.37,5,22.88,1,,,74.79,6,19.54,4,24.75,6,0.32,5,,
26470,2015,부산광역시 연제구,23.91,6,48.29,6,-12.98,10,60.84,5,22.36,5,0.45,5,28560.5,5,,,17.39,4,0.41,1,4.75,6,29.51,2,195.7,7,,,97.01,6,7.8,1,12.39,4,0.09,1,,
26500,2015,부산광역시 수영구,26.99,6,44.76,6,-15.68,10,59.26,5,23.67,5,0.32,5,14480.8,3,,,14.41,4,0.93,1,11.89,7,31.57,3,131.5,6,,,97.34,6,6.23,1,13.45,4,0.22,5,,
26530,2015,부산광역시 사상구,14.35,5,37.55,5,-23.51,10,59.37,5,24.83,5,0.58,6,26940.07,5,,,25.85,5,3.06,1,4.77,6,28.37,2,99.35,6,,,85.68,6,6.97,1,14.61,5,0.13,2,,
26710,2015,부산광역시 기장군,20.01,6,37.49,5,61.28,8,61.53,5,35.26,6,0.48,6,34213.87,6,,,29.47,6,132.1,7,2.73,4,43.09,4,67.86,5,,,90.45,6,21.61,4,22.78,6,0.2,4,,
27110,2015,대구광역시 중구,24.76,6,56.87,6,-0.51,10,57.54,5,31.7,6,1.29,7,55127.58,6,,,48.52,6,0.63,1,12.17,7,77.27,6,1090.97,7,,,85.39,6,10.58,1,31.09,6,0.74,7,,
27140,2015,대구광역시 동구,18.83,6,43.41,6,-6.66,10,57.73,5,17.79,5,0.33,5,15942.75,3,,,17.46,4,6.29,1,2.19,3,26.23,2,391.14,7,,,88.15,6,8.7,1,11.58,4,0.09,1,,
27170,2015,대구광역시 서구,10.86,4,41.05,5,-25.95,10,55.45,5,16.94,4,0.38,5,16546.93,3,,,19.52,5,2.88,1,7.74,6,34.9,3,24.08,1,,,74.2,6,7.49,1,9.49,3,0,1,,
27200,2015,대구광역시 남구,18.72,6,51.61,6,-21.24,10,54.42,5,14.8,4,0.31,4,13750.52,3,,,16.07,4,0.64,1,6.62,6,38.82,4,726.18,7,,,73.56,6,8.74,1,10.82,4,0.25,5,,
27230,2015,대구광역시 북구,17.7,6,42.06,6,-15.71,10,57.01,5,20.45,5,0.35,5,19934.48,4,,,14.6,4,3.85,1,3.09,5,21.72,1,72.01,5,,,82.53,6,8.22,1,12.24,4,0,1,,
27260,2015,대구광역시 수성구,31.68,6,46.19,6,-14.09,10,60.32,5,26.33,6,0.32,5,15555.39,3,,,11.32,2,8.94,3,2.48,4,22.23,1,31.97,2,,,84.15,6,7.03,1,16.76,5,0.02,1,,
27290,2015,대구광역시 달서구,19.88,6,41.8,6,-15.17,10,57.29,5,24.84,5,0.36,5,18590.91,4,,,19.91,5,4.13,1,4.88,6,18.01,1,319.75,7,,,64.3,5,5.88,1,14.06,5,0.07,1,,
27710,2015,대구광역시 달성군,14.86,5,32.35,5,-6.45,10,58.46,5,36.26,6,0.53,6,36499.17,6,,,38.9,6,30.56,6,1.3,1,42.58,4,240.1,7,,,85.24,6,17.81,3,17.49,5,0.05,1,,
28110,2015,인천광역시 중구,20.29,6,37.96,5,30.76,8,56.43,5,53.71,7,0.97,7,119155.21,7,,,112.19,7,0.79,1,0.88,1,49.4,4,1283.9,7,,,95.11,6,9.31,1,18.89,5,0.17,4,,
28140,2015,인천광역시 동구,11.48,5,28.78,5,-15.85,10,61.17,5,30.08,6,0.52,6,39979.68,6,,,52.81,6,0.93,1,7.05,6,63.04,5,-43.58,1,,,96.24,6,8.15,1,11.86,4,0,1,,
28170,2015,인천광역시 미추홀구,13.99,5,46.47,6,-17.74,10,55.22,5,22.62,5,0.3,4,14268.22,3,,,14.24,4,1.44,1,13.8,7,16.48,1,25.19,1,,,97.56,6,5.76,1,19.85,5,0,1,,
28185,2015,인천광역시 연수구,24.59,6,42.48,6,4.26,10,60.41,5,39.17,6,0.33,5,27091.46,5,,,28.59,6,2.62,1,2.79,4,22.16,1,-3.64,1,,,27.47,2,6.04,1,10.92,4,0.06,1,,
28200,2015,인천광역시 남동구,17.65,6,39.84,5,-2.09,10,57.18,5,33.93,6,0.49,6,29197.52,5,,,26.52,5,3.1,1,6.99,6,13.63,1,25.12,1,,,91.84,6,5.23,1,13.9,5,0.02,1,,
28237,2015,인천광역시 부평구,17.34,6,45.67,6,-19.26,10,56.86,5,22.5,5,0.3,4,16945.26,3,,,22.69,5,4.51,1,28.09,7,14.79,1,-20.54,1,,,92.99,6,5.63,1,16.32,5,0.02,1,,
28245,2015,인천광역시 계양구,15.81,5,48.98,6,-24.35,10,56.62,5,22.43,5,0.24,4,11477.03,2,,,11.65,3,2.62,1,6.79,6,22.56,1,-58.47,1,,,86.79,6,7.23,1,13.47,4,0,1,,
28260,2015,인천광역시 서구,17.44,6,35.38,5,8.05,10,56.82,5,40.02,6,0.38,5,38883.43,6,,,25.3,5,9.38,3,6.19,6,15.02,1,31.76,2,,,41.55,4,6.91,1,14.07,5,0,1,,
28710,2015,인천광역시 강화군,12.32,5,45.21,6,-10.12,10,65.54,6,14.85,4,0.31,5,15855,3,,,8.19,1,0.51,1,0.23,1,81.17,6,-12.3,1,,,99.56,6,46.61,6,30.8,6,0.59,6,,
28720,2015,인천광역시 옹진군,13.62,5,30.78,5,10.85,9,71.8,6,20.2,5,0.31,4,20493.94,4,,,33.63,6,0,1,0.02,1,310.06,7,23.41,1,,,96.43,6,43.44,6,33.67,6,0,1,,
29110,2015,광주광역시 동구,26.04,6,53.27,6,-14.09,10,60.95,5,14.31,4,0.67,6,29460.33,5,,,35.11,6,3.28,1,2.21,3,46.91,4,2.65,1,,,90.03,6,15.38,3,29.39,6,0.2,4,,
29140,2015,광주광역시 서구,26.87,6,44.05,6,-15.82,10,61.94,5,24.02,5,0.5,6,30019.61,5,,,27.64,5,17.6,5,4.43,5,18.98,1,1922.42,7,,,85.87,6,10.02,1,18.45,5,0,1,,
29155,2015,광주광역시 남구,25.49,6,46.41,6,-10.12,10,60.85,5,12.92,4,0.28,4,12476.99,2,,,12.2,3,8.65,2,3.28,5,23.61,1,112.94,6,,,89.98,6,14.85,2,15.67,5,0.09,1,,
29170,2015,광주광역시 북구,23.28,6,43.72,6,-20.74,10,59.06,5,14.13,4,0.35,5,18237.51,4,,,17.42,4,18.61,5,3.34,5,16.86,1,86.19,5,,,84.21,6,11.63,1,17.9,5,0.02,1,,
29200,2015,광주광역시 광산구,18.91,6,38.47,5,-3.09,10,58.59,5,21.43,5,0.42,5,27332.67,5,,,32.14,6,11.31,4,2.65,4,17.85,1,-2.26,1,,,88.18,6,11.03,1,13.6,5,0.02,1,,
30110,2015,대전광역시 동구,16.11,5,43.2,6,-10.76,10,57.1,5,13.67,4,0.29,4,14015.35,3,,,13.05,3,2.14,1,1.75,2,24.36,1,62.86,5,,,63.44,5,9.02,1,13.45,4,0,1,,
30140,2015,대전광역시 중구,22.32,6,50.37,6,-15.21,10,59.62,5,17.71,5,0.4,5,16385.83,3,,,17.38,4,1.93,1,3.53,5,23.45,1,25.32,1,,,64.98,5,7.6,1,14.52,5,0.04,1,,
30170,2015,대전광역시 서구,27.13,6,50.83,6,-15.56,10,59.32,5,20.33,5,0.38,5,18218.26,4,,,13.78,3,13.28,4,3,5,14.15,1,36.54,3,,,63.97,5,5.78,1,15.46,5,0.06,1,,
30200,2015,대전광역시 유성구,35.69,7,37.2,5,4.91,10,62.76,5,33.2,6,0.46,5,34684.51,6,,,47.99,6,13.21,4,2.21,3,16.39,1,26.85,1,,,58.41,5,6.17,1,16.02,5,0.15,3,,
30230,2015,대전광역시 대덕구,16.46,5,32.22,5,-20.59,10,57.73,5,18.68,5,0.5,6,39709.58,6,,,45.62,6,7.43,1,3.49,5,27.07,2,-4.85,1,,,51.91,5,8.48,1,15.38,5,0,1,,
31110,2015,울산광역시 중구,17.34,6,49.39,6,-10.32,10,61.07,5,19.44,5,0.21,3,16430.63,3,,,10.39,2,14.6,4,5.28,6,20.38,1,152.59,6,,,85.69,6,7.18,1,14.57,5,0.04,1,,
31140,2015,울산광역시 남구,20.92,6,39.67,5,-16.42,10,60.25,5,36.76,6,0.56,6,73415.05,7,,,46.05,6,34.51,6,3.79,5,16.3,1,24.33,1,,,74.33,6,6.25,1,20.55,6,0.09,1,,
31170,2015,울산광역시 동구,14.41,5,22.8,4,-6.14,10,63.38,6,31.15,6,0.57,6,59441.36,6,,,120.92,7,26.16,6,3.71,5,24.72,1,-33.63,1,,,74.87,6,5.98,1,13.71,5,0.06,1,,
31200,2015,울산광역시 북구,15.08,5,23.89,4,-4.98,10,62.79,5,34.89,6,0.62,6,81096.28,7,,,105.13,7,21.86,5,1.56,2,24.95,2,50.55,4,,,82.75,6,10.24,1,14.76,5,0.05,1,,
31710,2015,울산광역시 울주군,16.46,5,25.82,4,-3.06,10,60.45,5,50.37,6,0.58,6,77749.47,7,,,60.17,7,62.07,7,0.79,1,31.32,3,84.78,5,,,67.64,5,21.89,4,17.74,5,0.23,5,,
36110,2015,세종특별자치시 세종시,27.49,6,37.87,5,,0,65.32,6,54.82,7,0.4,5,,0,,,28.56,6,110.55,7,6.18,6,39.68,4,,0,,,81.18,6,23.34,4,13.38,4,0.09,1,,
41110,2015,경기도 수원시,25.06,6,43.45,6,-4.55,10,61.1,5,59.57,7,0.38,5,25098.44,5,,,33.53,6,12.69,4,12.56,7,24.34,1,107.83,6,,,85.18,6,5.2,1,15.97,5,0.01,1,,
41130,2015,경기도 성남시,31.62,6,41.17,6,-14.1,10,54.61,5,61.87,7,0.53,6,28696.54,5,,,39.78,6,19.21,5,9.41,7,28.47,2,69,5,,,82.63,6,5.13,1,13.4,4,0,1,,
41150,2015,경기도 의정부시,16.63,5,52.37,6,-15.96,10,55.79,5,30.38,6,0.27,4,17093.64,4,,,10.15,2,8.48,2,8.75,6,26.49,2,729.77,7,,,85.09,6,8.21,1,17.73,5,0.07,1,,
41170,2015,경기도 안양시,26.99,6,42.31,6,-18.97,10,59.81,5,53.17,7,0.46,5,28890.99,5,,,19.78,5,14,4,10.58,7,29.6,2,104.58,6,,,84.16,6,5.12,1,14.94,5,0.02,1,,
41190,2015,경기도 부천시,19.59,6,47.34,6,-19.85,10,57.7,5,41,6,0.36,5,20147.46,4,,,14.26,4,7.79,2,15.42,7,27.58,2,219.25,7,,,77.35,6,6.29,1,15.16,5,0.05,1,,
41210,2015,경기도 광명시,21.69,6,44.55,6,-8.95,10,61.81,5,45.64,6,0.28,4,19467.49,4,,,16.9,4,10.72,3,13.22,7,30.03,3,358.37,7,,,77.71,6,4.38,1,12.55,4,0,1,,
41220,2015,경기도 평택시,15.33,5,34.35,5,-0.33,10,55.19,5,44.54,6,0.55,6,50032.48,6,,,46.52,6,8.36,2,2.58,4,40.3,4,128.22,6,,,89.2,6,13.97,2,13.79,5,0.04,1,,
41250,2015,경기도 동두천시,10.63,4,51.59,6,-10.2,10,54.73,5,18.48,5,0.3,4,16819.22,3,,,13.63,3,13.54,4,2.56,4,59.85,5,24.31,1,,,72.88,6,17.31,3,21.7,6,0.1,1,,
41270,2015,경기도 안산시,15.03,5,36.81,5,-19.46,10,53.58,5,47.87,6,0.5,6,35424.8,6,,,34.15,6,13.45,4,10.21,7,27.68,2,-0.61,1,,,72.8,6,5.76,1,16.68,5,0.06,1,,
41280,2015,경기도 고양시,28.8,6,46.01,6,-9.56,10,59.3,5,48.81,6,0.33,5,18850.67,4,,,12.27,3,9.72,3,7.75,6,25.66,2,407.65,7,,,77.07,6,7.5,1,15.54,5,0.02,1,,
41290,2015,경기도 과천시,42.71,7,41.83,6,-20.55,10,69.24,6,48.71,6,0.51,6,44248.03,6,,,39.42,6,115.53,7,5.1,6,75.56,6,2121.61,7,,,66.52,5,6.22,1,14.46,5,0.15,3,,
41310,2015,경기도 구리시,22.12,6,48.37,6,-19.97,10,59.73,5,42.33,6,0.36,5,21196.63,4,,,10.86,2,19.49,5,10.85,7,37.12,3,402.34,7,,,81.84,6,9.08,1,14.75,5,0.11,2,,
41360,2015,경기도 남양주시,19.88,6,43.99,6,4.08,10,55.69,5,38.65,6,0.26,4,13171.44,2,,,8.12,1,10.88,3,3.62,5,26.38,2,-7.49,1,,,77.16,6,10.69,1,13.73,5,0.03,1,,
41370,2015,경기도 오산시,16.67,5,47.45,6,7.76,10,54.73,5,42.55,6,0.32,5,26015.63,5,,,18.28,4,14.24,4,12.33,7,29.29,2,196.55,7,,,79.86,6,6.76,1,18.81,5,0,1,,
41390,2015,경기도 시흥시,12.97,5,32.68,5,-16.25,10,53.17,5,54.74,7,0.54,6,28778.83,5,,,24.89,5,16.05,5,12.19,7,27.46,2,444.79,7,,,73.78,6,8.66,1,17.54,5,0.05,1,,
41410,2015,경기도 군포시,26.4,6,42.11,6,-11.89,10,63.08,5,45.7,6,0.39,5,21732.24,4,,,17.41,4,9.61,3,10.58,7,28.69,2,85.19,5,,,77.6,6,5.99,1,11.84,4,0.07,1,,
41430,2015,경기도 의왕시,28.32,6,36.51,5,-8.59,10,63.63,6,45.65,6,0.33,5,20059.89,4,,,21.65,5,13.73,4,6.6,6,34.96,3,41.66,3,,,87.81,6,8.89,1,12.41,4,0,1,,
41450,2015,경기도 하남시,20.94,6,36.99,5,-0.12,10,59.3,5,49.47,6,0.43,5,24212.92,5,,,11.97,3,19.64,5,6.41,6,41.54,4,908.41,7,,,84.79,6,9.37,1,13.17,4,0,1,,
41460,2015,경기도 용인시,32.98,6,40.62,5,1.23,10,55.46,5,60.75,7,0.38,5,35564.32,6,,,29.63,6,12.34,4,3.87,5,24.33,1,135.34,6,,,85.45,6,9.6,1,14.72,5,0.02,1,,
41480,2015,경기도 파주시,18.45,6,37,5,13.67,9,56.7,5,43.97,6,0.5,6,34805.21,6,,,37.07,6,20.71,5,2.11,3,32.1,3,39.22,3,,,88.19,6,12.15,1,14.88,5,0.12,2,,
41500,2015,경기도 이천시,14.2,5,41.1,5,-6.06,10,55.7,5,47.35,6,0.59,6,57571.73,6,,,67.21,7,17.87,5,1.61,2,46.29,4,85.21,5,,,88.49,6,21.56,4,16.34,5,0.2,4,,
41550,2015,경기도 안성시,15.39,5,35.43,5,-4.73,10,56.01,5,37.31,6,0.57,6,40436.07,6,,,38.55,6,6.15,1,1.47,1,52.47,5,49.26,4,,,82.17,6,28.26,5,18.69,5,0.06,1,,
41570,2015,경기도 김포시,23.12,6,33.75,5,41.93,8,59.25,5,52.62,7,0.51,6,24369.6,5,,,17.14,4,18.5,5,4.99,6,28.33,2,24.03,1,,,78.13,6,11.2,1,12.46,4,0,1,,
41590,2015,경기도 화성시,20.8,6,27.79,5,13.6,9,56.74,5,61.47,7,0.89,6,83737.68,7,,,80.11,7,24.59,6,5.57,6,28.62,2,178.64,6,,,80.14,6,12.97,2,15.12,5,0,1,,
41610,2015,경기도 광주시,18.28,6,34.33,5,12.35,9,55.11,5,52.19,7,0.48,6,24149.73,5,,,15.78,4,9.52,3,2.37,4,33.37,3,26.09,1,,,89.49,6,10.47,1,14.63,5,0.1,1,,
41630,2015,경기도 양주시,13.43,5,35.17,5,-5.35,10,56.13,5,34.47,6,0.47,5,25609.1,5,,,16.13,4,18.16,5,4.96,6,42.39,4,12.27,1,,,76.01,6,16.36,3,18.6,5,0.05,1,,
41650,2015,경기도 포천시,10.3,4,34.19,5,-11.53,10,55.41,5,28.24,6,0.67,6,33085.96,5,,,24,5,17.09,5,0.87,1,60.6,5,-0.45,1,,,88.31,6,26.77,5,24.52,6,0.32,6,,
41730,2015,경기도 여주시,12.39,5,44.26,6,-8.62,10,55.26,5,36.59,6,0.4,5,26846.17,5,,,20.58,5,11.81,4,0.61,1,78.38,6,-4.2,1,,,92.55,6,35.46,5,20.47,6,0.27,5,,
41800,2015,경기도 연천군,10.31,4,38.28,5,-11.01,10,62.33,5,24.55,5,0.31,4,23433.24,5,,,8.65,1,27.81,6,0.45,1,143.89,6,31.3,2,,,77.69,6,29.53,5,22.97,6,0.87,7,,
41820,2015,경기도 가평군,14.69,5,47.17,6,-4.87,10,64.23,6,25.18,5,0.4,5,25240.78,5,,,13.31,3,19.71,5,1.13,1,101.02,6,-31.16,1,,,92.11,6,32.63,5,22.56,6,0.32,6,,
41830,2015,경기도 양평군,18.27,6,46.52,6,6.93,10,61.49,5,22.91,5,0.26,4,18150.25,4,,,8.05,1,9.82,3,0.83,1,79.6,6,21.42,1,,,91.23,6,39.6,6,20.4,6,0.28,5,,
42110,2015,강원도 춘천시,21.62,6,46.18,6,-11.05,10,63.08,5,25.98,6,0.38,5,23325.8,5,,,13.45,3,13.54,4,1.2,1,40.54,4,-28.82,1,,,87.1,6,16.37,3,20.61,6,0.18,4,,
42130,2015,강원도 원주시,18.98,6,43.43,6,-8.43,10,58.97,5,27.29,6,0.43,5,23860.2,5,,,18.27,4,24.73,6,1.94,3,33.99,3,305.61,7,,,94.85,6,15.47,3,25.12,6,0.09,1,,
42150,2015,강원도 강릉시,18.28,6,44.66,6,-18.29,10,61.6,5,20.28,5,0.38,5,22625.46,4,,,14.55,4,27.22,6,1.15,1,45.38,4,75.05,5,,,91.74,6,18.73,4,26.5,6,0.51,6,,
42170,2015,강원도 동해시,15.73,5,43.01,6,-13.1,10,62.6,5,19.53,5,0.37,5,27864.48,5,,,24.02,5,45.41,7,4.03,5,58.55,5,-29.1,1,,,94.53,6,14.42,2,24.81,6,0.32,5,,
42190,2015,강원도 태백시,13.09,5,38.48,5,-18.37,10,65.01,6,26.29,6,0.37,5,20262.73,4,,,15.81,4,54.29,7,0.75,1,110.34,6,-64.13,1,,,88.73,6,25.22,5,34.27,6,0.63,6,,
42210,2015,강원도 속초시,15.45,5,50.88,6,-18.65,10,60.36,5,20.02,5,0.35,5,19403.21,4,,,13.32,3,10.55,3,3.21,5,63.29,5,507.2,7,,,78.61,6,14.62,2,24.27,6,0.37,6,,
42230,2015,강원도 삼척시,13.98,5,34.66,5,-14.49,10,67.35,6,18.01,5,0.38,5,32090.7,5,,,34.74,6,28.14,6,0.7,1,93.77,6,-73.25,1,,,89.27,6,35.62,5,20.5,6,0.56,6,,
42720,2015,강원도 홍천군,12.06,5,41.85,6,-8.68,10,66.24,6,16.33,4,0.37,5,32449.09,5,,,17.77,4,18.76,5,0.4,1,79.09,6,-50.02,1,,,86.69,6,35.69,5,38.87,6,0.57,6,,
42730,2015,강원도 횡성군,11.64,5,41.06,5,-5.95,10,68.25,6,19.49,5,0.43,5,33349.26,5,,,21.1,5,6.17,1,0.56,1,105.04,6,-7.31,1,,,95.59,6,53.24,6,39.39,6,0.66,7,,
42750,2015,강원도 영월군,11.33,4,35.1,5,-13.46,10,66.74,6,20.77,5,0.41,5,32253.18,5,,,17.02,4,32.17,6,0.27,1,116.72,6,1.49,1,,,95.99,6,52.61,6,46.58,7,1.24,7,,
42760,2015,강원도 평창군,12.82,5,41.81,6,-11.84,10,66.34,6,12.27,3,0.44,5,39048.14,6,,,27.21,5,34.75,6,0.42,1,124.7,6,94.47,6,,,97.24,6,48.42,6,32.37,6,0.92,7,,
42770,2015,강원도 정선군,13.11,5,39.57,5,-15.06,10,69,6,28.68,6,0.53,6,33928.18,5,,,47.47,6,53.76,7,0.47,1,113.02,6,28.5,1,,,94.72,6,47.02,6,29.7,6,0.77,7,,
42780,2015,강원도 철원군,11.24,4,45.11,6,-12.99,10,64.27,6,12.12,3,0.24,4,32624.56,5,,,6.9,1,29.62,6,0.61,1,106.63,6,-53.28,1,,,87.57,6,30.97,5,24.56,6,0.41,6,,
42790,2015,강원도 화천군,13.13,5,41.81,6,1.16,10,68.94,6,12.06,3,0.21,3,44846.48,6,,,5.64,1,31.79,6,0.27,1,152.74,7,-62.92,1,,,82.17,6,34.3,5,32.3,6,1.11,7,,
42800,2015,강원도 양구군,12.94,5,44.05,6,5.25,10,70.7,6,17.03,4,0.24,4,36009.3,6,,,6.07,1,31.32,6,0.35,1,169.21,7,-93.97,10,,,93,6,45.12,6,36.55,6,0.83,7,,
42810,2015,강원도 인제군,15.98,5,41.79,6,-9.28,10,69.55,6,11.49,3,0.28,4,41532.04,6,,,9.17,1,37.69,6,0.28,1,139.05,6,-78.12,1,,,86.85,6,29.89,5,29.56,6,1.5,7,,
42820,2015,강원도 고성군,10.71,4,44.58,6,-10.62,10,71.23,6,13.4,4,0.33,5,31642.42,5,,,13.57,3,23.37,6,0.36,1,139.89,6,-43.94,1,,,83.09,6,43.67,6,25.92,6,1,7,,
42830,2015,강원도 양양군,13.57,5,41.15,6,-16.68,10,71.11,6,10.03,2,0.39,5,31759.45,5,,,14.41,4,9.8,3,0.45,1,153.99,7,93.95,6,,,89.33,6,56.82,6,36.05,6,1.09,7,,
43110,2015,충청북도 청주시,19.68,6,41.47,6,-9.86,10,60.61,5,34.03,6,0.42,5,33904.8,5,,,32.42,6,17.53,5,3.22,5,26.89,2,246.67,7,,,83.25,6,14.42,2,18.83,5,0.04,1,,
43130,2015,충청북도 충주시,15.98,5,42.01,6,-13.62,10,60.07,5,19.88,5,0.4,5,29175.6,5,,,19.74,5,30.9,6,1.65,2,46.37,4,77.03,5,,,92.7,6,28.66,5,28.08,6,0.48,6,,
43150,2015,충청북도 제천시,13.06,5,42,6,-13.38,10,62.02,5,18.45,5,0.39,5,23002.78,5,,,16.93,4,7.29,1,0.61,1,57.1,5,124.76,6,,,94.23,6,27.85,5,16.11,5,0.22,5,,
43710,2015,충청북도 청원군,,,,,,,,,,,,,,,,,,,,,,,,,,,,,,,,,,,0,1,,
43720,2015,충청북도 보은군,9.07,4,37.42,5,-9.63,10,73.15,6,11.68,3,0.43,5,32884.42,5,,,24.17,5,33.97,6,0.8,1,132.04,6,43.4,3,,,91.68,6,91.15,7,34.34,6,0.29,5,,
43730,2015,충청북도 옥천군,10.24,4,39.05,5,-13.47,10,70.13,6,15.32,4,0.44,5,26628.2,5,,,16.56,4,15.55,5,0.45,1,91.54,6,138.41,6,,,87.16,6,64.44,6,59.42,7,0.76,7,,
43740,2015,충청북도 영동군,10.53,4,41.24,6,-7.63,10,70.26,6,17.4,5,0.33,5,19564.71,4,,,13.27,3,29.14,6,0.65,1,93.27,6,2.38,1,,,84.61,6,74.46,7,23.11,6,0.79,7,,
43745,2015,충청북도 증평군,13.78,5,42.09,6,0.88,10,64.24,6,17.17,4,0.37,5,30001.77,5,,,26.73,5,19.98,5,3.21,5,95.31,6,-25.37,1,,,94.69,6,34.68,5,38.63,6,0.27,5,,
43750,2015,충청북도 진천군,10.89,4,32.01,5,1.73,10,61.68,5,29.02,6,0.85,6,81785.81,7,,,73.55,7,28.69,6,1.51,2,71.26,5,114.27,6,,,79.01,6,46.58,6,38.1,6,0.29,5,,
43760,2015,충청북도 괴산군,10.52,4,38.39,5,14.04,9,69.2,6,12.99,4,0.38,5,30975.22,5,,,19.47,5,21.04,5,0.57,1,118.62,6,-30.93,1,,,86.13,6,95.6,7,13,4,0.77,7,,
43770,2015,충청북도 음성군,12.21,5,30.23,5,0.65,10,58.42,5,26.28,6,0.88,6,68927.39,7,,,61.09,7,21.47,5,1.82,3,61.26,5,74.38,5,,,79.47,6,46.33,6,30.63,6,0.52,6,,
43800,2015,충청북도 단양군,11.33,4,31.63,5,-16.59,10,68.82,6,20.27,5,0.53,6,40202.82,6,,,29.31,6,29.92,6,0.74,1,150.6,7,-37.97,1,,,97.74,6,61.43,6,22.47,6,0.65,7,,
44130,2015,충청남도 천안시,19.05,6,38.94,5,-4.78,10,53.67,5,42.71,6,0.49,6,44245.75,6,,,36.79,6,10.58,3,3.11,5,24.15,1,224.59,7,,,82.46,6,13.51,2,14.6,5,0.1,1,,
44150,2015,충청남도 공주시,13.58,5,41.93,6,-22.79,10,63.08,5,18.65,5,0.4,5,33070.91,5,,,17.35,4,15.77,5,1.43,1,69.39,5,25.48,1,,,90.94,6,40.93,6,17.05,5,0.54,6,,
44180,2015,충청남도 보령시,11.97,5,40.71,5,-13.95,10,64.42,6,19.9,5,0.38,5,39148.05,6,,,28.88,6,23.86,6,0.54,1,67.25,5,71.96,5,,,82.1,6,42.17,6,12.54,4,0.57,6,,
44200,2015,충청남도 아산시,15.98,5,33.62,5,5.6,10,55.96,5,39.85,6,0.62,6,97131.44,7,,,84.09,7,20.81,5,1.84,3,32.8,3,32.92,2,,,88.97,6,18.76,4,17.54,5,0.03,1,,
44210,2015,충청남도 서산시,14.58,5,32.31,5,-5,10,58.75,5,28.5,6,0.46,5,74664.61,7,,,49.67,6,57.79,7,2.16,3,49.67,5,184.25,7,,,83.38,6,25.35,5,15.38,5,0.29,5,,
44230,2015,충청남도 논산시,11.85,5,41.88,6,-11.85,10,61.06,5,16.68,4,0.4,5,27625.64,5,,,16.35,4,10.65,3,2.55,4,57.62,5,-27.13,1,,,87.52,6,46.63,6,14.99,5,0.32,6,,
44250,2015,충청남도 계룡시,31.43,6,45.57,6,-17.61,10,66.76,6,23.42,5,0.2,3,20062.66,4,,,5.89,1,27.73,6,3.9,5,76.35,6,30.36,2,,,85.73,6,12.04,1,21.27,6,0.24,5,,
44710,2015,충청남도 금산군,9.8,4,32.77,5,-10.27,10,62.39,5,18.1,5,0.53,6,39296.05,6,,,32.91,6,24.06,6,0.31,1,85.16,6,-16.21,1,,,85.52,6,65.25,6,12.35,4,0.36,6,,
44760,2015,충청남도 부여군,9.06,4,43.16,6,-16.06,10,65.95,6,10.94,3,0.32,5,25976.17,5,,,12.64,3,10.19,3,0.31,1,76.18,6,15.51,1,,,92.22,6,71.73,6,25.84,6,0.42,6,,
44770,2015,충청남도 서천군,10.86,4,42.75,6,-16.09,10,65.44,6,12.48,3,0.46,5,35810.17,6,,,22.23,5,17.48,5,1.58,2,88.97,6,-4.2,1,,,73.67,6,68.32,6,13.89,5,1.58,7,,
44790,2015,충청남도 청양군,7.7,3,38.29,5,-8.6,10,71.62,6,15.18,4,0.42,5,31623.4,5,,,13.7,3,3.2,1,0.17,1,135.16,6,-14.65,1,,,87.5,6,100.96,7,15.81,5,0.92,7,,
44800,2015,충청남도 홍성군,13.69,5,44.35,6,0.39,10,62.22,5,19.81,5,0.38,5,31434.67,5,,,13.91,3,34.76,6,0.95,1,56,5,-1.93,1,,,92.07,6,43.71,6,15.11,5,0.42,6,,
44810,2015,충청남도 예산군,11.63,5,37.15,5,-15.1,10,62.64,5,19.06,5,0.4,5,36591.35,6,,,17.83,4,16.72,5,1.23,1,64.52,5,222.74,7,,,87.87,6,49.17,6,22.39,6,0,1,,
44825,2015,충청남도 태안군,10.2,4,41.89,6,-3.37,10,65.37,6,18.58,5,0.35,5,42769.91,6,,,27.46,5,9.62,3,1.46,1,90.83,6,-15.22,1,,,17.54,1,43.53,6,11.14,4,0.63,6,,
44830,2015,충청남도 당진시,12.64,5,25.74,4,14.35,9,57.52,5,32.92,6,0.62,6,76517.18,7,,,63.35,7,21.57,5,1.75,2,43.08,4,-40.22,1,,,91.72,6,23.51,4,14.3,5,0.12,2,,
45110,2015,전라북도 전주시,24.72,6,47.56,6,-13.26,10,60.89,5,30.38,6,0.37,5,18523.26,4,,,14.32,4,25.44,6,7.62,6,24.05,1,114.33,6,,,47.8,4,10.94,1,16.3,5,0.09,1,,
45130,2015,전라북도 군산시,17.5,6,35.09,5,-6.99,10,57.61,5,26.17,6,0.44,5,35737.38,6,,,32.51,6,27.59,6,3.63,5,40.71,4,158.47,6,,,53.21,5,20.95,4,14.44,5,0.11,2,,
45140,2015,전라북도 익산시,16.91,5,43.17,6,-15.01,10,58.29,5,20.79,5,0.41,5,23024.66,5,,,20.08,5,19.18,5,2.19,3,37.75,4,-38.83,1,,,68.26,5,26.13,5,20.2,5,0.07,1,,
45180,2015,전라북도 정읍시,11.71,5,44.26,6,-17.45,10,67.02,6,13.44,4,0.37,5,23740.46,5,,,16.9,4,39.04,6,1.75,2,69.08,5,-41.21,1,,,68.61,5,67.23,6,20.19,5,0.34,6,,
45190,2015,전라북도 남원시,11.93,5,47.04,6,-13.7,10,68.69,6,10.87,3,0.34,5,19702.4,4,,,10.68,2,40.05,6,1.19,1,99.07,6,-56.33,1,,,79.08,6,64.7,6,17.5,5,0.47,6,,
45210,2015,전라북도 김제시,10.93,4,38.94,5,-15.92,10,65.87,6,11.42,3,0.47,6,30331.83,5,,,17.62,4,16.98,5,1.52,2,85.1,6,-7.64,1,,,61.11,5,80.72,7,21.67,6,0.11,2,,
45710,2015,전라북도 완주군,15.49,5,28.34,5,4.94,10,63.44,6,29.63,6,0.64,6,48879.66,6,,,57.78,7,17.03,5,1.38,1,60.94,5,74.23,5,,,84.5,6,51.14,6,14.97,5,0.1,1,,
45720,2015,전라북도 진안군,9.11,4,40.35,5,6.71,10,74.08,6,16,4,0.37,5,24132.27,5,,,7.76,1,33.44,6,0.39,1,187.08,7,-31.72,1,,,30.64,3,153.39,7,43,7,1.14,7,,
45730,2015,전라북도 무주군,10.03,4,39.04,5,-8.46,10,75.02,6,17,4,0.37,5,29088.34,5,,,14.97,4,23.04,6,0.63,1,163.74,7,-62.24,1,,,64.98,5,121.4,7,28.95,6,0.79,7,,
45740,2015,전라북도 장수군,9.48,4,44.2,6,-1.08,10,75.32,6,13.33,4,0.29,4,23036.22,5,,,9.03,1,44.06,6,0.48,1,179.04,7,-1.31,1,,,52.86,5,134.64,7,26.93,6,0.43,6,,
45750,2015,전라북도 임실군,9.37,4,39.64,5,1.11,10,72.13,6,13.07,4,0.4,5,24770.84,5,,,13.24,3,47.35,7,0.65,1,171.7,7,-59.12,1,,,71.44,5,139.63,7,23.86,6,0.66,7,,
45770,2015,전라북도 순창군,9.63,4,46.66,6,-9.93,10,74.1,6,11.85,3,0.35,5,25140.54,5,,,9.51,2,12.76,4,1.1,1,166.48,7,3.65,1,,,56.65,5,143.68,7,20.53,6,0.33,6,,
45790,2015,전라북도 고창군,10.3,4,41.07,5,-11.77,10,70.89,6,14.28,4,0.35,5,23748.04,5,,,9.13,1,19.7,5,1.29,1,94.1,6,-46.07,1,,,66.07,5,107.83,7,21.97,6,0.67,7,,
45800,2015,전라북도 부안군,10.74,4,46.17,6,-13.94,10,68.43,6,13.81,4,0.37,5,22781.17,5,,,12.21,3,95.54,7,1.56,2,96.99,6,-11.45,1,,,67.39,5,93.86,7,25.81,6,0.53,6,,
46110,2015,전라남도 목포시,16.45,5,49.71,6,-16.28,10,57.63,5,22.76,5,0.32,5,16304.04,3,,,11.62,3,28.54,6,13.13,7,48.32,4,-4.55,1,,,62.42,5,12.91,2,23.99,6,0.08,1,,
46130,2015,전라남도 여수시,14.11,5,33.29,5,-14.93,10,61.3,5,29.36,6,0.47,6,71347.6,7,,,38.28,6,23.1,6,2.96,4,63.23,5,-30.98,1,,,70.62,5,25.02,5,27.18,6,0.24,5,,
46150,2015,전라남도 순천시,17.09,5,46.31,6,-13.63,10,65.33,6,24.26,5,0.37,5,19648.77,4,,,13.41,3,39.34,6,1.61,2,51.14,5,-8.13,1,,,83.11,6,29.01,5,21.64,6,0.14,3,,
46170,2015,전라남도 나주시,15.11,5,36.04,5,6.85,10,69.28,6,16.66,4,0.57,6,37770.89,6,,,37.03,6,77.58,7,1.48,1,108.56,6,265.8,7,,,37.1,4,75.59,7,21.53,6,0.1,1,,
46230,2015,전라남도 광양시,13.7,5,26.45,4,-10.98,10,64.73,6,36.28,6,0.57,6,62718.63,6,,,67.5,7,76.1,7,3.2,5,64.89,5,-63.06,1,,,27.77,2,27.68,5,23.96,6,0.26,5,,
46710,2015,전라남도 담양군,12.23,5,37.95,5,-6.65,10,66.66,6,17.56,5,0.54,6,26261.4,5,,,15.06,4,27.01,6,0.77,1,136.37,6,-18.87,1,,,48.8,5,96.16,7,17.63,5,0.85,7,,
46720,2015,전라남도 곡성군,7.99,3,32.76,5,-12.58,10,72.51,6,10.52,3,0.49,6,29894.33,5,,,30.62,6,22.08,5,0.62,1,198.93,7,-18.45,1,,,53.28,5,129.3,7,27,6,1.3,7,,
46730,2015,전라남도 구례군,9.81,4,48.09,6,-6.06,10,74.55,6,9.79,2,0.32,5,19401.71,4,,,11.81,3,17.81,5,0.51,1,203.79,7,17.87,1,,,46.9,4,132.3,7,30.4,6,1.83,7,,
46770,2015,전라남도 고흥군,7.47,3,49.22,6,-19.36,10,73.13,6,11.6,3,0.33,5,18291.02,4,,,8.36,1,21.6,5,0.72,1,124.94,6,-5.61,1,,,45.64,4,113.08,7,19.01,5,0.29,5,,
46780,2015,전라남도 보성군,8.25,3,43.64,6,-10.63,10,69.93,6,9.96,2,0.36,5,17711.5,4,,,8.97,1,25.41,6,0.63,1,149.44,7,7.18,1,,,35.11,3,116.61,7,20.14,5,1.1,7,,
46790,2015,전라남도 화순군,13.3,5,41.96,6,-17.39,10,69.56,6,22.67,5,0.49,6,22175.66,4,,,19.44,5,28.76,6,0.64,1,113.47,6,-27.85,1,,,44.84,4,84.15,7,18.88,5,0.46,6,,
46800,2015,전라남도 장흥군,9.89,4,46.99,6,-11.62,10,71.98,6,9.9,2,0.38,5,20807.62,4,,,7.62,1,28.03,6,0.85,1,155.54,7,-64.48,1,,,40.41,4,120.57,7,23.12,6,1.61,7,,
46810,2015,전라남도 강진군,10.95,4,45.43,6,-12.76,10,70.57,6,10.27,2,0.32,5,19591.96,4,,,9.5,2,62.17,7,1.34,1,162.97,7,-39.69,1,,,38.85,4,104.7,7,20.48,6,1.03,7,,
46820,2015,전라남도 해남군,8.91,4,45.47,6,-5.5,10,65.1,6,8.88,2,0.36,5,24247.21,5,,,11.78,3,9.03,3,0.38,1,112.22,6,-45.72,1,,,29,3,95.97,7,17.57,5,0.66,7,,
46830,2015,전라남도 영암군,10.5,4,21.14,4,-6.5,10,62.85,5,16.68,4,0.94,7,64849.53,6,,,91.26,7,44.79,7,1.43,1,122.84,6,68.56,5,,,43.24,4,88.83,7,22.25,6,0.52,6,,
46840,2015,전라남도 무안군,15.48,5,47.5,6,13.6,9,67.66,6,13.53,4,0.28,4,39997.37,6,,,10.16,2,11.93,4,1.56,2,79.6,6,-21.73,1,,,16.17,1,60.43,6,16.63,5,0.36,6,,
46860,2015,전라남도 함평군,9.03,4,39.45,5,-15.06,10,68.06,6,9.85,2,0.4,5,23590.12,5,,,10.29,2,15.72,5,1.81,3,174.68,7,-10.08,1,,,38.55,4,131.33,7,17.92,5,0.57,6,,
46870,2015,전라남도 영광군,11.3,4,38.14,5,-9.6,10,68.38,6,11.77,3,0.43,5,58335.44,6,,,29.28,6,24.23,6,1.24,1,124.57,6,-27.44,1,,,25.55,2,80.12,7,31.89,6,0.89,7,,
46880,2015,전라남도 장성군,12.53,5,33.47,5,-1,10,69.1,6,15.46,4,0.5,6,35991.63,6,,,20.36,5,7.73,2,1.67,2,143.41,6,-27.51,1,,,66.03,5,91.44,7,18.88,5,1.08,7,,
46890,2015,전라남도 완도군,8.64,4,45.01,6,-7.24,10,72.49,6,12.08,3,0.31,4,18233.37,4,,,7.03,1,27.69,6,0.92,1,140.33,6,17.71,1,,,28.36,2,74.53,7,20.02,5,1.32,7,,
46900,2015,전라남도 진도군,7.87,3,40.95,5,-9.6,10,70.34,6,9.38,2,0.34,5,20665.88,4,,,6.37,1,24.13,6,0.8,1,187.67,7,-9.85,1,,,21.84,1,104.84,7,47.88,7,0.31,5,,
46910,2015,전라남도 신안군,7.24,3,35.52,5,4.19,10,69.94,6,7.41,1,0.22,3,22779.48,5,,,7.93,1,112.39,7,0.96,1,199.62,7,-27.87,1,,,10.7,1,125.36,7,29.93,6,0.69,7,,
47110,2015,경상북도 포항시,15.92,5,35.79,5,-12.43,10,58.87,5,36.07,6,0.41,5,32678.91,5,,,36.5,6,26.64,6,1.95,3,40.42,4,127.73,6,,,76.36,6,13.16,2,17.39,5,0.1,1,,
47130,2015,경상북도 경주시,15.86,5,35.65,5,-17.21,10,62.93,5,25.42,5,0.55,6,40373.09,6,,,38.26,6,12.83,4,1.51,2,61.11,5,36.95,3,,,46.99,4,26.08,5,16.4,5,0.04,1,,
47150,2015,경상북도 김천시,14.15,5,38.56,5,-5.49,10,64.84,6,24.07,5,0.4,5,33003.57,5,,,27.53,5,33.33,6,1.2,1,82.51,6,61.32,5,,,38.47,4,40.19,6,18.02,5,0.07,1,,
47170,2015,경상북도 안동시,15.35,5,47.25,6,-9.41,10,66.12,6,13.81,4,0.33,5,26478.91,5,,,12.65,3,40.41,6,0.82,1,77.57,6,1.05,1,,,57.08,5,34.35,5,25.56,6,0.18,4,,
47190,2015,경상북도 구미시,14.2,5,36.67,5,-9.25,10,56.29,5,41.07,6,0.56,6,66952.72,6,,,61.79,7,37.34,6,3.01,5,39.29,4,250.03,7,,,61.1,5,10.72,1,26.35,6,0,1,,
47210,2015,경상북도 영주시,12.66,5,42.63,6,-13.44,10,68.41,6,20.47,5,0.33,5,27245.28,5,,,16.1,4,18.4,5,1.2,1,87.79,6,-5.06,1,,,67.8,5,35.26,5,15.14,5,0.18,4,,
47230,2015,경상북도 영천시,10.61,4,33.94,5,-15.51,10,65.64,6,18.84,5,0.56,6,33948.2,5,,,30.08,6,6.27,1,0.94,1,102,6,81.39,5,,,74.98,6,47.23,6,24.31,6,0.3,5,,
47250,2015,경상북도 상주시,13.06,5,44.68,6,-11.16,10,71.06,6,13.45,4,0.32,5,22364.98,4,,,11.75,3,24.51,6,0.64,1,116.13,6,-61.17,1,,,34.53,3,63.84,6,31.72,6,0.1,1,,
47280,2015,경상북도 문경시,12.66,5,47.58,6,-3.21,10,71.46,6,20.16,5,0.33,5,19447.92,4,,,14.82,4,34.84,6,0.35,1,125.17,6,-31.4,1,,,27.71,2,56.68,6,27.14,6,0.53,6,,
47290,2015,경상북도 경산시,16.76,5,38.21,5,-9.73,10,57.33,5,27.5,6,0.42,5,29838.87,5,,,4.37,1,18.43,5,2.95,4,41.51,4,62.88,5,,,51.37,5,16.37,3,12.81,4,0.04,1,,
47720,2015,경상북도 군위군,8.58,3,34.67,5,-8.14,10,76.22,6,11.72,3,0.47,5,30452.75,5,,,18.97,5,22.49,6,0.1,1,227.86,7,42.6,3,,,88.44,6,102.21,7,31.88,6,0,1,,
47730,2015,경상북도 의성군,8.14,3,42.95,6,-17.18,10,71.55,6,14.79,4,0.31,4,22472.58,4,,,11.25,2,34.01,6,0.79,1,159.23,7,-38.32,1,,,50.45,5,101.57,7,55.87,7,0.18,4,,
47750,2015,경상북도 청송군,9.63,4,43.94,6,-14.45,10,73.5,6,11.57,3,0.34,5,24153.65,5,,,10.95,2,18.62,5,0.09,1,205.31,7,81.83,5,,,33.81,3,90.57,7,18.03,5,0.38,6,,
47760,2015,경상북도 영양군,9.08,4,39.31,5,-11.25,10,75.42,6,10.8,3,0.23,3,21840.21,4,,,7.35,1,38.72,6,0.11,1,283.37,7,2.22,1,,,35.76,3,99.69,7,22.36,6,1.12,7,,
47770,2015,경상북도 영덕군,7.85,3,47,6,-14.55,10,71.74,6,13.13,4,0.34,5,20083.03,4,,,7.49,1,55.45,7,0.17,1,158.65,7,59.43,4,,,37.13,4,67.83,6,32.24,6,0.77,7,,
47820,2015,경상북도 청도군,11.37,4,47.16,6,-7.55,10,70.41,6,12.46,3,0.38,5,22596.26,4,,,12.5,3,33.97,6,0.22,1,141.82,6,-6.45,1,,,39.84,4,83.12,7,23.68,6,0.46,6,,
47830,2015,경상북도 고령군,8.72,4,29.19,5,-10.88,10,66.44,6,13.71,4,0.75,6,39782.39,6,,,27.47,5,20.33,5,2.52,4,160.04,7,-1.35,1,,,66.48,5,64.83,6,25.06,6,0.29,5,,
47840,2015,경상북도 성주군,8.5,3,32.26,5,-11.97,10,67.61,6,15.64,4,0.56,6,40997.96,6,,,23.19,5,12.01,4,0.21,1,144.04,6,124.18,6,,,49.85,5,73.42,6,16.26,5,0.22,5,,
47850,2015,경상북도 칠곡군,10.4,4,34.98,5,-5.99,10,57.44,5,23.18,5,0.55,6,32452.18,5,,,28.43,6,36.2,6,2.96,4,64.22,5,210.45,7,,,67.23,5,24.16,4,14.88,5,0.08,1,,
47900,2015,경상북도 예천군,8.66,4,43.34,6,-9.5,10,75.21,6,11.25,3,0.27,4,23974.28,5,,,10.56,2,14.15,4,1.17,1,149.12,7,151.05,6,,,56.52,5,85.58,7,15.88,5,1.12,7,,
47920,2015,경상북도 봉화군,9.09,4,28.88,5,-8.33,10,73.73,6,9.73,2,0.34,5,31133.99,5,,,13.12,3,21.96,5,0.84,1,184.94,7,-9.08,1,,,1.32,1,84.33,7,20.12,5,0.59,6,,
47930,2015,경상북도 울진군,12.95,5,38.94,5,-7.61,10,72.52,6,15.79,4,0.39,5,47152.7,6,,,39.39,6,29.05,6,0.31,1,129.47,6,42.24,3,,,40.45,4,54.74,6,16.44,5,0.58,6,,
47940,2015,경상북도 울릉군,12.85,5,37.83,5,-10.03,10,70.41,6,17.57,5,0.35,5,28330.84,5,,,9.51,2,24.14,6,1.17,1,430.79,7,27.37,1,,,50.86,5,31.35,5,30.19,6,0.98,7,,
48110,2015,경상남도 창원시,19.17,6,37.78,5,-15.49,10,62.28,5,41.64,6,0.46,5,34291.04,6,,,38.73,6,23.66,6,4.52,6,34.23,3,63.68,5,,,54.52,5,11.16,1,13.96,5,0.07,1,,
48170,2015,경상남도 진주시,21.05,6,44.26,6,-9.51,10,66.38,6,30.28,6,0.37,5,20205.55,4,,,18.17,4,30.39,6,2.44,4,34.07,3,71.05,5,,,47.19,4,16.7,3,14.21,5,0.12,2,,
48220,2015,경상남도 통영시,12.04,5,46.06,6,-3.7,10,62.26,5,20.96,5,0.32,5,29002.95,5,,,17.35,4,36.81,6,2.25,4,52.38,5,-37.96,1,,,55.33,5,18.62,4,21.95,6,0.14,3,,
48240,2015,경상남도 사천시,14.06,5,35.16,5,-6.46,10,68.68,6,20.97,5,0.51,6,35038.84,6,,,39.26,6,24.58,6,2.28,4,61.42,5,111.77,6,,,29.03,3,34.08,5,25.61,6,0.35,6,,
48250,2015,경상남도 김해시,17.2,6,37.13,5,-8.02,10,59.95,5,38.97,6,0.49,6,28208.88,5,,,23.93,5,24.21,6,4.26,5,24.41,1,98.13,6,,,61.65,5,11.39,1,12.37,4,0.04,1,,
48270,2015,경상남도 밀양시,14.11,5,39.47,5,-15.81,10,65.08,6,19.12,5,0.38,5,24570.61,5,,,16.61,4,19.1,5,1.08,1,66.2,5,40.86,3,,,8.9,1,43.57,6,38.21,6,0.09,1,,
48310,2015,경상남도 거제시,15.46,5,24.98,4,6.11,10,59.51,5,41.52,6,0.65,6,40863.44,6,,,91.92,7,34.71,6,2.6,4,32.29,3,234.19,7,,,44.36,4,13.82,2,15.3,5,0.12,2,,
48330,2015,경상남도 양산시,17.12,5,38.04,5,1.33,10,59.56,5,40.28,6,0.5,6,36134.61,6,,,33.91,6,20.66,5,3.37,5,29.39,2,359.45,7,,,58.93,5,11.05,1,14.66,5,0.03,1,,
48720,2015,경상남도 의령군,9.81,4,36.71,5,-9.62,10,73.69,6,15.92,4,0.37,5,28144.9,5,,,14.57,4,67.52,7,1.42,1,154.48,7,-17.29,1,,,35.5,3,117.39,7,27.91,6,0.35,6,,
48730,2015,경상남도 함안군,13.51,5,26.41,4,-2.36,10,67.9,6,24.79,5,0.77,6,53515.39,6,,,45.81,6,24.62,6,1.6,2,71.06,5,6.16,1,,,83.1,6,55.03,6,14.95,5,0.14,3,,
48740,2015,경상남도 창녕군,9.66,4,35.23,5,-2.28,10,65.3,6,14.04,4,0.49,6,35460.46,6,,,25.84,5,54.78,7,1.62,2,80.69,6,-17.19,1,,,36.14,4,70.73,6,18.06,5,0.47,6,,
48820,2015,경상남도 고성군,10.57,4,35.27,5,-6.39,10,65.82,6,14.65,4,0.44,5,46740.21,6,,,29.07,6,24.33,6,2.15,3,93.1,6,-26.62,1,,,52.37,5,65.61,6,15.68,5,0.36,6,,
48840,2015,경상남도 남해군,10.2,4,48.87,6,-17.18,10,74.2,6,15.29,4,0.33,5,19379.2,4,,,8.96,1,23.2,6,0.93,1,97.97,6,-9.67,1,,,31.01,3,71.4,6,22.18,6,0.44,6,,
48850,2015,경상남도 하동군,11.14,4,40.75,5,-8.88,10,76.26,6,13.2,4,0.32,5,45226.51,6,,,19.01,5,25.69,6,1.15,1,99.86,6,53.37,4,,,82.66,6,93.99,7,22.82,6,0.6,6,,
48860,2015,경상남도 산청군,11.53,5,41.92,6,-3.25,10,70.55,6,12.78,3,0.4,5,24894.68,5,,,13.05,3,18.76,5,0.88,1,120.07,6,-14.12,1,,,10.98,1,110.79,7,22.76,6,0.28,5,,
48870,2015,경상남도 함양군,10.84,4,43.23,6,-12.78,10,73.5,6,14.32,4,0.35,5,21235.01,4,,,12.77,3,32.93,6,0.76,1,111.88,6,-17.44,1,,,29.84,3,120.85,7,13.72,5,0.5,6,,
48880,2015,경상남도 거창군,12.46,5,44.15,6,-8.33,10,71.23,6,14.11,4,0.33,5,33092.82,5,,,13.01,3,13.42,4,1.29,1,81.08,6,-22.22,1,,,52.96,5,76.07,7,17.52,5,0.16,3,,
48890,2015,경상남도 합천군,9.47,4,42.76,6,-13.39,10,73.24,6,13.39,4,0.29,4,19455.08,4,,,9.15,1,6.88,1,0.93,1,111.22,6,-44.33,1,,,29.42,3,121.42,7,28.77,6,0.61,6,,
49110,2015,제주특별자치도 제주시,19.2,6,46.56,6,-2.58,10,62.74,5,35.93,6,0.47,6,25793.19,5,,,15.52,4,12,4,2.03,3,19.08,1,156.17,6,,,70.17,5,9.18,1,23.16,6,0.22,5,,
49130,2015,제주특별자치도 서귀포시,13.75,5,48.13,6,-1.49,10,67.17,6,35.93,6,0.4,5,31148.23,5,,,14.96,4,20.17,5,1.82,3,47.32,4,130.75,6,,,39.89,4,12.74,2,34.12,6,0.36,6,,
11110,2014,서울특별시 종로구,,,,,,,,,,,,,170451.8,7,,,,,,,,,,,,,,,,,,,,,,,,
11140,2014,서울특별시 중구,,,,,,,,,,,,,348581.67,7,,,,,,,,,,,,,,,,,,,,,,,,
11170,2014,서울특별시 용산구,,,,,,,,,,,,,40556.64,6,,,,,,,,,,,,,,,,,,,,,,,,
11200,2014,서울특별시 성동구,,,,,,,,,,,,,31778.95,6,,,,,,,,,,,,,,,,,,,,,,,,
11215,2014,서울특별시 광진구,,,,,,,,,,,,,15199.36,4,,,,,,,,,,,,,,,,,,,,,,,,
11230,2014,서울특별시 동대문구,,,,,,,,,,,,,18176.75,4,,,,,,,,,,,,,,,,,,,,,,,,
11260,2014,서울특별시 중랑구,,,,,,,,,,,,,9058.86,1,,,,,,,,,,,,,,,,,,,,,,,,
11290,2014,서울특별시 성북구,,,,,,,,,,,,,10285.4,2,,,,,,,,,,,,,,,,,,,,,,,,
11305,2014,서울특별시 강북구,,,,,,,,,,,,,7865.79,1,,,,,,,,,,,,,,,,,,,,,,,,
11320,2014,서울특별시 도봉구,,,,,,,,,,,,,7270.69,1,,,,,,,,,,,,,,,,,,,,,,,,
11350,2014,서울특별시 노원구,,,,,,,,,,,,,8324.24,1,,,,,,,,,,,,,,,,,,,,,,,,
11380,2014,서울특별시 은평구,,,,,,,,,,,,,6638.41,1,,,,,,,,,,,,,,,,,,,,,,,,
11410,2014,서울특별시 서대문구,,,,,,,,,,,,,22104.13,5,,,,,,,,,,,,,,,,,,,,,,,,
11440,2014,서울특별시 마포구,,,,,,,,,,,,,38988.42,6,,,,,,,,,,,,,,,,,,,,,,,,
11470,2014,서울특별시 양천구,,,,,,,,,,,,,11555.98,2,,,,,,,,,,,,,,,,,,,,,,,,
11500,2014,서울특별시 강서구,,,,,,,,,,,,,14736.63,3,,,,,,,,,,,,,,,,,,,,,,,,
11530,2014,서울특별시 구로구,,,,,,,,,,,,,25262.37,5,,,,,,,,,,,,,,,,,,,,,,,,
11545,2014,서울특별시 금천구,,,,,,,,,,,,,55280.06,6,,,,,,,,,,,,,,,,,,,,,,,,
11560,2014,서울특별시 영등포구,,,,,,,,,,,,,65948.17,7,,,,,,,,,,,,,,,,,,,,,,,,
11590,2014,서울특별시 동작구,,,,,,,,,,,,,12571.01,3,,,,,,,,,,,,,,,,,,,,,,,,
11620,2014,서울특별시 관악구,,,,,,,,,,,,,10048.14,2,,,,,,,,,,,,,,,,,,,,,,,,
11650,2014,서울특별시 서초구,,,,,,,,,,,,,60679.19,7,,,,,,,,,,,,,,,,,,,,,,,,
11680,2014,서울특별시 강남구,,,,,,,,,,,,,94519.05,7,,,,,,,,,,,,,,,,,,,,,,,,
11710,2014,서울특별시 송파구,,,,,,,,,,,,,29722.51,5,,,,,,,,,,,,,,,,,,,,,,,,
11740,2014,서울특별시 강동구,,,,,,,,,,,,,14553.61,3,,,,,,,,,,,,,,,,,,,,,,,,
26110,2014,부산광역시 중구,,,,,,,,,,,,,129901.4,14,,,,,,,,,,,,,,,,,,,,,,,,
26140,2014,부산광역시 서구,,,,,,,,,,,,,36476.4,8,,,,,,,,,,,,,,,,,,,,,,,,
26170,2014,부산광역시 동구,,,,,,,,,,,,,90695.7,12,,,,,,,,,,,,,,,,,,,,,,,,
26200,2014,부산광역시 영도구,,,,,,,,,,,,,23959.6,4,,,,,,,,,,,,,,,,,,,,,,,,
26230,2014,부산광역시 부산진구,,,,,,,,,,,,,40154.22,10,,,,,,,,,,,,,,,,,,,,,,,,
26260,2014,부산광역시 동래구,,,,,,,,,,,,,24192.24,6,,,,,,,,,,,,,,,,,,,,,,,,
26290,2014,부산광역시 남구,,,,,,,,,,,,,30051.44,6,,,,,,,,,,,,,,,,,,,,,,,,
26320,2014,부산광역시 북구,,,,,,,,,,,,,16827.9,2,,,,,,,,,,,,,,,,,,,,,,,,
26350,2014,부산광역시 해운대구,,,,,,,,,,,,,29778.66,6,,,,,,,,,,,,,,,,,,,,,,,,
26380,2014,부산광역시 사하구,,,,,,,,,,,,,36309.82,8,,,,,,,,,,,,,,,,,,,,,,,,
26410,2014,부산광역시 금정구,,,,,,,,,,,,,36150.92,8,,,,,,,,,,,,,,,,,,,,,,,,
26440,2014,부산광역시 강서구,,,,,,,,,,,,,266242.08,14,,,,,,,,,,,,,,,,,,,,,,,,
26470,2014,부산광역시 연제구,,,,,,,,,,,,,48414.72,10,,,,,,,,,,,,,,,,,,,,,,,,
26500,2014,부산광역시 수영구,,,,,,,,,,,,,21277.56,4,,,,,,,,,,,,,,,,,,,,,,,,
26530,2014,부산광역시 사상구,,,,,,,,,,,,,51449.32,10,,,,,,,,,,,,,,,,,,,,,,,,
26710,2014,부산광역시 기장군,,,,,,,,,,,,,51992.6,10,,,,,,,,,,,,,,,,,,,,,,,,
27110,2014,대구광역시 중구,,,,,,,,,,,,,108920.44,12,,,,,,,,,,,,,,,,,,,,,,,,
27140,2014,대구광역시 동구,,,,,,,,,,,,,28446.38,6,,,,,,,,,,,,,,,,,,,,,,,,
27170,2014,대구광역시 서구,,,,,,,,,,,,,32560.42,8,,,,,,,,,,,,,,,,,,,,,,,,
27200,2014,대구광역시 남구,,,,,,,,,,,,,25736.52,6,,,,,,,,,,,,,,,,,,,,,,,,
27230,2014,대구광역시 북구,,,,,,,,,,,,,39601.34,8,,,,,,,,,,,,,,,,,,,,,,,,
27260,2014,대구광역시 수성구,,,,,,,,,,,,,27882.24,6,,,,,,,,,,,,,,,,,,,,,,,,
27290,2014,대구광역시 달서구,,,,,,,,,,,,,35277.32,8,,,,,,,,,,,,,,,,,,,,,,,,
27710,2014,대구광역시 달성군,,,,,,,,,,,,,63679.38,12,,,,,,,,,,,,,,,,,,,,,,,,
28110,2014,인천광역시 중구,,,,,,,,,,,,,205418.82,14,,,,,,,,,,,,,,,,,,,,,,,,
28140,2014,인천광역시 동구,,,,,,,,,,,,,90878.78,12,,,,,,,,,,,,,,,,,,,,,,,,
28170,2014,인천광역시 미추홀구,,,,,,,,,,,,,28194.1,6,,,,,,,,,,,,,,,,,,,,,,,,
28185,2014,인천광역시 연수구,,,,,,,,,,,,,36559.6,8,,,,,,,,,,,,,,,,,,,,,,,,
28200,2014,인천광역시 남동구,,,,,,,,,,,,,59976.48,10,,,,,,,,,,,,,,,,,,,,,,,,
28237,2014,인천광역시 부평구,,,,,,,,,,,,,33815.22,8,,,,,,,,,,,,,,,,,,,,,,,,
28245,2014,인천광역시 계양구,,,,,,,,,,,,,21754.5,4,,,,,,,,,,,,,,,,,,,,,,,,
28260,2014,인천광역시 서구,,,,,,,,,,,,,50383.38,10,,,,,,,,,,,,,,,,,,,,,,,,
28710,2014,인천광역시 강화군,,,,,,,,,,,,,52461.78,10,,,,,,,,,,,,,,,,,,,,,,,,
28720,2014,인천광역시 옹진군,,,,,,,,,,,,,32833.22,8,,,,,,,,,,,,,,,,,,,,,,,,
29110,2014,광주광역시 동구,,,,,,,,,,,,,52782.98,10,,,,,,,,,,,,,,,,,,,,,,,,
29140,2014,광주광역시 서구,,,,,,,,,,,,,49956.7,10,,,,,,,,,,,,,,,,,,,,,,,,
29155,2014,광주광역시 남구,,,,,,,,,,,,,23986.86,4,,,,,,,,,,,,,,,,,,,,,,,,
29170,2014,광주광역시 북구,,,,,,,,,,,,,34359.48,8,,,,,,,,,,,,,,,,,,,,,,,,
29200,2014,광주광역시 광산구,,,,,,,,,,,,,53141.88,10,,,,,,,,,,,,,,,,,,,,,,,,
30110,2014,대전광역시 동구,,,,,,,,,,,,,21732.1,4,,,,,,,,,,,,,,,,,,,,,,,,
30140,2014,대전광역시 중구,,,,,,,,,,,,,32979.94,8,,,,,,,,,,,,,,,,,,,,,,,,
30170,2014,대전광역시 서구,,,,,,,,,,,,,36103.5,8,,,,,,,,,,,,,,,,,,,,,,,,
30200,2014,대전광역시 유성구,,,,,,,,,,,,,62357.92,12,,,,,,,,,,,,,,,,,,,,,,,,
30230,2014,대전광역시 대덕구,,,,,,,,,,,,,66072.86,12,,,,,,,,,,,,,,,,,,,,,,,,
31110,2014,울산광역시 중구,,,,,,,,,,,,,26756.3,6,,,,,,,,,,,,,,,,,,,,,,,,
31140,2014,울산광역시 남구,,,,,,,,,,,,,134347.36,14,,,,,,,,,,,,,,,,,,,,,,,,
31170,2014,울산광역시 동구,,,,,,,,,,,,,115872.24,12,,,,,,,,,,,,,,,,,,,,,,,,
31200,2014,울산광역시 북구,,,,,,,,,,,,,147299.98,14,,,,,,,,,,,,,,,,,,,,,,,,
31710,2014,울산광역시 울주군,,,,,,,,,,,,,152311.7,14,,,,,,,,,,,,,,,,,,,,,,,,
36110,2014,세종특별자치시 세종시,,,,,,,,,,,,,0,1,,,,,,,,,,,,,,,,,,,,,,,,
41110,2014,경기도 수원시,,,,,,,,,,,,,46703.02,10,,,,,,,,,,,,,,,,,,,,,,,,
41130,2014,경기도 성남시,,,,,,,,,,,,,51145.24,10,,,,,,,,,,,,,,,,,,,,,,,,
41150,2014,경기도 의정부시,,,,,,,,,,,,,31453.38,8,,,,,,,,,,,,,,,,,,,,,,,,
41170,2014,경기도 안양시,,,,,,,,,,,,,52260.22,10,,,,,,,,,,,,,,,,,,,,,,,,
41190,2014,경기도 부천시,,,,,,,,,,,,,36515.8,8,,,,,,,,,,,,,,,,,,,,,,,,
41210,2014,경기도 광명시,,,,,,,,,,,,,34922.32,8,,,,,,,,,,,,,,,,,,,,,,,,
41220,2014,경기도 평택시,,,,,,,,,,,,,98273.22,12,,,,,,,,,,,,,,,,,,,,,,,,
41250,2014,경기도 동두천시,,,,,,,,,,,,,30892.22,8,,,,,,,,,,,,,,,,,,,,,,,,
41270,2014,경기도 안산시,,,,,,,,,,,,,64168.36,12,,,,,,,,,,,,,,,,,,,,,,,,
41280,2014,경기도 고양시,,,,,,,,,,,,,32747.62,8,,,,,,,,,,,,,,,,,,,,,,,,
41290,2014,경기도 과천시,,,,,,,,,,,,,78743.98,12,,,,,,,,,,,,,,,,,,,,,,,,
41310,2014,경기도 구리시,,,,,,,,,,,,,36582.18,8,,,,,,,,,,,,,,,,,,,,,,,,
41360,2014,경기도 남양주시,,,,,,,,,,,,,22133.42,4,,,,,,,,,,,,,,,,,,,,,,,,
41370,2014,경기도 오산시,,,,,,,,,,,,,45292.26,10,,,,,,,,,,,,,,,,,,,,,,,,
41390,2014,경기도 시흥시,,,,,,,,,,,,,53928.04,10,,,,,,,,,,,,,,,,,,,,,,,,
41410,2014,경기도 군포시,,,,,,,,,,,,,40317.5,10,,,,,,,,,,,,,,,,,,,,,,,,
41430,2014,경기도 의왕시,,,,,,,,,,,,,32814.34,8,,,,,,,,,,,,,,,,,,,,,,,,
41450,2014,경기도 하남시,,,,,,,,,,,,,44336.44,10,,,,,,,,,,,,,,,,,,,,,,,,
41460,2014,경기도 용인시,,,,,,,,,,,,,67853.26,12,,,,,,,,,,,,,,,,,,,,,,,,
41480,2014,경기도 파주시,,,,,,,,,,,,,60602.6,12,,,,,,,,,,,,,,,,,,,,,,,,
41500,2014,경기도 이천시,,,,,,,,,,,,,94712.5,12,,,,,,,,,,,,,,,,,,,,,,,,
41550,2014,경기도 안성시,,,,,,,,,,,,,70394.22,12,,,,,,,,,,,,,,,,,,,,,,,,
41570,2014,경기도 김포시,,,,,,,,,,,,,41816.06,10,,,,,,,,,,,,,,,,,,,,,,,,
41590,2014,경기도 화성시,,,,,,,,,,,,,145897.48,14,,,,,,,,,,,,,,,,,,,,,,,,
41610,2014,경기도 광주시,,,,,,,,,,,,,41676.4,10,,,,,,,,,,,,,,,,,,,,,,,,
41630,2014,경기도 양주시,,,,,,,,,,,,,46722.42,10,,,,,,,,,,,,,,,,,,,,,,,,
41650,2014,경기도 포천시,,,,,,,,,,,,,57394.52,10,,,,,,,,,,,,,,,,,,,,,,,,
41730,2014,경기도 여주시,,,,,,,,,,,,,47701.34,10,,,,,,,,,,,,,,,,,,,,,,,,
41800,2014,경기도 연천군,,,,,,,,,,,,,43467.94,10,,,,,,,,,,,,,,,,,,,,,,,,
41820,2014,경기도 가평군,,,,,,,,,,,,,48043.12,10,,,,,,,,,,,,,,,,,,,,,,,,
41830,2014,경기도 양평군,,,,,,,,,,,,,32028.16,8,,,,,,,,,,,,,,,,,,,,,,,,
42110,2014,강원도 춘천시,,,,,,,,,,,,,41042.08,10,,,,,,,,,,,,,,,,,,,,,,,,
42130,2014,강원도 원주시,,,,,,,,,,,,,41532.12,10,,,,,,,,,,,,,,,,,,,,,,,,
42150,2014,강원도 강릉시,,,,,,,,,,,,,38301.66,8,,,,,,,,,,,,,,,,,,,,,,,,
42170,2014,강원도 동해시,,,,,,,,,,,,,55592.06,10,,,,,,,,,,,,,,,,,,,,,,,,
42190,2014,강원도 태백시,,,,,,,,,,,,,36463.46,8,,,,,,,,,,,,,,,,,,,,,,,,
42210,2014,강원도 속초시,,,,,,,,,,,,,32660.44,8,,,,,,,,,,,,,,,,,,,,,,,,
42230,2014,강원도 삼척시,,,,,,,,,,,,,69469.78,12,,,,,,,,,,,,,,,,,,,,,,,,
42720,2014,강원도 홍천군,,,,,,,,,,,,,57582.18,10,,,,,,,,,,,,,,,,,,,,,,,,
42730,2014,강원도 횡성군,,,,,,,,,,,,,64629.54,12,,,,,,,,,,,,,,,,,,,,,,,,
42750,2014,강원도 영월군,,,,,,,,,,,,,55208.08,10,,,,,,,,,,,,,,,,,,,,,,,,
42760,2014,강원도 평창군,,,,,,,,,,,,,56270.78,10,,,,,,,,,,,,,,,,,,,,,,,,
42770,2014,강원도 정선군,,,,,,,,,,,,,57719.12,10,,,,,,,,,,,,,,,,,,,,,,,,
42780,2014,강원도 철원군,,,,,,,,,,,,,62126.62,12,,,,,,,,,,,,,,,,,,,,,,,,
42790,2014,강원도 화천군,,,,,,,,,,,,,83735.18,12,,,,,,,,,,,,,,,,,,,,,,,,
42800,2014,강원도 양구군,,,,,,,,,,,,,66313.72,12,,,,,,,,,,,,,,,,,,,,,,,,
42810,2014,강원도 인제군,,,,,,,,,,,,,77249.7,12,,,,,,,,,,,,,,,,,,,,,,,,
42820,2014,강원도 고성군,,,,,,,,,,,,,54605.76,10,,,,,,,,,,,,,,,,,,,,,,,,
42830,2014,강원도 양양군,,,,,,,,,,,,,55040,10,,,,,,,,,,,,,,,,,,,,,,,,
43110,2014,충청북도 청주시,,,,,,,,,,,,,58693.48,10,,,,,,,,,,,,,,,,,,,,,,,,
43130,2014,충청북도 충주시,,,,,,,,,,,,,54604.62,10,,,,,,,,,,,,,,,,,,,,,,,,
43150,2014,충청북도 제천시,,,,,,,,,,,,,43331.54,10,,,,,,,,,,,,,,,,,,,,,,,,
43720,2014,충청북도 보은군,,,,,,,,,,,,,46972.9,10,,,,,,,,,,,,,,,,,,,,,,,,
43730,2014,충청북도 옥천군,,,,,,,,,,,,,52429.36,10,,,,,,,,,,,,,,,,,,,,,,,,
43740,2014,충청북도 영동군,,,,,,,,,,,,,37124.5,8,,,,,,,,,,,,,,,,,,,,,,,,
43745,2014,충청북도 증평군,,,,,,,,,,,,,64711.06,12,,,,,,,,,,,,,,,,,,,,,,,,
43750,2014,충청북도 진천군,,,,,,,,,,,,,146900,14,,,,,,,,,,,,,,,,,,,,,,,,
43760,2014,충청북도 괴산군,,,,,,,,,,,,,45049.94,10,,,,,,,,,,,,,,,,,,,,,,,,
43770,2014,충청북도 음성군,,,,,,,,,,,,,118389.62,12,,,,,,,,,,,,,,,,,,,,,,,,
43800,2014,충청북도 단양군,,,,,,,,,,,,,76885.62,12,,,,,,,,,,,,,,,,,,,,,,,,
44130,2014,충청남도 천안시,,,,,,,,,,,,,84944.92,12,,,,,,,,,,,,,,,,,,,,,,,,
44150,2014,충청남도 공주시,,,,,,,,,,,,,55844.8,10,,,,,,,,,,,,,,,,,,,,,,,,
44180,2014,충청남도 보령시,,,,,,,,,,,,,71628.48,12,,,,,,,,,,,,,,,,,,,,,,,,
44200,2014,충청남도 아산시,,,,,,,,,,,,,166052,14,,,,,,,,,,,,,,,,,,,,,,,,
44210,2014,충청남도 서산시,,,,,,,,,,,,,135099.12,14,,,,,,,,,,,,,,,,,,,,,,,,
44230,2014,충청남도 논산시,,,,,,,,,,,,,51591.74,10,,,,,,,,,,,,,,,,,,,,,,,,
44250,2014,충청남도 계룡시,,,,,,,,,,,,,38173.36,8,,,,,,,,,,,,,,,,,,,,,,,,
44710,2014,충청남도 금산군,,,,,,,,,,,,,74322.69,12,,,,,,,,,,,,,,,,,,,,,,,,
44760,2014,충청남도 부여군,,,,,,,,,,,,,49854.49,10,,,,,,,,,,,,,,,,,,,,,,,,
44770,2014,충청남도 서천군,,,,,,,,,,,,,62671.42,12,,,,,,,,,,,,,,,,,,,,,,,,
44790,2014,충청남도 청양군,,,,,,,,,,,,,54311.09,10,,,,,,,,,,,,,,,,,,,,,,,,
44800,2014,충청남도 홍성군,,,,,,,,,,,,,57919.73,10,,,,,,,,,,,,,,,,,,,,,,,,
44810,2014,충청남도 예산군,,,,,,,,,,,,,57503.86,10,,,,,,,,,,,,,,,,,,,,,,,,
44825,2014,충청남도 태안군,,,,,,,,,,,,,72688.27,12,,,,,,,,,,,,,,,,,,,,,,,,
44830,2014,충청남도 당진시,,,,,,,,,,,,,157412.26,14,,,,,,,,,,,,,,,,,,,,,,,,
45110,2014,전라북도 전주시,,,,,,,,,,,,,35254.04,8,,,,,,,,,,,,,,,,,,,,,,,,
45130,2014,전라북도 군산시,,,,,,,,,,,,,67432.28,12,,,,,,,,,,,,,,,,,,,,,,,,
45140,2014,전라북도 익산시,,,,,,,,,,,,,44128.24,10,,,,,,,,,,,,,,,,,,,,,,,,
45180,2014,전라북도 정읍시,,,,,,,,,,,,,45939.48,10,,,,,,,,,,,,,,,,,,,,,,,,
45190,2014,전라북도 남원시,,,,,,,,,,,,,37937.92,8,,,,,,,,,,,,,,,,,,,,,,,,
45210,2014,전라북도 김제시,,,,,,,,,,,,,52188.88,10,,,,,,,,,,,,,,,,,,,,,,,,
45710,2014,전라북도 완주군,,,,,,,,,,,,,86241.9,12,,,,,,,,,,,,,,,,,,,,,,,,
45720,2014,전라북도 진안군,,,,,,,,,,,,,49956.18,10,,,,,,,,,,,,,,,,,,,,,,,,
45730,2014,전라북도 무주군,,,,,,,,,,,,,49607.56,10,,,,,,,,,,,,,,,,,,,,,,,,
45740,2014,전라북도 장수군,,,,,,,,,,,,,47579.68,10,,,,,,,,,,,,,,,,,,,,,,,,
45750,2014,전라북도 임실군,,,,,,,,,,,,,52859.24,10,,,,,,,,,,,,,,,,,,,,,,,,
45770,2014,전라북도 순창군,,,,,,,,,,,,,48026.54,10,,,,,,,,,,,,,,,,,,,,,,,,
45790,2014,전라북도 고창군,,,,,,,,,,,,,46812.32,10,,,,,,,,,,,,,,,,,,,,,,,,
45800,2014,전라북도 부안군,,,,,,,,,,,,,45516.78,10,,,,,,,,,,,,,,,,,,,,,,,,
46110,2014,전라남도 목포시,,,,,,,,,,,,,28679.54,6,,,,,,,,,,,,,,,,,,,,,,,,
46130,2014,전라남도 여수시,,,,,,,,,,,,,125557.16,14,,,,,,,,,,,,,,,,,,,,,,,,
46150,2014,전라남도 순천시,,,,,,,,,,,,,36639.14,8,,,,,,,,,,,,,,,,,,,,,,,,
46170,2014,전라남도 나주시,,,,,,,,,,,,,72571.08,12,,,,,,,,,,,,,,,,,,,,,,,,
46230,2014,전라남도 광양시,,,,,,,,,,,,,130844.26,14,,,,,,,,,,,,,,,,,,,,,,,,
46710,2014,전라남도 담양군,,,,,,,,,,,,,45781.04,10,,,,,,,,,,,,,,,,,,,,,,,,
46720,2014,전라남도 곡성군,,,,,,,,,,,,,60384.48,12,,,,,,,,,,,,,,,,,,,,,,,,
46730,2014,전라남도 구례군,,,,,,,,,,,,,33770.56,8,,,,,,,,,,,,,,,,,,,,,,,,
46770,2014,전라남도 고흥군,,,,,,,,,,,,,32080.22,8,,,,,,,,,,,,,,,,,,,,,,,,
46780,2014,전라남도 보성군,,,,,,,,,,,,,36172.92,8,,,,,,,,,,,,,,,,,,,,,,,,
46790,2014,전라남도 화순군,,,,,,,,,,,,,43949.5,10,,,,,,,,,,,,,,,,,,,,,,,,
46800,2014,전라남도 장흥군,,,,,,,,,,,,,34312.16,8,,,,,,,,,,,,,,,,,,,,,,,,
46810,2014,전라남도 강진군,,,,,,,,,,,,,33391.78,8,,,,,,,,,,,,,,,,,,,,,,,,
46820,2014,전라남도 해남군,,,,,,,,,,,,,40951.46,10,,,,,,,,,,,,,,,,,,,,,,,,
46830,2014,전라남도 영암군,,,,,,,,,,,,,130560.22,14,,,,,,,,,,,,,,,,,,,,,,,,
46840,2014,전라남도 무안군,,,,,,,,,,,,,71877.42,12,,,,,,,,,,,,,,,,,,,,,,,,
46860,2014,전라남도 함평군,,,,,,,,,,,,,44568.32,10,,,,,,,,,,,,,,,,,,,,,,,,
46870,2014,전라남도 영광군,,,,,,,,,,,,,79117.02,12,,,,,,,,,,,,,,,,,,,,,,,,
46880,2014,전라남도 장성군,,,,,,,,,,,,,64289.58,12,,,,,,,,,,,,,,,,,,,,,,,,
46890,2014,전라남도 완도군,,,,,,,,,,,,,31963.44,8,,,,,,,,,,,,,,,,,,,,,,,,
46900,2014,전라남도 진도군,,,,,,,,,,,,,35744.22,8,,,,,,,,,,,,,,,,,,,,,,,,
46910,2014,전라남도 신안군,,,,,,,,,,,,,39004.5,8,,,,,,,,,,,,,,,,,,,,,,,,
47110,2014,경상북도 포항시,,,,,,,,,,,,,67305.18,12,,,,,,,,,,,,,,,,,,,,,,,,
47130,2014,경상북도 경주시,,,,,,,,,,,,,69335.28,12,,,,,,,,,,,,,,,,,,,,,,,,
47150,2014,경상북도 김천시,,,,,,,,,,,,,53723.38,10,,,,,,,,,,,,,,,,,,,,,,,,
47170,2014,경상북도 안동시,,,,,,,,,,,,,36289.44,8,,,,,,,,,,,,,,,,,,,,,,,,
47190,2014,경상북도 구미시,,,,,,,,,,,,,138550.42,14,,,,,,,,,,,,,,,,,,,,,,,,
47210,2014,경상북도 영주시,,,,,,,,,,,,,43747.12,10,,,,,,,,,,,,,,,,,,,,,,,,
47230,2014,경상북도 영천시,,,,,,,,,,,,,61833.78,12,,,,,,,,,,,,,,,,,,,,,,,,
47250,2014,경상북도 상주시,,,,,,,,,,,,,38341.82,8,,,,,,,,,,,,,,,,,,,,,,,,
47280,2014,경상북도 문경시,,,,,,,,,,,,,45367.58,10,,,,,,,,,,,,,,,,,,,,,,,,
47290,2014,경상북도 경산시,,,,,,,,,,,,,54184.1,10,,,,,,,,,,,,,,,,,,,,,,,,
47720,2014,경상북도 군위군,,,,,,,,,,,,,49870,10,,,,,,,,,,,,,,,,,,,,,,,,
47730,2014,경상북도 의성군,,,,,,,,,,,,,38676.74,8,,,,,,,,,,,,,,,,,,,,,,,,
47750,2014,경상북도 청송군,,,,,,,,,,,,,44135.34,10,,,,,,,,,,,,,,,,,,,,,,,,
47760,2014,경상북도 영양군,,,,,,,,,,,,,38368.3,8,,,,,,,,,,,,,,,,,,,,,,,,
47770,2014,경상북도 영덕군,,,,,,,,,,,,,33452.08,8,,,,,,,,,,,,,,,,,,,,,,,,
47820,2014,경상북도 청도군,,,,,,,,,,,,,42367.34,10,,,,,,,,,,,,,,,,,,,,,,,,
47830,2014,경상북도 고령군,,,,,,,,,,,,,72971.88,12,,,,,,,,,,,,,,,,,,,,,,,,
47840,2014,경상북도 성주군,,,,,,,,,,,,,60346.72,12,,,,,,,,,,,,,,,,,,,,,,,,
47850,2014,경상북도 칠곡군,,,,,,,,,,,,,57887.36,10,,,,,,,,,,,,,,,,,,,,,,,,
47900,2014,경상북도 예천군,,,,,,,,,,,,,38389.72,8,,,,,,,,,,,,,,,,,,,,,,,,
47920,2014,경상북도 봉화군,,,,,,,,,,,,,52014.64,10,,,,,,,,,,,,,,,,,,,,,,,,
47930,2014,경상북도 울진군,,,,,,,,,,,,,71605.94,12,,,,,,,,,,,,,,,,,,,,,,,,
47940,2014,경상북도 울릉군,,,,,,,,,,,,,47202.46,10,,,,,,,,,,,,,,,,,,,,,,,,
48110,2014,경상남도 창원시,,,,,,,,,,,,,66368.48,12,,,,,,,,,,,,,,,,,,,,,,,,
48170,2014,경상남도 진주시,,,,,,,,,,,,,38362.8,8,,,,,,,,,,,,,,,,,,,,,,,,
48220,2014,경상남도 통영시,,,,,,,,,,,,,57286.32,10,,,,,,,,,,,,,,,,,,,,,,,,
48240,2014,경상남도 사천시,,,,,,,,,,,,,61036.54,12,,,,,,,,,,,,,,,,,,,,,,,,
48250,2014,경상남도 김해시,,,,,,,,,,,,,50169.34,10,,,,,,,,,,,,,,,,,,,,,,,,
48270,2014,경상남도 밀양시,,,,,,,,,,,,,44016.71,10,,,,,,,,,,,,,,,,,,,,,,,,
48310,2014,경상남도 거제시,,,,,,,,,,,,,95323.88,12,,,,,,,,,,,,,,,,,,,,,,,,
48330,2014,경상남도 양산시,,,,,,,,,,,,,58926.04,10,,,,,,,,,,,,,,,,,,,,,,,,
48720,2014,경상남도 의령군,,,,,,,,,,,,,51093.29,10,,,,,,,,,,,,,,,,,,,,,,,,
48730,2014,경상남도 함안군,,,,,,,,,,,,,96385.94,12,,,,,,,,,,,,,,,,,,,,,,,,
48740,2014,경상남도 창녕군,,,,,,,,,,,,,65484.56,12,,,,,,,,,,,,,,,,,,,,,,,,
48820,2014,경상남도 고성군,,,,,,,,,,,,,80861.76,12,,,,,,,,,,,,,,,,,,,,,,,,
48840,2014,경상남도 남해군,,,,,,,,,,,,,30472.54,8,,,,,,,,,,,,,,,,,,,,,,,,
48850,2014,경상남도 하동군,,,,,,,,,,,,,74685.87,12,,,,,,,,,,,,,,,,,,,,,,,,
48860,2014,경상남도 산청군,,,,,,,,,,,,,44400.03,10,,,,,,,,,,,,,,,,,,,,,,,,
48870,2014,경상남도 함양군,,,,,,,,,,,,,39093.18,8,,,,,,,,,,,,,,,,,,,,,,,,
48880,2014,경상남도 거창군,,,,,,,,,,,,,56269.74,10,,,,,,,,,,,,,,,,,,,,,,,,
48890,2014,경상남도 합천군,,,,,,,,,,,,,36306.88,8,,,,,,,,,,,,,,,,,,,,,,,,
49110,2014,제주특별자치도 제주시,,,,,,,,,,,,,43709.86,10,,,,,,,,,,,,,,,,,,,,,,,,
49130,2014,제주특별자치도 서귀포시,,,,,,,,,,,,,53972.28,10,,,,,,,,,,,,,,,,,,,,,,,,
11110,2010,서울특별시 종로구,27.11,7,43.63,6,-10.71,10,56.3,5,78.5,7,1.66,7,,0,1114,6,1453.36,7,41.45,6,11.43,6,74.88,5,266.73,7,-2.46,10,85.39,6,1.09,5,34.52,7,0.64,6,180,7
11140,2010,서울특별시 중구,21.54,6,43.02,6,-18.48,10,53.57,5,82.9,7,3.74,7,,0,5186,7,4246.99,7,25.39,5,11.44,6,99.96,6,642.04,7,-1.06,10,78.39,6,0.41,1,42.76,7,0.99,7,87,7
11170,2010,서울특별시 용산구,29.22,7,40.8,6,-7.55,10,51.8,5,62.7,7,0.62,6,,0,2925,7,449.98,7,3.39,1,12.72,6,51.63,4,88.12,5,-1.89,10,95.19,6,0.57,2,12.66,5,0.13,1,57,6
11200,2010,서울특별시 성동구,23.6,6,36.67,5,-19.85,10,52.67,5,52,6,0.5,6,,0,1107,6,107.84,6,3.47,1,24,7,39.71,3,244.66,7,-2.14,10,95.19,6,0.2,1,14.42,5,0,1,22,4
11215,2010,서울특별시 광진구,24.1,6,40.59,6,-13.96,10,51.2,5,44,6,0.34,5,,0,902,6,95.88,6,8.02,1,19.04,6,30.13,2,191.42,6,-1.77,10,90.64,6,0.65,3,17.72,6,0.05,1,31,5
11230,2010,서울특별시 동대문구,19.52,6,43.5,6,-17.5,10,53.03,5,46.2,6,0.38,5,,0,605,5,93.71,6,2.87,1,23.18,7,35.27,3,1103.56,7,-1.11,10,87.57,6,0.75,3,16.32,5,0.12,1,46,6
11260,2010,서울특별시 중랑구,14.36,6,47.97,6,-16.86,10,50.23,5,30.5,6,0.19,3,,0,314,3,35.99,3,12.47,3,17.97,6,29.25,2,60.78,4,-1.44,10,89.43,6,0.57,2,13.22,5,0.07,1,17,3
11290,2010,서울특별시 성북구,22.49,6,48.17,6,-3.51,10,52.3,5,34.8,6,0.21,4,,0,1572,7,92.45,6,9.75,2,25.07,7,29,2,-26.59,1,0.55,8,86.86,6,0.59,2,12.11,5,0.04,1,34,5
11305,2010,서울특별시 강북구,15.38,6,53.22,6,-14.34,10,50.4,5,31.7,6,0.19,3,,0,253,2,41.59,4,4.85,1,9.43,5,34.59,3,266.3,7,-0.37,10,87.89,6,1.02,4,11.87,5,0.06,1,38,6
11320,2010,서울특별시 도봉구,19.71,6,46.23,6,-18.43,10,54.13,5,35.9,6,0.16,2,,0,301,3,43.26,4,3.15,1,12.17,6,30.92,2,162.37,6,-2.19,10,90.96,6,1.09,5,11.01,4,0.03,1,21,4
11350,2010,서울특별시 노원구,22.71,6,51.5,6,-11.85,10,56,5,27.4,5,0.17,3,,0,904,6,47.42,4,23.59,5,8.33,5,22.32,1,48.95,3,-1.39,10,80.93,6,0.6,2,11.7,5,0.09,1,26,5
11380,2010,서울특별시 은평구,19.46,6,51.51,6,-7.82,10,51.5,5,33.8,6,0.15,2,,0,470,5,46.49,4,13.98,3,11.07,6,26.45,1,160.7,6,2.7,8,87.7,6,1.11,5,10.85,4,0.02,1,34,5
11410,2010,서울특별시 서대문구,23.95,6,49.25,6,-17.63,10,52.83,5,38.6,6,0.3,5,,0,1187,6,100.46,6,15.6,4,17.15,6,37.54,3,-54.96,1,-3.56,10,87.8,6,1.15,5,17.37,6,0.1,1,62,6
11440,2010,서울특별시 마포구,28.48,7,42.73,6,-9.61,10,52.13,5,47.1,6,0.65,6,,0,1857,7,205.92,7,5.98,1,17.45,6,33.81,2,44.89,3,-0.29,10,89.79,6,0.65,3,14.86,5,0.19,2,107,7
11470,2010,서울특별시 양천구,26.18,6,42.76,6,-9.4,10,53.73,5,43.6,6,0.23,4,,0,779,6,117.4,6,5.2,1,23.43,7,25.31,1,296.66,7,-1.93,10,90.09,6,0.72,3,15.47,5,0,1,23,4
11500,2010,서울특별시 강서구,22.29,6,41.87,6,-9.9,10,52.13,5,33.8,6,0.31,5,,0,859,6,84.69,6,5.92,1,9.21,5,24.01,1,179.47,6,-1.68,10,72.57,6,0.79,3,13.82,5,0.04,1,23,4
11530,2010,서울특별시 구로구,21.3,6,38.32,5,-10.11,10,53.87,5,40.1,6,0.5,6,,0,1613,7,114,6,6.82,1,14.35,6,28.11,1,-30.36,1,-1.73,10,85.92,6,0.53,1,13.9,5,0.05,1,26,5
11545,2010,서울특별시 금천구,14.53,6,34.1,5,-21.21,10,51.13,5,37.8,6,0.95,7,,0,2035,7,197.13,7,8.37,1,13.84,6,43.87,4,45.78,3,-2.36,10,82.91,6,1.03,4,16.16,5,0.04,1,13,2
11560,2010,서울특별시 영등포구,26.64,7,37.85,5,-14.37,10,53.07,5,66.5,7,1.01,7,,0,6341,7,800.73,7,1.87,1,15.5,6,32.15,2,202.69,7,-2.49,10,89.95,6,0.76,3,19.03,6,0.03,1,72,6
11590,2010,서울특별시 동작구,28.78,7,46,6,-13.41,10,55.9,5,45,6,0.26,4,,0,1021,6,94.13,6,11.01,2,15.19,6,30.53,2,85.82,5,-0.89,10,91.18,6,0.48,1,9.92,4,0.03,1,37,6
11620,2010,서울특별시 관악구,26.5,7,47.52,6,-14.51,10,51.53,5,33.9,6,0.18,3,,0,1586,7,50.05,4,21.04,5,10.54,6,24.82,1,513.17,7,-1.81,10,84.04,6,0.67,3,12.92,5,0.02,1,37,6
11650,2010,서울특별시 서초구,46.06,7,35.88,5,0.45,10,54.6,5,79.8,7,1.24,7,,0,6434,7,724.31,7,38.21,6,8.03,5,32.93,2,323.47,7,-0.09,10,83.55,6,0.38,1,20.95,6,0.08,1,64,6
11680,2010,서울특별시 강남구,43.95,7,39.93,5,-2.95,10,52.1,5,77.1,7,1.48,7,,0,5623,7,1207.02,7,8.81,1,10.58,6,26.29,1,109.52,6,-0.92,10,77.73,6,0.34,1,23.75,6,0.02,1,54,6
11710,2010,서울특별시 송파구,32.74,7,37.56,5,0.02,10,53.27,5,73.9,7,0.44,6,,0,1774,7,175.33,7,3.21,1,10.63,6,21.64,1,64.92,4,-1.45,10,87.6,6,0.51,1,13.96,5,0.02,1,47,6
11740,2010,서울특별시 강동구,24,6,45.76,6,-9.5,10,52.4,5,44.5,6,0.24,4,,0,678,6,77.56,5,4.88,1,11.32,6,25.17,1,88.46,5,-0.54,10,86.32,6,0.67,3,14.12,5,0.02,1,27,5
26110,2010,부산광역시 중구,12.82,5,39.06,5,-21.53,10,51.3,5,27.7,5,1.55,7,2669985,5,57,1,532.25,7,105.56,7,25.2,7,108.72,6,29.73,1,-2.02,10,45.63,4,0.41,1,26.97,6,1.04,7,39,6
26140,2010,부산광역시 서구,14.19,6,48.54,6,-23.28,10,51.23,5,11.4,3,0.36,5,1866606,3,133,1,97.12,6,16.37,4,8.36,5,58.15,5,-4.99,1,-1.95,10,59.06,5,1.97,6,9.86,4,0.26,4,18,3
26170,2010,부산광역시 동구,11.92,5,46.14,6,-19.55,10,51.03,5,15.8,4,0.85,7,3792022,5,72,1,359.72,7,0.75,1,8.88,5,71.83,5,50.06,3,-1.79,10,66.87,5,0.32,1,14.05,5,0.11,1,60,6
26200,2010,부산광역시 영도구,11.28,5,31.04,5,-23.87,10,50.63,5,13.8,3,0.28,5,2115041,4,126,1,80.39,6,6.1,1,9.35,5,47.45,4,-42.28,1,-2.48,10,67.27,5,0.43,1,14.24,5,0.21,3,11,1
26230,2010,부산광역시 부산진구,16.65,6,50.47,6,-16.09,10,50.13,5,23.1,5,0.39,5,5453410,6,402,4,144.8,6,16.12,4,12.33,6,29.6,2,-19.45,1,-1.85,10,66.83,5,0.34,1,12.59,5,0.03,1,104,7
26260,2010,부산광역시 동래구,19.67,6,49.76,6,-7.7,10,53.2,5,24.1,5,0.29,5,2750641,5,225,2,72.13,5,17.73,4,10.92,6,27.58,1,811.86,7,-1.07,10,45.19,4,0.64,2,12.29,5,0.04,1,50,6
26290,2010,부산광역시 남구,18.47,6,39.25,5,-9.56,10,51.7,5,18.2,4,0.23,4,3701692,5,358,4,64.74,5,8.42,1,9.33,5,28.55,2,13.76,1,-1.28,10,55.35,5,0.41,1,10.65,4,0.03,1,37,6
26320,2010,부산광역시 북구,14.35,6,57.55,6,-22.23,10,49.83,5,13.2,3,0.15,2,2272162,4,212,1,43.52,4,2.61,1,4.32,3,25.42,1,-22.05,1,-1.89,10,62.8,5,0.6,2,12.01,5,0.03,1,19,4
26350,2010,부산광역시 해운대구,22.65,6,52.41,6,-6.91,10,49.57,5,25,5,0.23,4,3662665,5,464,5,97.26,6,4.18,1,6.85,4,24.31,1,106.29,6,-0.94,10,55.85,5,0.56,2,11.31,5,0.15,1,35,5
26380,2010,부산광역시 사하구,14.71,6,38.75,5,-15.91,10,49.77,5,18.8,4,0.32,5,4903994,6,537,5,86.44,6,2.79,1,6.55,4,24.9,1,36.13,2,-1.78,10,72.64,6,0.44,1,9.96,4,0.03,1,22,4
26410,2010,부산광역시 금정구,19.17,6,41.23,6,-15.92,10,53.87,5,19.1,5,0.33,5,3188037,5,551,5,88.82,6,5.44,1,3.63,2,33.56,2,20.21,1,-0.02,10,70.22,5,0.85,4,12.53,5,0.04,1,41,6
26440,2010,부산광역시 강서구,14.47,6,21.25,4,10.55,9,53.5,5,38.6,6,1.78,7,6141250,6,375,4,627.08,7,228.23,7,2.39,1,103.04,6,-66.26,1,2.14,8,64.48,5,2.39,6,20.98,6,0.37,5,8,1
26470,2010,부산광역시 연제구,19.43,6,47.79,6,-13.42,10,53.37,5,21.7,5,0.41,5,3193732,5,130,1,103.09,6,0.42,1,11.33,6,33.65,2,-10.99,1,-0.53,10,71.32,5,0.89,4,11.92,5,0.05,1,42,6
26500,2010,부산광역시 수영구,22.91,6,47,6,-13.43,10,52.4,5,20,5,0.26,4,1708021,3,148,1,75.74,5,0.83,1,15.62,6,34.92,3,16.94,1,-0.91,10,70.76,5,0.94,4,12.07,5,0.12,1,25,5
26530,2010,부산광역시 사상구,11.49,5,35,5,-22.72,10,48.2,5,22.3,5,0.51,6,5442764,6,490,5,96.05,6,2.88,1,5.8,4,28.82,2,-70.13,1,-0.53,10,83.69,6,0.4,1,12.21,5,0,1,23,4
26710,2010,부산광역시 기장군,14.4,6,35.85,5,23.02,8,54.23,5,40.4,6,0.44,6,2663635,5,272,3,7.48,1,201.14,7,2.53,1,61.63,5,34.42,2,12.78,8,52.88,5,2.24,6,21.43,6,0.64,6,7,1
27110,2010,대구광역시 중구,19.76,6,54.66,6,-11.04,10,55.03,5,30.6,6,1.13,7,3188180,5,94,1,367.11,7,3.18,1,15.8,6,79.26,5,-75.13,1,-2.19,10,85.99,6,1.78,6,26.33,6,0.41,5,75,7
27140,2010,대구광역시 동구,14.95,6,41.88,6,-14.66,10,52.97,5,15.7,4,0.27,4,3767030,5,334,4,49.94,4,11.41,2,1.49,1,25.46,1,-69.14,1,0.33,8,86.02,6,1.03,4,11.32,5,0.09,1,41,6
27170,2010,대구광역시 서구,8.84,5,41.74,6,-27.81,10,52.13,5,16.8,4,0.33,5,2514090,4,181,1,55.54,5,2.08,1,11.26,6,30.91,2,-60.05,1,-2,10,69.32,5,0.85,4,11.15,4,0.05,1,23,4
27200,2010,대구광역시 남구,16.32,6,49.34,6,-17.97,10,51.6,5,15.9,4,0.24,4,1633581,3,154,1,53.65,5,100.37,7,9.16,5,33.93,2,-49.19,1,-2.32,10,73.27,6,0.95,4,12.22,5,0.12,1,48,6
27230,2010,대구광역시 북구,14.92,6,39.49,5,-11.44,10,51.87,5,18.8,4,0.29,5,5296418,6,1063,6,59.21,5,3.44,1,4.22,3,19.53,1,-43.79,1,-1.54,10,75.74,6,0.35,1,11.78,5,0.07,1,29,5
27260,2010,대구광역시 수성구,26.85,7,46.12,6,-0.67,10,55.5,5,30,6,0.26,4,4744901,6,560,5,122.17,6,46.42,6,4.24,3,19.18,1,-80.06,1,0.28,8,88.34,6,0.4,1,11.56,5,0.02,1,58,6
27290,2010,대구광역시 달서구,16.69,6,39.31,5,-10.14,10,53.83,5,23,5,0.33,5,8306073,7,1249,6,77.92,6,6.58,1,7.57,5,15.44,1,-88.56,1,0.36,8,65.4,5,0.48,1,11.94,5,0.05,1,43,6
27710,2010,대구광역시 달성군,11.47,5,31.97,5,2,10,56.47,5,38.5,6,0.4,5,3346813,5,475,5,8.09,1,225.52,7,1.21,1,38.88,3,-36.3,1,0.18,8,85.66,6,1.18,5,12.59,5,0.06,1,11,1
28110,2010,인천광역시 중구,14.83,6,34.27,5,-10.65,10,49.07,5,50.1,6,0.87,7,8549168,7,96,1,555.84,7,146.95,7,3.19,1,71.75,5,114.73,6,1.6,8,58.67,5,1.79,6,17.58,6,0.6,6,45,6
28140,2010,인천광역시 동구,9.38,5,23.92,4,-8.02,10,53.03,5,33.4,6,0.48,6,1935058,4,1361,7,218.47,7,3.46,1,9.23,5,70.66,5,-1.55,1,0.97,8,75.94,6,0.68,3,8.03,3,0.14,1,15,3
28170,2010,인천광역시 미추홀구,11.61,5,44.99,6,-10.19,10,47.43,5,21.7,5,0.25,4,4859816,6,669,6,70.55,5,6.79,1,9.71,5,25.36,1,5.8,1,-0.95,10,70.65,5,0.75,3,13.87,5,0.02,1,113,7
28185,2010,인천광역시 연수구,17.99,6,44.35,6,-9.5,10,51.37,5,29.8,6,0.21,4,2633141,5,741,6,99.56,6,15.63,4,8.89,5,21.7,1,84.93,5,1.52,8,66.78,5,0.65,3,9.55,4,0.04,1,50,6
28200,2010,인천광역시 남동구,13.47,6,36.99,5,11.42,9,48.7,5,37,6,0.47,6,11264898,7,1448,7,132.36,6,20.71,5,8.24,5,16.89,1,7.64,1,0.58,8,53.47,5,0.8,3,12.54,5,0.02,1,116,7
28237,2010,인천광역시 부평구,14.34,6,42.33,6,-12.83,10,48.1,5,22.6,5,0.28,5,7413432,6,823,6,77.5,5,10.31,2,14.21,6,16.22,1,40.25,2,-1.14,10,65.35,5,1.06,4,12.88,5,0.02,1,71,6
28245,2010,인천광역시 계양구,12.12,5,46.66,6,-12.74,10,48.07,5,21.4,5,0.2,3,3331702,5,476,5,53.34,5,11.23,2,6.79,4,19.36,1,211.15,7,-0.47,10,69.67,5,0.74,3,10.33,4,0,1,25,5
28260,2010,인천광역시 서구,11.68,5,31.56,5,-5.58,10,47.23,5,36,6,0.38,5,8518547,7,869,6,135.48,6,26.21,5,5.86,4,19.83,1,69.74,5,1.57,8,56.26,5,1.06,4,11.5,5,0.03,1,35,5
28710,2010,인천광역시 강화군,7.89,4,42.08,6,-16.12,10,60.17,6,17.2,4,0.29,5,1446174,2,51,1,13.66,1,61.85,7,1.13,1,114.77,6,442.95,7,-0.06,10,65.36,5,7.06,7,10.06,4,0.88,6,26,5
28720,2010,인천광역시 옹진군,9.38,5,35.7,5,-3.95,10,69.27,6,22.7,5,0.22,4,303683,1,5,1,9.04,1,0,1,1.74,1,364.26,7,63.45,4,2.88,8,63.45,5,6.19,7,11,4,1.37,7,0,1
29110,2010,광주광역시 동구,20.61,6,48.7,6,-26.81,10,51.17,5,15.5,4,0.6,6,2218256,4,206,1,215.14,7,2.84,1,3.05,1,68.14,5,388.88,7,-4.82,10,26.77,2,1.15,5,28.29,6,0.1,1,89,7
29140,2010,광주광역시 서구,22.72,6,40.96,6,-13.49,10,50.93,5,22.1,5,0.43,6,5551551,6,313,3,110.91,6,14.66,4,6.99,5,18.71,1,-94.63,1,0,10,85.24,6,0.82,4,13.92,5,0.03,1,58,6
29155,2010,광주광역시 남구,22.11,6,44.32,6,-5.52,10,53.07,5,15.7,4,0.24,4,1826780,3,185,1,43.01,4,7.95,1,5.23,4,35.72,3,-78.74,1,0.37,8,80.69,6,1.39,5,10.96,4,0.09,1,59,6
29170,2010,광주광역시 북구,19.63,6,42.66,6,-5.96,10,49.43,5,15.8,4,0.31,5,5724644,6,1218,6,57.64,5,17.38,4,4.95,3,24,1,38.96,2,-1.61,10,89.3,6,0.58,2,26.94,6,0.02,1,106,7
29200,2010,광주광역시 광산구,15.28,6,36.26,5,11.98,9,51.87,5,19.3,5,0.4,5,6744895,6,606,5,89.77,6,11.36,2,4.14,2,26.63,1,24.7,1,4.23,8,82.9,6,0.84,4,12.63,5,0.03,1,40,6
30110,2010,대전광역시 동구,13.55,6,39.44,5,-0.25,10,50.47,5,12.2,3,0.26,4,2561525,5,319,3,55.92,5,32.89,6,3.16,1,31.63,2,121.54,6,-0.57,10,60.78,5,1.13,5,8.18,3,0.2,3,44,6
30140,2010,대전광역시 중구,19.11,6,52.26,6,-8.25,10,52.6,5,18.4,4,0.33,5,3726599,5,322,4,90.46,6,58.65,7,5.3,4,28.49,2,0.86,1,-0.82,10,64.45,5,0.94,4,10.41,4,0.04,1,128,7
30170,2010,대전광역시 서구,23.74,6,48.7,6,-11.94,10,52.4,5,22.5,5,0.3,5,6477827,6,863,6,114.25,6,17.14,4,4.87,3,17.47,1,32.38,1,-1.16,10,63.96,5,1.44,5,11.82,5,0.02,1,99,7
30200,2010,대전광역시 유성구,31,7,34.81,5,20.51,8,53.83,5,32.8,6,0.41,5,6277364,6,8723,7,158.3,7,27,5,2.9,1,20.82,1,-33.65,1,4.06,8,64.43,5,0.72,3,13.36,5,0.03,1,44,6
30230,2010,대전광역시 대덕구,13.82,6,30.35,5,-19.58,10,51.67,5,18.9,5,0.45,6,5168040,6,1120,6,167.18,7,50.95,6,4.56,3,30.25,2,-30.53,1,-1.74,10,63.9,5,0.88,4,10.39,4,0.1,1,37,6
31110,2010,울산광역시 중구,12.32,5,48.6,6,-14.2,10,52.23,5,19.3,5,0.16,2,1825791,3,95,1,0.63,1,14.84,4,8.88,5,24.59,1,27.8,1,-0.1,10,71.75,5,0.49,1,13.84,5,0.04,1,65,6
31140,2010,울산광역시 남구,16.7,6,37.68,5,-13.62,10,52.57,5,45.8,6,0.51,6,16980346,7,495,5,7.4,1,34.24,6,7.28,5,18.61,1,32.93,1,-1.26,10,64.99,5,0.24,1,19.11,6,0.03,1,127,7
31170,2010,울산광역시 동구,10.42,5,23.87,4,-21.02,10,55.73,5,36.3,6,0.46,6,9834113,7,788,6,4.62,1,50.07,6,5.37,4,28.32,1,485.16,7,-3.48,10,68.55,5,0.24,1,13.59,5,0.24,4,25,5
31200,2010,울산광역시 북구,11.62,5,21.24,4,7.26,10,56.8,5,35.5,6,0.59,6,11684719,7,318,3,5.96,1,25.57,5,3.72,2,29.52,2,-5.85,1,2.07,8,69.68,5,0.53,1,14.99,5,0.24,3,26,5
31710,2010,울산광역시 울주군,12.28,5,25.84,4,6.5,10,57.47,5,48.6,6,0.5,6,10945799,7,296,3,12.86,1,92.77,7,1.86,1,39.89,3,63.29,4,1.68,8,63.34,5,1.53,5,16.66,5,0.26,4,24,4
36110,2010,세종특별자치시 세종시,,,,,,0,,,,,,,,,,,,,,,,,,,,,,,,,,,,,,,,
41110,2010,경기도 수원시,19.71,6,41.74,6,-9.29,10,49.58,5,64,7,0.33,5,16665087,7,11405,7,6.46,1,5.08,1,6.89,4,27.06,1,-15.8,1,-1.2,10,98,6,0.67,3,15.25,5,0.04,1,244,7
41130,2010,경기도 성남시,26.19,6,40.45,6,-10.77,10,48.24,5,67.4,7,0.36,5,14468780,7,5194,7,7.14,1,13.48,3,4.61,3,30.92,2,118.12,6,0.08,9,98.67,6,0.66,3,13.34,5,0.02,1,104,7
41150,2010,경기도 의정부시,13.85,6,49.72,6,-5.85,10,49.27,5,41.9,6,0.23,4,4810637,6,335,4,4.54,1,1.58,1,4.13,2,27.1,1,35.34,2,-1.9,10,94.51,6,1.51,5,18.23,6,0.07,1,62,6
41170,2010,경기도 안양시,22.72,6,40.14,6,-14.1,10,53.85,5,60.8,7,0.39,5,10282486,7,2144,7,5.41,1,2.5,1,6.77,4,32.15,2,-8.6,1,-0.74,10,91.49,6,0.33,1,13.05,5,0.05,1,80,7
41190,2010,경기도 부천시,16.16,6,45.75,6,-12.98,10,48.18,5,49.9,6,0.32,5,10750691,7,1832,7,5.36,1,5.48,1,11.2,6,29.14,2,-34.31,1,-1.18,10,99.74,6,0.97,4,13.46,5,0.06,1,78,7
41210,2010,경기도 광명시,18.55,6,41.75,6,-7.03,10,52.43,5,52.1,6,0.23,4,3644645,5,497,5,3.64,1,6.17,1,6.31,4,33.49,2,-88.26,1,7.07,8,99.8,6,0.3,1,15.14,5,0.15,1,26,5
41220,2010,경기도 평택시,11.74,5,34.26,5,-5.34,10,51.5,5,54.4,6,0.51,6,14240505,7,1163,6,11.5,1,2.77,1,1.63,1,49.83,4,7.96,1,0.17,8,97.37,6,0.72,3,15.37,5,0.05,1,65,6
41250,2010,경기도 동두천시,8.34,4,49.44,6,6.35,10,50.7,5,24.2,5,0.27,4,1095169,1,80,1,6.01,1,37.69,6,1.35,1,63.27,5,-29.85,1,0.08,9,86.03,6,3.59,7,25.16,6,0.22,3,17,3
41270,2010,경기도 안산시,11.75,5,35.79,5,-7.51,10,45.87,5,57.6,7,0.43,6,14800917,7,2208,7,7.32,1,8.05,1,5.67,4,27.28,1,151,6,-0.35,10,86.73,6,1.07,4,16.15,5,0.04,1,97,7
41280,2010,경기도 고양시,24.77,6,45.05,6,-8.38,10,51.79,5,60.4,7,0.29,5,11174156,7,1773,7,6.09,1,5.5,1,1.53,1,29.69,2,39.56,2,-0.1,10,95.42,6,1.26,5,14.26,5,0.03,1,88,7
41290,2010,경기도 과천시,37.58,7,36.71,5,2.06,10,60.8,6,48.3,6,0.47,6,2031721,4,595,5,8.93,1,104.4,7,1.6,1,77.66,5,30.11,1,-1.22,10,100,6,0.45,1,13.64,5,0.15,1,22,4
41310,2010,경기도 구리시,18.43,6,47.53,6,-11.68,10,52.77,5,48.4,6,0.29,5,2318719,4,204,1,4.62,1,14.82,4,4.15,2,37.62,3,-20.85,1,-1.5,10,99.97,6,0.7,3,16.98,6,0.11,1,28,5
41360,2010,경기도 남양주시,16.11,6,42.47,6,15.84,9,49.6,5,44.2,6,0.21,4,4513219,6,705,6,5.06,1,5.84,1,0.74,1,33.52,2,39.96,2,5.9,8,97.38,6,1.17,5,11.91,5,0.06,1,57,6
41370,2010,경기도 오산시,13.47,6,44.18,6,23.43,8,49.7,5,59.2,7,0.25,4,1839349,3,257,3,6.12,1,4.9,1,7.48,5,31.43,2,-49.36,1,10.98,8,94.55,6,0.65,3,13.87,5,0.05,1,26,5
41390,2010,경기도 시흥시,10.57,5,30.18,5,-8.62,10,45.4,5,57.1,7,0.45,6,7367799,6,1279,6,8.76,1,6.86,1,4.62,3,26.26,1,41.94,3,-0.2,10,92.96,6,1.23,5,11.5,5,0.02,1,39,6
41410,2010,경기도 군포시,22.58,6,37.34,5,-9.84,10,54.87,5,52.4,6,0.37,5,4066435,6,725,6,5.56,1,2.46,1,5.62,4,29.74,2,-32.95,1,2.74,8,99.96,6,0.97,4,13.2,5,0.04,1,48,6
41430,2010,경기도 의왕시,22.81,6,37.14,5,-11.94,10,54.27,5,52.9,6,0.28,5,1724294,3,520,5,4.96,1,1.97,1,2.86,1,39.65,3,-81.82,1,3.17,8,97.89,6,0.9,4,9.69,4,0.14,1,16,3
41450,2010,경기도 하남시,16.4,6,38.1,5,1.84,10,52.53,5,48.3,6,0.4,5,2124911,4,275,3,6.58,1,7.25,1,1.01,1,49.7,4,-40.6,1,-0.44,10,99.5,6,1.44,5,11.24,4,0.07,1,30,5
41460,2010,경기도 용인시,29.01,7,39.04,5,19.77,8,52.03,5,66.2,7,0.33,5,18020780,7,4147,7,8.14,1,7.59,1,1.16,1,28.36,2,-17.32,1,3.15,8,94.89,6,0.97,4,11.71,5,0.07,1,62,6
41480,2010,경기도 파주시,15.11,6,35.73,5,32.02,8,50.23,5,54,6,0.43,6,6896417,6,573,5,9.84,1,14.2,3,0.8,1,43.31,4,-7.75,1,8.41,8,99.11,6,1.89,6,14.72,5,0.3,4,37,6
41500,2010,경기도 이천시,10.98,5,42.26,6,-6.86,10,49.37,5,50,6,0.5,6,5420405,6,2359,7,19.33,1,9.48,1,0.95,1,55.59,4,-15.72,1,1.23,8,97.04,6,1.02,4,14.19,5,0.2,3,27,5
41550,2010,경기도 안성시,12.12,5,35.65,5,4.02,10,51.73,5,39.9,6,0.5,6,4058518,6,652,6,14.61,1,1.77,1,1,1,62.3,5,-38.94,1,2.76,8,98.34,6,2.5,6,17.74,6,0.06,1,24,4
41570,2010,경기도 김포시,16.54,6,30.49,5,4.26,10,52.63,5,45.8,6,0.55,6,4305516,6,769,6,11.5,1,4.37,1,1.17,1,42.79,4,747.94,7,4.58,8,99.56,6,1.16,5,13.68,5,0.18,2,23,4
41590,2010,경기도 화성시,17.06,6,26.39,4,78.01,8,48.03,5,67.1,7,0.73,6,17258744,7,2011,7,16.02,1,5.82,1,1.07,1,35.15,3,-45.45,1,1.22,8,98.66,6,1.35,5,13.46,5,0.12,1,40,6
41610,2010,경기도 광주시,14.43,6,32.26,5,2.55,10,48.57,5,57.6,7,0.5,6,3896662,6,837,6,11.25,1,1.43,1,0.9,1,46.86,4,265.35,7,3.52,8,94.87,6,0.87,4,18.58,6,0.13,1,29,5
41630,2010,경기도 양주시,11.01,5,33.32,5,13.65,9,51.1,5,40.8,6,0.41,5,2940514,5,415,4,9.57,1,5.67,1,1.29,1,47.95,4,41.37,3,6.43,8,97.78,6,1.49,5,15.59,5,0.05,1,22,4
41650,2010,경기도 포천시,7.64,4,32.49,5,-11.84,10,52,5,34.8,6,0.59,6,3060975,5,329,4,12.68,1,8.89,1,0.62,1,73.33,5,91.6,5,-1.73,10,95.63,6,3.26,7,24.97,6,0.14,1,28,5
41730,2010,경기도 여주시,9.54,5,43.28,6,-6.94,10,53.73,5,35.8,6,0.37,5,2018250,4,108,1,10.36,1,9.56,2,0.81,1,82.71,5,61.58,4,0.11,9,97.82,6,2.67,6,18.77,6,0.3,4,28,5
41800,2010,경기도 연천군,7.51,4,39.7,5,-14.46,10,59.77,6,27,5,0.27,4,645342,1,33,1,8.24,1,6.42,1,0.48,1,169.02,6,88.47,5,-1.61,10,99.71,6,3.35,7,22.74,6,0.72,6,14,2
41820,2010,경기도 가평군,9.47,5,44.88,6,-3.74,10,62.93,6,26.9,5,0.36,5,1259325,1,33,1,10.62,1,3.62,1,0.47,1,128.93,6,34.3,2,1.37,8,99.13,6,3.73,7,23.39,6,0.79,6,11,1
41830,2010,경기도 양평군,13.01,5,45.86,6,0.14,10,58.83,6,24.4,5,0.27,4,1247444,1,88,1,7.52,1,5.17,1,0.55,1,111.35,6,122.38,6,4.44,8,99.89,6,3.86,7,20.65,6,0.24,4,14,2
42110,2010,강원도 춘천시,17.25,6,44.77,6,-2.97,10,56.53,5,30.7,6,0.31,5,3976432,6,610,5,5.45,1,22.42,5,1,1,49.52,4,-47.47,1,0.75,8,80.16,6,1.77,6,19.33,6,0.22,3,73,7
42130,2010,강원도 원주시,14.73,6,42.58,6,0.52,10,50.87,5,34,6,0.34,5,4870756,6,492,5,6.72,1,25.85,5,1.2,1,43.35,4,-42.2,1,1,8,82.06,6,1.51,5,19.2,6,0.19,3,35,5
42150,2010,강원도 강릉시,14.65,6,43.68,6,-9.25,10,55.3,5,24.3,5,0.32,5,3099077,5,206,1,5.52,1,39.62,6,0.93,1,56.03,4,-56.94,1,-0.56,10,94.92,6,1.42,5,21.19,6,0.46,5,39,6
42170,2010,강원도 동해시,12.21,5,42.01,6,-11.24,10,57.13,5,18.5,4,0.34,5,2034188,4,49,1,9.27,1,47.11,6,2.47,1,64.81,5,35.29,2,-1.05,10,92.94,6,1.1,5,17.11,6,0.55,6,18,3
42190,2010,강원도 태백시,10.27,5,39.2,5,-14.35,10,59.33,6,27.1,5,0.31,5,741950,1,19,1,5.68,1,85.71,7,1,1,109.2,6,-21.21,1,-1.46,10,86.38,6,0.58,2,22.89,6,0.97,7,7,1
42210,2010,강원도 속초시,11.3,5,49.78,6,-13.82,10,53.4,5,24.1,5,0.28,5,976137,1,28,1,7.17,1,11.93,3,2.22,1,67.09,5,-70.12,1,-0.47,10,80.95,6,1.61,5,21.29,6,0.37,5,20,4
42230,2010,강원도 삼척시,10.69,5,36.2,5,-7.64,10,63.33,6,16.7,4,0.32,5,1553103,3,34,1,6.59,1,28.57,5,0.64,1,124.83,6,182.63,6,-0.76,10,89.06,6,0.89,4,18.98,6,0.74,6,9,1
42720,2010,강원도 홍천군,8.55,4,41.62,6,-16.38,10,61.53,6,19.1,5,0.34,5,1639400,3,186,1,9.53,1,22.12,5,0.37,1,107.49,6,28.32,1,-0.34,10,90.28,6,5.09,7,20.83,6,0.64,6,12,1
42730,2010,강원도 횡성군,7.93,4,40.61,6,-13.5,10,64.1,6,13.6,3,0.4,5,1084338,1,64,1,11.2,1,6.4,1,0.49,1,146.3,6,9.3,1,-0.1,10,91.03,6,4.76,7,40.48,7,0.79,6,3,1
42750,2010,강원도 영월군,7.78,4,32.71,5,-17.62,10,64.2,6,11.9,3,0.38,5,943382,1,7,1,8.68,1,28.84,6,0.4,1,157.77,6,57.45,4,-0.79,10,95.97,6,3.14,6,32.24,6,1.14,7,3,1
42760,2010,강원도 평창군,9.12,5,36.54,5,-13.67,10,60.6,6,19.9,5,0.4,5,936042,1,19,1,13.26,1,38.91,6,0.36,1,155.38,6,17.52,1,-0.83,10,96.08,6,1.87,6,30.65,6,1.33,7,2,1
42770,2010,강원도 정선군,9.14,5,39.65,5,-18.52,10,62.83,6,20,5,0.49,6,1124026,1,19,1,10.19,1,52.75,6,0.42,1,156.75,6,-53.62,1,-1.26,10,91.32,6,2.78,6,28.63,6,1.39,7,4,1
42780,2010,강원도 철원군,8.64,4,45.91,6,-10.89,10,62.9,6,11.2,2,0.23,4,953456,1,28,1,6.13,1,29.67,6,0.49,1,131.96,6,27.89,1,1.45,8,93.67,6,1.62,6,25.19,6,0.69,6,4,1
42790,2010,강원도 화천군,12.33,5,38.77,5,-20.37,10,65.63,6,14.9,4,0.2,3,675434,1,17,1,6.8,1,36.17,6,0.44,1,203.9,7,649.46,7,-0.45,10,88.84,6,1.81,6,31.65,6,1.81,7,3,1
42800,2010,강원도 양구군,10.57,5,36.11,5,-8.82,10,66.97,6,15.4,4,0.28,5,512997,1,11,1,5.44,1,35.74,6,0.46,1,211.23,7,2879.31,7,1.67,8,76.27,6,2.58,6,40.28,7,3.1,7,2,1
42810,2010,강원도 인제군,11.2,5,38.7,5,-19.45,10,64.27,6,12.5,3,0.28,5,905554,1,17,1,7.03,1,40.05,6,0.29,1,174.17,7,717.13,7,0.09,9,88.74,6,1.04,4,29.9,6,3.82,7,4,1
42820,2010,강원도 고성군,7.25,4,43.08,6,-21.67,10,65.27,6,13.3,3,0.32,5,622862,1,35,1,8.79,1,17.94,4,0.55,1,171.94,7,62.47,4,-0.99,10,86.97,6,1.5,5,41.12,7,3.74,7,2,1
42830,2010,강원도 양양군,10.06,5,41.39,6,-25.78,10,64.8,6,13.8,3,0.36,5,699338,1,14,1,10,1,9.81,2,0.49,1,182.53,7,-48.04,1,-0.48,10,91.81,6,2.75,6,33.37,6,3.14,7,4,1
43110,2010,충청북도 청주시,16.24,6,45.38,6,-5.63,10,50.47,5,44,6,0.31,5,9634563,7,895,6,5.48,1,15.49,4,6.14,4,25.63,1,-14.14,1,0.67,8,74.42,6,1.08,5,13.46,5,0.04,1,172,7
43130,2010,충청북도 충주시,12.33,5,41.82,6,-11.54,10,55.3,5,20.3,5,0.33,5,3502294,5,221,2,6.93,1,30.9,6,1.12,1,62.64,5,-11.5,1,0.12,8,91.69,6,2.12,6,17.96,6,0.34,5,31,5
43150,2010,충청북도 제천시,9.7,5,41.32,6,-9.32,10,56,5,24.4,5,0.33,5,1742026,3,106,1,6.63,1,19.31,5,0.93,1,72.61,5,-81.37,1,0.4,8,89.98,6,2.15,6,17,6,0.22,3,22,4
43710,2010,충청북도 청원군,14.14,6,30.8,5,,,55.43,5,37.5,6,0.59,6,5399467,6,734,6,16.1,1,162.76,7,0.8,1,56.06,4,4.25,1,0.97,8,63.93,5,2.09,6,12.87,5,0.21,3,9,1
43720,2010,충청북도 보은군,5.51,3,37.23,5,-19.08,10,69.3,6,12.1,3,0.37,5,623482,1,58,1,10.46,1,19.84,5,0.75,1,193.39,7,77.91,5,-0.08,10,94.09,6,2.62,6,21.31,6,2.29,7,10,1
43730,2010,충청북도 옥천군,7.26,4,37.73,5,-13.98,10,65.57,6,14.4,4,0.42,6,797624,1,88,1,8.84,1,25.56,5,0.74,1,121.05,6,1.49,1,-1.01,10,87.91,6,4.83,7,17.29,6,0.8,6,12,1
43740,2010,충청북도 영동군,7.3,4,38.5,5,-18.21,10,66.43,6,14.5,4,0.29,5,674057,1,45,1,6.42,1,31.85,6,0.66,1,132.81,6,9.43,1,-0.17,10,89.64,6,4.11,7,19.47,6,0.87,6,16,3
43745,2010,충청북도 증평군,11.11,5,38.39,5,1.74,10,55.8,5,22.9,5,0.35,5,571195,1,30,1,7.2,1,8.18,1,0.98,1,103.71,6,-53.88,1,-0.05,10,83.13,6,1.9,6,20.61,6,0.63,6,6,1
43750,2010,충청북도 진천군,7.68,4,31.45,5,-4.6,10,57.73,6,26.3,5,0.73,6,2782358,5,191,1,16.42,1,19.44,5,0.87,1,88.35,6,103.22,6,0.03,10,88.59,6,2.58,6,22.13,6,0.32,5,8,1
43760,2010,충청북도 괴산군,6.49,3,34.55,5,-13.09,10,64.73,6,13.1,3,0.4,5,628390,1,75,1,9.52,1,40.25,6,0.66,1,191.13,7,345.98,7,-0.2,10,94.33,6,4.46,7,11.79,5,1.27,7,10,1
43770,2010,충청북도 음성군,8.23,4,31.04,5,-8.76,10,54.77,5,28.6,6,0.68,6,2799857,5,245,2,22.64,1,19.03,4,0.8,1,76.94,5,30.36,1,0.34,8,87.66,6,2.14,6,17.12,6,0.48,5,13,2
43800,2010,충청북도 단양군,7.41,4,28.29,5,-21.15,10,63.57,6,17.2,4,0.47,6,949481,1,25,1,13.54,1,68.39,7,0.5,1,188.89,7,111.88,6,-0.9,10,93.82,6,3.91,7,20.59,6,1.42,7,4,1
44130,2010,충청남도 천안시,15.03,6,37.56,5,-0.27,10,48.07,5,54.5,6,0.43,6,16211610,7,2137,7,7.68,1,10.72,2,1.55,1,31.45,2,-17.77,1,1.62,8,60.95,5,0.87,4,13.07,5,0.05,1,98,7
44150,2010,충청남도 공주시,10.82,5,44.71,6,-14.02,10,56.37,5,19.1,5,0.31,5,2347342,4,579,5,6.37,1,25.37,5,0.86,1,101.02,6,144.23,6,-0.04,10,56.92,5,2.46,6,12.85,5,0.65,6,22,4
44180,2010,충청남도 보령시,8.35,4,40,5,-10.58,10,58.67,6,22.6,5,0.33,5,2214854,4,70,1,8.63,1,23.66,5,1,1,90.21,6,-48.51,1,-0.28,10,31.94,3,0.1,1,12.58,5,0.82,6,16,3
44200,2010,충청남도 아산시,12.1,5,35.65,5,29.91,8,49.6,5,52.3,6,0.49,6,16156188,7,1154,6,11.34,1,27.8,5,1473.32,7,48.48,4,17.97,1,1.55,8,42.9,4,1.29,5,15.79,5,0.11,1,30,5
44210,2010,충청남도 서산시,10.27,5,33.96,5,1.86,10,54.4,5,32.1,6,0.36,5,7699334,7,218,2,8.77,1,66.75,7,0.99,1,62.8,5,-18.35,1,0.07,9,40.79,4,1.21,5,14.92,5,0.45,5,17,3
44230,2010,충청남도 논산시,8.45,4,43.42,6,-14.28,10,54.67,5,18.9,5,0.35,5,2273516,4,218,2,5.97,1,22.57,5,1.01,1,74.32,5,28.45,1,-0.64,10,50.68,5,2.68,6,14.85,5,0.5,6,22,4
44250,2010,충청남도 계룡시,27.74,7,52.17,6,18.75,8,59.83,6,22.6,5,0.16,2,405763,1,84,1,3.21,1,182.58,7,1.97,1,75.85,5,-89.16,1,-0.36,10,40.74,4,2.17,6,14.45,5,0.48,6,3,1
44710,2010,충청남도 금산군,6.37,3,32.75,5,-5.8,10,59.17,6,22.7,5,0.42,6,1429702,2,125,1,8.54,1,26.06,5,0.57,1,113.12,6,130.02,6,-0.16,10,8.82,1,5.67,7,17.94,6,0.76,6,14,2
44730,2010,충청남도 연기군,10.07,5,36.11,5,,,57.63,5,35.5,6,0.38,5,2109547,4,174,1,8.45,1,11.31,2,0.81,1,72.07,5,21.65,1,1.63,8,18.52,1,0.25,1,16.58,5,0.37,5,14,2
44760,2010,충청남도 부여군,6.2,3,43.83,6,-21.24,10,60.97,6,14.9,4,0.29,5,1420137,2,58,1,4.99,1,40.1,6,0.77,1,112.16,6,108.09,6,-1.4,10,59.02,5,1.33,5,11.1,4,0.3,4,7,1
44770,2010,충청남도 서천군,6.99,4,40.86,6,-18.81,10,62.27,6,11.8,3,0.39,5,1363292,2,31,1,7.36,1,50.82,6,1.01,1,119.45,6,32.15,1,-0.54,10,35.9,3,2.41,6,20.22,6,0.74,6,10,1
44790,2010,충청남도 청양군,5.33,3,41.36,6,-17.72,10,67.37,6,12.2,3,0.32,5,664553,1,67,1,5.83,1,0.02,1,0.72,1,177.79,7,65.12,4,-0.26,10,40,4,1.68,6,16.13,5,1.01,7,5,1
44800,2010,충청남도 홍성군,8.84,5,43.88,6,-5.63,10,60.67,6,27.9,5,0.33,5,1685508,3,68,1,5.69,1,16.92,4,0.71,1,81.75,5,33.74,2,-0.07,10,31.15,3,0.24,1,13.65,5,0.6,6,9,1
44810,2010,충청남도 예산군,7.92,4,36.77,5,-16.01,10,62.63,6,18.5,4,0.33,5,1608148,3,86,1,6.23,1,14.43,4,0.72,1,90.84,6,-34.91,1,-0.56,10,27.78,2,0.13,1,18.89,6,0.39,5,12,1
44825,2010,충청남도 태안군,7.34,4,40.41,6,-21.12,10,61.37,6,21.1,5,0.29,5,1516103,2,23,1,8.1,1,9.87,2,0.61,1,117.65,6,10.65,1,-0.29,10,56.45,5,2.78,6,10.58,4,0.93,6,11,1
44830,2010,충청남도 당진시,9.88,5,28.66,5,13.88,9,54.4,5,39,6,0.4,5,6028233,6,119,1,14.85,1,29.13,6,0.65,1,72.19,5,50.53,3,3.45,8,23.02,1,1.53,5,15.62,5,0.73,6,21,4
45110,2010,전라북도 전주시,20.49,6,46.67,6,-4.7,10,53.08,5,33.5,6,0.31,5,7699609,7,773,6,4.71,1,24.66,5,2.88,1,11.48,1,65.66,4,0.02,10,78.65,6,0.89,4,14.81,5,0.05,1,370,7
45130,2010,전라북도 군산시,13.77,6,33.5,5,-3.7,10,55.7,5,27.4,5,0.39,5,6508638,6,244,2,7.7,1,32.4,6,2.44,1,21.53,1,-4.39,1,0.87,8,48.12,4,1.23,5,12.93,5,0.23,3,62,6
45140,2010,전라북도 익산시,13.9,6,42.99,6,-13.85,10,52.93,5,24.4,5,0.35,5,4834159,6,850,6,5.23,1,18.26,4,1.72,1,20.48,1,54.03,4,-0.83,10,63.87,5,2.33,6,16.09,5,0.13,1,111,7
45180,2010,전라북도 정읍시,8.43,4,45.1,6,-13.97,10,62.17,6,12.5,3,0.32,5,2037274,4,101,1,5.83,1,44.96,6,0.86,1,46.03,4,81.72,5,-0.48,10,48.29,4,2.36,6,15.41,5,0.18,2,43,6
45190,2010,전라북도 남원시,8.83,5,47.85,6,-15.73,10,66.63,6,9.3,1,0.32,5,1443807,2,103,1,5.16,1,37.53,6,0.88,1,59.29,5,121.43,6,-0.47,10,37.93,4,2.79,6,20.95,6,1.02,7,32,5
45210,2010,전라북도 김제시,8.16,4,37.74,5,-19.64,10,61.63,6,16,4,0.38,5,1714653,3,147,1,10.28,1,16.29,4,1.25,1,50.18,4,6.38,1,-1.35,10,64.17,5,3.36,7,13.33,5,0.24,4,21,4
45710,2010,전라북도 완주군,10.12,5,26.83,5,2.99,10,59.1,6,23.5,5,0.48,6,2740681,5,179,1,9.85,1,17.43,4,0.65,1,36.21,3,23.1,1,0.41,8,62.18,5,2.52,6,11.99,5,0.24,3,15,3
45720,2010,전라북도 진안군,6.2,3,43.88,6,-24.95,10,66.7,6,11.3,3,0.29,5,512378,1,28,1,5.38,1,31.63,6,0.63,1,119.34,6,157.14,6,-1.07,10,24.78,2,4.89,7,18.1,6,0.49,6,24,4
45730,2010,전라북도 무주군,7.25,4,36.57,5,-9.16,10,67.93,6,12.6,3,0.37,5,559052,1,17,1,7.12,1,24.44,5,0.54,1,86.59,6,182.97,6,-1.26,10,32.4,3,2.29,6,21.53,6,4.58,7,15,3
45740,2010,전라북도 장수군,5.67,3,41.92,6,-13.4,10,68.87,6,11,2,0.33,5,440693,1,92,1,6.44,1,53.62,6,0.78,1,94.73,6,-11.91,1,-0.52,10,48.63,5,2.57,6,25.74,6,1.54,7,20,4
45750,2010,전라북도 임실군,5.03,2,43.35,6,-16.57,10,66.83,6,11.5,3,0.37,5,616154,1,21,1,6.88,1,87.29,7,0.86,1,106.07,6,365.62,7,-1,10,37.07,4,2.96,6,24.93,6,2.96,7,15,3
45770,2010,전라북도 순창군,5.75,3,44.15,6,-7.18,10,72.57,6,12.2,3,0.36,5,590593,1,26,1,5.22,1,14.24,3,0.67,1,92.31,6,289.13,7,-0.09,10,43.75,4,1.98,6,11.49,5,0.4,5,11,1
45790,2010,전라북도 고창군,6.47,3,40.74,6,-12.93,10,63.1,6,9.6,2,0.3,5,1087392,1,41,1,5.68,1,13.08,3,0.81,1,60.75,5,211.63,7,1.06,8,66.22,5,2.44,6,19.31,6,1.5,7,21,4
45800,2010,전라북도 부안군,6.82,4,46.62,6,-20.24,10,63.5,6,16.7,4,0.31,5,1069891,1,54,1,5.57,1,90.26,7,0.9,1,64.35,5,145.84,6,-0.74,10,65.66,5,0.79,3,12.2,5,0.98,7,17,3
46110,2010,전라남도 목포시,13.79,6,48.88,6,-7.21,10,52.3,5,25.1,5,0.28,5,3192362,5,104,1,5.44,1,32.63,6,9.68,5,50.89,4,2.73,1,-0.91,10,28.05,2,0.92,4,22.08,6,0.04,1,109,7
46130,2010,전라남도 여수시,11.73,5,32.6,5,-13.5,10,53.5,5,28.9,6,0.39,5,15706152,7,212,1,9.56,1,26.37,5,1.78,1,75.8,5,142.48,6,-1.15,10,27.39,2,1.19,5,19.63,6,0.11,1,64,6
46150,2010,전라남도 순천시,14.26,6,46.19,6,-9.91,10,53.93,5,20.8,5,0.31,5,4292153,6,375,4,5.36,1,42.14,6,1.14,1,60.15,5,99.25,5,0.3,8,28.93,2,0.89,4,20.68,6,0.12,1,55,6
46170,2010,전라남도 나주시,7.41,4,37.45,5,-19.64,10,63,6,15.4,4,0.41,6,1879367,3,135,1,9.47,1,133.96,7,1.17,1,152.9,6,110.5,6,-1.64,10,66.81,5,2.54,6,20.84,6,0.13,1,31,5
46230,2010,전라남도 광양시,11.13,5,25.43,4,-7.49,10,57.27,5,37.8,6,0.54,6,8982867,7,221,2,15.06,1,75.85,7,1.68,1,74.81,5,178.04,6,0.18,8,41.3,4,1.31,5,19.23,6,0.07,1,28,5
46710,2010,전라남도 담양군,7.79,4,35.46,5,-12.48,10,63.07,6,14.1,3,0.41,6,855685,1,91,1,8.22,1,24.65,5,0.71,1,177.69,7,78.61,5,0.66,8,20,1,4.39,7,18.28,6,0.24,4,7,1
46720,2010,전라남도 곡성군,4.47,2,28.33,5,-13.72,10,67.7,6,8.7,1,0.43,6,679580,1,17,1,8.21,1,23.4,5,0.54,1,258.51,7,133.24,6,-0.79,10,69.49,5,3.3,7,28.23,6,0.37,5,10,1
46730,2010,전라남도 구례군,6.15,3,46.23,6,-18.23,10,67.23,6,11.4,3,0.28,5,327796,1,9,1,11.78,1,21.13,5,0.46,1,265.4,7,252.75,7,-0.87,10,33.89,3,1.78,6,31.67,6,0.89,6,5,1
46770,2010,전라남도 고흥군,3.94,1,46.02,6,-25.25,10,68.53,6,8.6,1,0.27,5,960678,1,23,1,5.57,1,19.45,5,0.75,1,154.75,6,98.28,5,-1.74,10,42.13,4,1.74,6,18.46,6,0.16,1,13,2
46780,2010,전라남도 보성군,4.82,2,45.42,6,-21.68,10,66.47,6,8.9,1,0.28,5,746526,1,38,1,6.07,1,24.06,5,0.65,1,127.22,6,218.35,7,-1.45,10,59.83,5,1.99,6,21.16,6,1,7,9,1
46790,2010,전라남도 화순군,10.19,5,41.58,6,-14.67,10,61.77,6,23.1,5,0.44,6,1055035,1,117,1,7.22,1,24.66,5,0.52,1,137.26,6,253.99,7,-1.11,10,55.01,5,2.09,6,17.52,6,0.16,2,19,4
46800,2010,전라남도 장흥군,5.63,3,48.26,6,-23.25,10,66.67,6,9.2,1,0.3,5,702964,1,29,1,4.09,1,48.76,6,0.53,1,199.65,7,385.4,7,0.58,8,47.7,4,1.96,6,18.73,6,0.28,4,10,1
46810,2010,전라남도 강진군,5.93,3,44.53,6,-11.56,10,61.97,6,9.2,1,0.27,4,602512,1,10,1,7.02,1,75.98,7,0.55,1,199.39,7,272.36,7,0.65,8,59.25,5,2.05,6,22.8,6,0.29,4,14,2
46820,2010,전라남도 해남군,5.68,3,46.19,6,-21.2,10,64.03,6,11.9,3,0.3,5,1243336,1,48,1,6.16,1,8.43,1,0.56,1,151.27,6,181.4,6,-2.75,10,63.51,5,2.12,6,17.87,6,0.15,1,9,1
46830,2010,전라남도 영암군,7.02,4,19.85,3,-21.15,10,59.93,6,18.2,4,0.68,6,3100589,5,78,1,17.35,1,41.94,6,0.64,1,142.64,6,10.86,1,-0.99,10,32.75,3,1.36,5,18.04,6,0.34,5,12,1
46840,2010,전라남도 무안군,10.08,5,43.01,6,40.07,8,64.93,6,10.7,2,0.24,4,1331901,2,196,1,5.63,1,17.84,4,0.93,1,108.53,6,299.41,7,2.22,8,44.72,4,2.19,6,14.17,5,0.15,1,14,2
46860,2010,전라남도 함평군,5.01,2,43.54,6,-20.19,10,67.43,6,10.3,2,0.29,5,593824,1,59,1,7.12,1,29.45,6,0.91,1,166.8,6,119.23,6,-1.83,10,30.9,3,4.52,7,21.62,6,0.65,6,6,1
46870,2010,전라남도 영광군,6.78,4,40.76,6,-27.94,10,66.73,6,13.1,3,0.35,5,1883674,3,25,1,14.68,1,15.69,4,0.69,1,159.46,6,346.74,7,-0.46,10,32.92,3,3.08,6,17.88,6,0.21,3,11,1
46880,2010,전라남도 장성군,8.81,5,37.52,5,-17.15,10,64.17,6,10.7,2,0.43,6,1108710,1,68,1,9.19,1,12.49,3,0.8,1,191.91,7,189.6,6,-0.21,10,24.47,2,1.56,5,20.26,6,0.26,4,8,1
46890,2010,전라남도 완도군,5.61,3,44.56,6,-19.25,10,65.27,6,9.5,2,0.26,4,650563,1,243,2,5.17,1,27.36,5,0.77,1,181.29,7,152.56,6,-0.62,10,36.25,4,1.92,6,20.95,6,0.21,3,9,1
46900,2010,전라남도 진도군,5.23,2,42.67,6,-20.47,10,64.03,6,11.1,2,0.27,4,430568,1,24,1,5.71,1,30.11,6,0.76,1,217.05,7,50.26,3,-0.95,10,51.17,5,1.4,5,31.86,6,0.7,6,8,1
46910,2010,전라남도 신안군,4.16,1,30.62,5,-30.36,10,64.17,6,12.7,3,0.24,4,720835,1,15,1,5.86,1,117.76,7,0.65,1,290.17,7,324.69,7,-0.28,10,31.1,3,3.01,6,28.9,6,0.6,6,0,1
47110,2010,경상북도 포항시,13.04,5,32.67,5,-8.65,10,58.92,6,41.4,6,0.39,5,15613899,7,2530,7,8.45,1,25.81,5,0.78,1,48.71,4,-31.69,1,-0.02,10,77.35,6,0.55,2,14.84,5,0.04,1,105,7
47130,2010,경상북도 경주시,11.82,5,35.98,5,-15.84,10,60.23,6,28,5,0.45,6,5599907,6,493,5,8.7,1,12.95,3,0.76,1,74.33,5,91.94,5,-1.04,10,86.4,6,0.82,4,15.11,5,0.04,1,57,6
47150,2010,경상북도 김천시,9.29,5,42.37,6,-16.53,10,66.27,6,23.6,5,0.33,5,2395746,4,127,1,7.06,1,32.85,6,0.92,1,110.17,6,96.11,5,-0.51,10,87.68,6,1.49,5,22.83,6,0,1,21,4
47170,2010,경상북도 안동시,11.56,5,45.73,6,-10.89,10,64.27,6,15.1,4,0.31,5,2300159,4,156,1,5.03,1,39.08,6,0.64,1,96.03,6,78.94,5,-0.36,10,89.2,6,1.26,5,15.22,5,0.3,4,60,6
47190,2010,경상북도 구미시,11.76,5,36.92,5,-5.19,10,50.87,5,41.5,6,0.52,6,21949162,7,2081,7,9.86,1,37.06,6,0.89,1,48.09,4,-53.15,1,0.71,8,79.2,6,0.75,3,19.62,6,0,1,73,7
47210,2010,경상북도 영주시,9.47,5,42.45,6,-13.66,10,65.43,6,17.9,4,0.28,5,1933735,4,42,1,5.75,1,26.11,5,0.76,1,105.61,6,19.39,1,-0.08,10,81.39,6,1.74,6,15.89,5,0.46,5,21,4
47230,2010,경상북도 영천시,7.6,4,36.27,5,-21.29,10,60.83,6,19.8,5,0.42,6,1899873,3,189,1,9.08,1,19.82,5,0.64,1,121.36,6,51.31,4,-0.87,10,87.24,6,0.94,4,13.86,5,0.31,4,19,4
47250,2010,경상북도 상주시,9.63,5,46.01,6,-18.31,10,68.73,6,11.4,3,0.26,4,1401377,2,98,1,5.48,1,21.96,5,0.63,1,152.09,6,203.2,7,-0.99,10,90.41,6,2.04,6,20.28,6,0.1,1,17,3
47280,2010,경상북도 문경시,8.61,4,44.12,6,-14.58,10,67.53,6,20,5,0.29,5,1131117,1,74,1,5.99,1,35.87,6,0.67,1,153.29,6,5.63,1,0.5,8,85.55,6,1.74,6,24.34,6,0.72,6,23,4
47290,2010,경상북도 경산시,13.66,6,38.87,5,-2.74,10,52.03,5,27.9,5,0.33,5,4492400,6,580,5,6.52,1,14.56,4,2.31,1,49.28,4,137.61,6,0.53,8,84.3,6,0.98,4,14.92,5,0.08,1,35,5
47720,2010,경상북도 군위군,5.05,2,32.07,5,-35.59,10,72.37,6,11.7,3,0.38,5,474916,1,26,1,9.55,1,23.14,5,0.44,1,290.1,7,120.26,6,-0.98,10,92.31,6,2.5,6,35.01,7,0,1,8,1
47730,2010,경상북도 의성군,4.61,2,41.5,6,-27.2,10,71.17,6,11.7,3,0.26,4,812339,1,64,1,5.08,1,22.44,5,0.44,1,205.28,7,149.9,6,-0.98,10,94.35,6,2.93,6,13.46,5,0.39,5,12,1
47750,2010,경상북도 청송군,7.07,4,35.92,5,-27.46,10,71.7,6,13.1,3,0.27,4,404553,1,8,1,4.8,1,18.56,4,0.43,1,260.75,7,196.56,6,-0.82,10,93.76,6,2.5,6,21.24,6,0.83,6,9,1
47760,2010,경상북도 영양군,5.33,3,36.74,5,-17.34,10,72.2,6,10.8,2,0.23,4,313585,1,3,1,4.63,1,55.75,6,0.44,1,335.55,7,120.2,6,-0.91,10,94.33,6,3.02,6,22.97,6,1.21,7,4,1
47770,2010,경상북도 영덕군,5.29,3,48.15,6,-24.23,10,70.43,6,12.4,3,0.28,5,528458,1,9,1,5.59,1,54.87,6,0.57,1,189.96,7,123.74,6,-1.46,10,88.14,6,1.65,6,17.57,6,1.65,7,7,1
47820,2010,경상북도 청도군,7.17,4,48.06,6,-16.71,10,68.13,6,12.2,3,0.29,5,614023,1,38,1,7.54,1,32.37,6,0.55,1,189.13,7,97.22,5,0.49,8,95.79,6,2.09,6,17.26,6,0.52,6,11,1
47830,2010,경상북도 고령군,6.03,3,30.76,5,-10.38,10,67.13,6,15.7,4,0.55,6,832272,1,44,1,15.03,1,17.67,4,0.58,1,186.06,7,80.48,5,0.11,9,92.9,6,2.51,6,20.12,6,0.31,4,7,1
47840,2010,경상북도 성주군,4.85,2,34.47,5,-22.97,10,66.33,6,16.4,4,0.45,6,956556,1,57,1,11.22,1,5.78,1,0.61,1,188.01,7,73.91,5,-1.31,10,91.09,6,2.17,6,19.53,6,0.27,4,11,1
47850,2010,경상북도 칠곡군,8.87,5,36.44,5,-2.78,10,54.27,5,28.5,6,0.49,6,2222208,4,200,1,9.72,1,40.69,6,0.7,1,73.44,5,-54.36,1,-0.09,10,75.3,6,1.66,6,13.3,5,0.09,1,26,5
47900,2010,경상북도 예천군,6.15,3,42.07,6,-16.95,10,73.47,6,12.2,3,0.23,4,773233,1,11,1,4.9,1,6.43,1,0.6,1,185.52,7,253.81,7,-0.66,10,93.09,6,0.93,4,14.18,5,0.23,3,11,1
47920,2010,경상북도 봉화군,5.93,3,27.4,5,-16.78,10,70.1,6,9.3,1,0.3,5,698414,1,21,1,5.44,1,21.97,5,0.4,1,232.7,7,227.42,7,0.06,10,80.2,6,1.92,6,23.69,6,0.64,6,6,1
47930,2010,경상북도 울진군,9.64,5,36.93,5,-18.17,10,68.27,6,16.4,4,0.33,5,1693042,3,33,1,8.99,1,43.32,6,0.43,1,159.85,6,186.13,6,-0.61,10,92.06,6,0.64,2,16.35,5,0.85,6,13,2
47940,2010,경상북도 울릉군,9.45,5,39.49,5,-21.78,10,72.03,6,17.1,4,0.37,5,181723,1,4,1,9.27,1,21.71,5,1.14,1,524.21,7,88.96,5,3.27,8,80.07,6,2.58,6,23.18,6,3.86,7,5,1
48110,2010,경상남도 창원시,15.29,6,36.17,5,68.79,8,54.03,5,60.9,7,0.41,6,18950630,7,1582,7,7.86,1,27.41,5,2.89,1,27.61,1,51.61,4,-0.41,10,61.35,5,0.68,3,4.95,1,0.09,1,155,7
48160,2010,경상남도 마산시,0,1,,0,,,53.87,5,43.3,6,,0,5803527,6,252,2,,0,0,1,,0,,0,,0,,0,,0,,0,,0,,0,65,6
48170,2010,경상남도 진주시,16.48,6,44.15,6,-8.65,10,58.83,6,34.3,6,0.32,5,4895640,6,441,5,5.47,1,32.55,6,1.25,1,33.56,2,8.14,1,0,10,77.2,6,0.53,1,9.77,4,0.27,4,59,6
48190,2010,경상남도 진해시,0,1,,0,,,56.33,5,30.7,6,,0,3234599,5,189,1,,0,0,1,,0,,0,,0,,0,,0,,0,,0,,0,14,2
48220,2010,경상남도 통영시,9.47,5,37.27,5,-2.63,10,57.43,5,24.4,5,0.36,5,2851687,5,55,1,7.76,1,46.38,6,2.27,1,52.95,4,11.43,1,0.74,8,52.71,5,1.08,5,12.91,5,0.62,6,15,3
48240,2010,경상남도 사천시,11.4,5,33.29,5,-6.28,10,63.1,6,18.3,4,0.44,6,2934471,5,123,1,8.82,1,18.6,4,1.77,1,59.89,5,-5.95,1,0.18,8,43.78,4,1.58,5,10.7,4,0.93,6,21,4
48250,2010,경상남도 김해시,13.85,6,36.31,5,3.82,10,50.27,5,42.1,6,0.45,6,8943819,7,1048,6,9.38,1,34.38,6,2.78,1,22.37,1,-46.65,1,0.76,8,71.06,5,0.61,2,9.57,4,0.1,1,39,6
48270,2010,경상남도 밀양시,10.89,5,41.46,6,-16.8,10,61.1,6,22.6,5,0.32,5,1990345,4,95,1,8.28,1,20.18,5,0.85,1,61.33,5,85.42,5,-0.41,10,60.13,5,1.31,5,11.2,4,0.5,6,12,1
48310,2010,경상남도 거제시,11.46,5,26.08,4,8.94,10,51.97,5,41.9,6,0.58,6,8340261,7,52,1,8.03,1,69.18,7,1.55,1,31.56,2,-8.72,1,-0.41,10,54.35,5,0.43,1,8.82,4,0.48,5,16,3
48330,2010,경상남도 양산시,13.01,5,36.72,5,4.67,10,51.2,5,38.1,6,0.45,6,5590034,6,359,4,9.75,1,31.68,6,2.32,1,28.67,2,-83.23,1,2.65,8,63.03,5,0.91,4,8.16,3,0.2,3,28,5
48720,2010,경상남도 의령군,5.72,3,34.75,5,-15.29,10,68.93,6,18.9,5,0.35,5,676626,1,26,1,9.74,1,78.12,7,0.9,1,148.04,6,106.64,6,-1.49,10,57.92,5,4.3,7,11.33,5,1.17,7,4,1
48730,2010,경상남도 함안군,9.82,5,26.27,4,8.93,10,63,6,26.8,5,0.64,6,2435145,4,138,1,17.47,1,16.45,4,1.13,1,70.9,5,3.63,1,0,10,54.96,5,1.97,6,9.87,4,0.82,6,10,1
48740,2010,경상남도 창녕군,6.31,3,36.14,5,-17.17,10,62.2,6,15.9,4,0.4,5,1263798,1,33,1,8.59,1,54.36,6,0.94,1,81.18,5,169.16,6,0.56,8,46.82,4,1.09,5,8.88,4,1.27,7,13,2
48820,2010,경상남도 고성군,7.2,4,33.36,5,-5.02,10,63.4,6,14.9,4,0.41,5,1233102,1,36,1,10.12,1,19.34,5,0.97,1,88.2,6,105.18,6,-0.36,10,78.7,6,2.32,6,8.32,3,0.58,6,16,3
48840,2010,경상남도 남해군,6.21,3,45.64,6,-15.73,10,71.47,6,11.5,3,0.28,5,650494,1,22,1,7.26,1,22.77,5,0.91,1,86.3,6,51.12,4,-1.92,10,84.55,6,1.82,6,8.65,4,0.46,5,9,1
48850,2010,경상남도 하동군,6.86,4,39.04,5,-20.33,10,70.7,6,14.7,4,0.33,5,1060893,1,63,1,9.74,1,23.89,5,0.73,1,98.66,6,41.15,3,-1.3,10,77.38,6,1.67,6,19.11,6,3.11,7,8,1
48860,2010,경상남도 산청군,6.82,4,44.68,6,-11.76,10,67.27,6,14.1,3,0.29,5,707526,1,21,1,6.5,1,31.35,6,0.6,1,119.13,6,131.48,6,1.72,8,62.36,5,4.08,7,10.97,4,1.57,7,10,1
48870,2010,경상남도 함양군,6.97,4,42.76,6,-4.14,10,70.9,6,10.4,2,0.34,5,789385,1,33,1,8.04,1,26.31,5,0.62,1,104.99,6,47.35,3,1.09,8,65.97,5,2.63,6,9.47,4,0.79,6,9,1
48880,2010,경상남도 거창군,8.42,4,44.3,6,-11.24,10,64.87,6,12.8,3,0.3,5,1065069,1,34,1,7.96,1,17.45,4,0.63,1,80.6,5,152.48,6,0.12,8,86.47,6,1.74,6,12.91,5,0.87,6,12,1
48890,2010,경상남도 합천군,5.91,3,40.04,5,-16.77,10,67.37,6,12.7,3,0.28,5,863237,1,18,1,6.14,1,22.92,5,0.6,1,106.79,6,366.44,7,-4.6,10,71.77,5,2.06,6,7.79,3,0.92,6,7,1
49110,2010,제주특별자치도 제주시,15.14,6,46.15,6,16.08,9,58.9,6,26.1,5,0.42,6,,0,440,5,6,1,29.89,6,2.24,1,36.54,3,46.76,3,0.19,8,57.59,5,1.47,5,18.37,6,0.37,5,210,7
49130,2010,제주특별자치도 서귀포시,9.44,5,47.99,6,47.13,8,62.4,6,26.1,5,0.37,5,,0,121,1,7.28,1,23.07,5,1.16,1,80.63,5,31.91,1,-0.25,10,39.13,4,1.45,5,14.77,5,1.15,7,53,6
11110,2005,서울특별시 종로구,23.34,7,42.62,6,-19.48,10,62.2,5,73.8,7,1.48,7,,0,920,6,1092.32,7,36.54,6,11.38,7,80.7,5,7.28,1,-3.22,10,76.38,6,0.45,5,29.61,7,0.26,5,121,7
11140,2005,서울특별시 중구,17.62,6,41.39,6,-16.04,10,61.27,5,92.5,7,3.05,7,,0,5165,7,3081.78,7,14.14,4,11.43,7,102.22,6,654.17,7,-1.64,10,56.44,5,0.16,1,30.99,7,0.7,6,57,7
11170,2005,서울특별시 용산구,23.49,7,38.56,5,-18.3,10,59.5,5,55.3,6,0.58,6,,0,3857,7,279.68,7,8.09,1,12.67,7,57.51,4,-23.69,1,-0.2,10,61.03,5,0.32,4,11.12,5,0.14,2,35,6
11200,2005,서울특별시 성동구,20.01,6,35.41,5,-13.28,10,60.07,5,38,6,0.36,6,,0,865,6,73.56,5,2.34,1,23.91,7,37.31,3,19.58,1,-1.01,10,72.43,5,0.06,1,11.33,5,0,1,14,4
11215,2005,서울특별시 광진구,21.46,6,42.65,6,-17.39,10,58.9,5,41.6,6,0.25,5,,0,610,6,68.54,4,7.74,1,19.03,7,30.59,2,-20.01,1,-1.89,10,77.77,6,,0,14.12,6,0.05,1,17,5
11230,2005,서울특별시 동대문구,16.27,6,40.48,6,-11.87,10,60.37,5,38.3,6,0.31,5,,0,336,4,58.83,4,2.3,1,23.07,7,34.56,2,74,5,0.15,10,72.69,5,0.08,1,12.14,6,0.05,1,28,6
11260,2005,서울특별시 중랑구,12.83,6,47.18,6,-21.35,10,56,5,31.1,6,0.16,3,,0,286,3,26.43,1,11.1,3,16.86,7,29.85,1,20.17,1,-2.05,10,73.47,5,0.02,1,8.39,5,0.05,1,10,3
11290,2005,서울특별시 성북구,18.74,6,46.73,6,-14.15,10,59.37,5,47.4,6,0.17,4,,0,944,6,60.78,4,8.46,1,24.87,7,31.08,2,66.7,4,2.28,8,76.69,6,0.18,2,8.84,5,0,1,19,5
11305,2005,서울특별시 강북구,13.9,6,50.61,6,-12.6,10,57.57,5,29.1,5,0.15,3,,0,160,1,28.91,1,4.39,1,9.33,7,32.2,2,4,1,-2.45,10,74.6,6,0.12,1,8.43,5,0.06,1,25,6
11320,2005,서울특별시 도봉구,19,6,43.09,6,-11.23,10,60.03,5,37.2,6,0.14,3,,0,275,3,27.96,1,2.76,1,12.16,7,29.43,1,-75.87,1,-0.55,10,65.76,5,0.08,1,8.65,5,0,1,12,4
11350,2005,서울특별시 노원구,21.95,6,49.43,6,-12.39,10,61.5,5,30.7,6,0.15,3,,0,600,6,30.01,1,22.16,5,8.21,7,22.59,1,240.09,7,-1.46,10,58.58,5,0.18,2,6.87,4,0,1,12,4
11380,2005,서울특별시 은평구,17.84,6,49.4,6,-11.11,10,57.6,5,35,6,0.13,2,,0,299,4,36.98,2,11.04,3,11,7,27.17,1,-38.01,1,-2.07,10,84.25,6,0.22,3,8.82,5,0.02,1,25,6
11410,2005,서울특별시 서대문구,21.13,6,50.35,6,-14.15,10,60.5,5,43.5,6,0.24,5,,0,785,6,73.81,5,13.58,4,17.01,7,36.53,3,419.52,7,-1.19,10,68.81,5,0.12,1,8.93,5,0.09,1,33,6
11440,2005,서울특별시 마포구,25.07,7,40.9,6,-9.8,10,59.3,5,50.3,6,0.45,6,,0,1595,7,118.21,6,5.23,1,17.41,7,35.22,2,75.54,5,0.82,9,88.64,6,0.19,2,12.65,6,0.13,2,52,7
11470,2005,서울특별시 양천구,23.91,7,42.35,6,-6.7,10,60.8,5,58.2,6,0.2,4,,0,708,6,72.99,5,4.45,1,23.38,7,25.05,1,10.41,1,0.59,9,57.93,5,0.08,1,9.72,5,0,1,13,4
11500,2005,서울특별시 강서구,20.4,6,39.69,6,-10.13,10,57.93,5,45.3,6,0.26,5,,0,803,6,59.24,4,4.76,1,9.01,7,24.51,1,-23.25,1,1.75,8,59.06,5,0.11,1,9.46,5,0.02,1,12,4
11530,2005,서울특별시 구로구,18.49,6,34.77,5,-11.98,10,60.73,5,47.1,6,0.37,6,,0,1251,7,68.63,4,6.24,1,14.14,7,29.07,1,1472.54,7,-0.94,10,75.76,6,0.22,3,10.04,5,0.02,1,15,5
11545,2005,서울특별시 금천구,12.83,6,32.91,5,-19.58,10,58.27,5,31.8,6,0.56,6,,0,1378,7,120.17,6,7.87,1,13.74,7,43.77,3,93.72,5,-1.7,10,80.99,6,0.12,1,9.98,5,0.04,1,7,1
11560,2005,서울특별시 영등포구,23.98,7,36.12,5,-14.06,10,60.2,5,76,7,0.75,7,,0,10746,7,512.83,7,1.52,1,15.45,7,32.79,2,64.43,4,-0.37,10,68.18,5,0.28,4,16.62,6,0.03,1,35,6
11590,2005,서울특별시 동작구,26.17,7,45.87,6,-13.41,10,61.1,5,47.1,6,0.22,4,,0,671,6,68.33,4,9.09,2,14.66,7,29.69,1,-9.29,1,-0.74,10,70.44,5,0.22,3,8.86,5,0,1,21,5
11620,2005,서울특별시 관악구,24.59,7,49.04,6,-14.88,10,59.57,5,35.7,6,0.14,3,,0,1099,6,39.92,2,20.3,5,10.49,7,25.54,1,-56.68,1,-0.66,10,69.8,5,0.11,1,8.36,5,0.02,1,29,6
11650,2005,서울특별시 서초구,41.72,7,34.4,5,-8.08,10,61.63,5,92.6,7,0.97,7,,0,7302,7,438.49,7,37.13,6,7.39,6,34.74,2,-28.97,1,-0.15,10,69.4,5,0.03,1,13.76,6,0.03,1,43,6
11680,2005,서울특별시 강남구,40.7,7,38.17,5,-14.17,10,60.27,5,89.9,7,1.24,7,,0,6559,7,856.45,7,8.55,2,10.55,7,27.18,1,109.37,6,1.64,8,60.44,5,0.16,1,18.15,6,0,1,26,6
11710,2005,서울특별시 송파구,28.36,7,37.88,5,-21.05,10,60.4,5,83.7,7,0.4,6,,0,1704,7,119.04,6,3.17,1,10.35,7,25.35,1,497.98,7,-0.22,10,55.22,5,0.09,1,12.43,6,0.02,1,35,6
11740,2005,서울특별시 강동구,21.28,6,44.68,6,-20.36,10,59.7,5,53.8,6,0.2,4,,0,599,6,52.23,3,4.21,1,11.17,7,26.79,1,208.28,7,-2,10,70.73,5,0.16,1,12.15,6,0.02,1,13,4
26110,2005,부산광역시 중구,11.86,6,39.76,6,-27.25,10,60.77,5,40.8,6,1.27,7,2283307,5,47,1,446.47,7,101.79,7,20.66,7,92.29,6,-92.43,1,-2.32,10,62.02,5,,0,21.74,6,0.76,7,38,6
26140,2005,부산광역시 서구,12.81,6,42.78,6,-24.58,10,56.53,5,17.7,4,0.32,5,1759404,4,81,1,57.66,4,11.78,3,6.46,6,42.18,3,8.8,1,-2.24,10,66.42,5,1.2,7,6.32,4,0.15,3,12,4
26170,2005,부산광역시 동구,10.02,5,43.07,6,-29.75,10,59.6,5,30,5,0.73,7,3615697,6,80,1,282.37,7,0.6,1,7.99,7,58.37,4,-14.27,1,-4.15,10,75.77,6,0.1,1,10.03,5,0.1,1,55,7
26200,2005,부산광역시 영도구,9.88,5,30.91,5,-26.53,10,58,5,23.4,5,0.22,4,1566222,3,46,1,43.1,3,5.37,1,7.59,6,35.54,2,11.38,1,-1.95,10,74.88,6,0.32,4,10.25,5,0.13,2,9,3
26230,2005,부산광역시 부산진구,14.87,6,48.58,6,-19.79,10,60.93,5,43.3,6,0.32,5,4781713,6,401,5,98.39,5,15.06,4,9.57,7,23.22,1,-56.29,1,1.02,9,66.94,5,0.08,1,9.54,5,0,1,51,7
26260,2005,부산광역시 동래구,16.89,6,48.32,6,-23.93,10,59.27,5,39.3,6,0.24,5,2455174,5,189,1,51.03,3,17.53,5,9.05,7,23.7,1,-46.87,1,-1.53,10,68.8,5,0.23,3,9.77,5,0.04,1,26,6
26290,2005,부산광역시 남구,16.64,6,34.35,5,-11.92,10,59.47,5,35.9,6,0.2,4,3534637,6,280,3,54.58,4,7.97,1,7.71,6,22.75,1,-8.74,1,-1.04,10,84.71,6,0.2,2,7.41,4,0.03,1,27,6
26320,2005,부산광역시 북구,13.12,6,57.1,6,-4.99,10,56.63,5,20.9,5,0.12,2,1816116,4,218,2,26.69,1,2.51,1,3.7,5,19.92,1,-2.38,1,0.27,10,77.78,6,0.12,1,7.74,4,0.03,1,10,3
26350,2005,부산광역시 해운대구,19.95,6,50.67,6,-13.12,10,56.63,5,42.8,6,0.19,4,3508939,6,297,4,54.84,4,3.54,1,5.97,6,19.05,1,-7.65,1,0.01,10,65.22,5,0.23,3,7.26,4,0.13,2,23,6
26380,2005,부산광역시 사하구,13.54,6,37.46,5,-18.76,10,56.33,5,34.4,6,0.3,5,4527412,6,317,4,58.32,4,2.57,1,5.4,6,19.67,1,-31.66,1,-1,10,60.35,5,0.19,2,6.94,4,0,1,14,4
26410,2005,부산광역시 금정구,16.83,6,43.79,6,-24.8,10,57.5,5,33.9,6,0.28,5,2665207,5,357,4,59.44,4,4.85,1,2.27,4,26.78,1,-51.24,1,-2.51,10,69.24,5,0.58,6,9.8,5,0.04,1,35,6
26440,2005,부산광역시 강서구,6.45,4,24.66,4,-33.46,10,62.77,5,30.8,6,1.48,7,4631435,6,244,3,225.34,7,205.68,7,1.02,1,112.57,6,7.82,1,-1.89,10,81.48,6,1.29,7,7.08,4,0.43,6,7,1
26470,2005,부산광역시 연제구,17.11,6,44.61,6,-16.34,10,60.07,5,37.5,6,0.32,5,2674878,5,158,1,65.75,4,0.24,1,9.51,7,26.82,1,-60.64,1,-2.23,10,80.64,6,0.33,4,8.5,5,0.05,1,23,6
26500,2005,부산광역시 수영구,20.91,6,44.4,6,-19.27,10,57.53,5,35.9,6,0.21,4,1482782,3,129,1,54.29,4,1.7,1,14.89,7,30.35,2,-73.72,1,-1.27,10,80.16,6,0.17,1,8.22,5,0.12,1,19,5
26530,2005,부산광역시 사상구,10.37,5,32.64,5,-22.49,10,55.63,5,34.1,6,0.46,6,4835692,6,280,3,78.78,5,2.61,1,5.21,6,23.58,1,151.04,6,-2.11,10,70.45,5,0.11,1,8.92,5,0,1,16,5
26710,2005,부산광역시 기장군,11.36,6,34.33,5,-5.1,10,63.8,6,39.2,6,0.43,6,1929960,4,139,1,146.26,6,221.66,7,1.09,1,67.23,5,229.62,7,0.36,10,93.47,6,0.41,5,9.45,5,0.55,6,5,1
27110,2005,대구광역시 중구,16.5,6,52.47,6,-29.92,10,59.8,5,41,6,0.99,7,2835166,5,95,1,247.81,7,3.22,1,16.09,7,82.26,5,511.08,7,-0.02,10,68.22,5,0.67,6,23.94,7,0.13,2,62,7
27140,2005,대구광역시 동구,14.25,6,41.51,6,-13.33,10,57.27,5,24.7,5,0.23,5,3007672,5,206,2,37.12,2,8.93,2,1.74,3,25.1,1,126.59,6,-0.58,10,68.54,5,0.54,6,8.11,5,0.06,1,23,6
27170,2005,대구광역시 서구,7.44,4,39.9,6,-27.71,10,55.03,5,31.9,6,0.29,5,2360561,5,123,1,35.64,1,8.95,2,11.08,7,29.19,1,-28.29,1,-3.16,10,38.19,4,0.2,2,7.74,4,0,1,13,4
27200,2005,대구광역시 남구,15.57,6,49.42,6,-22.82,10,57.3,5,25.4,5,0.2,4,1525208,3,124,1,34.67,1,39.72,6,9.77,7,33.67,2,22.08,1,-1.04,10,65.87,5,0.5,5,8.38,5,0.11,1,39,6
27230,2005,대구광역시 북구,14.72,6,38.3,5,5.18,10,56.7,5,31,6,0.25,5,4790159,6,632,6,51.73,3,3.3,1,3.45,5,19.73,1,-42.15,1,0.34,10,59.56,5,0.2,2,8.3,5,0.07,1,19,5
27260,2005,대구광역시 수성구,23.95,7,43.79,6,-12.15,10,59.6,5,33,6,0.22,4,4134831,6,484,5,71.8,5,46.16,6,3.66,5,19.9,1,126.13,6,-1.84,10,70.08,5,0.4,5,8.35,5,0,1,45,7
27290,2005,대구광역시 달서구,15.11,6,38.57,5,-10.92,10,56.03,5,39.8,6,0.28,5,7103428,7,841,6,59.14,4,19.8,5,7.11,6,15.93,1,253.8,7,-1.46,10,71.46,5,0.08,1,8.87,5,0.02,1,30,6
27710,2005,대구광역시 달성군,9.41,5,32.08,5,-7.86,10,60.1,5,31.2,6,0.39,6,2999205,5,472,5,61.45,4,166.55,7,0.89,1,43.32,3,312.05,7,0.99,9,70.68,5,0.33,4,8.09,5,0.07,1,6,1
28110,2005,인천광역시 중구,14.2,6,34.45,5,22.24,9,56.57,5,55.3,6,0.72,7,7150442,7,63,1,314.35,7,64.69,7,1.72,3,69.52,5,-36.54,1,2.29,8,74.86,6,0.23,3,17.99,6,0.58,6,30,6
28140,2005,인천광역시 동구,7.44,4,22.94,4,-7.66,10,59.17,5,39.5,6,0.42,6,1812979,4,373,4,286.03,7,2.75,1,10.48,7,70.64,5,-36.78,1,-4.36,10,94.95,6,0.13,1,6.57,4,0.13,2,15,5
28170,2005,인천광역시 미추홀구,10.41,5,42.69,6,-14.03,10,53.63,5,35.1,6,0.22,4,3773018,6,511,5,51.29,3,3.43,1,28.12,7,20.15,1,71.32,5,-2.82,10,69.95,5,0.12,1,12.96,6,0.02,1,71,7
28185,2005,인천광역시 연수구,15.7,6,48.45,6,-10.65,10,56.77,5,37.8,6,0.14,3,1698518,4,638,6,54.31,4,6.11,1,8.58,7,21.7,1,-43.74,1,3.26,8,63.76,5,0.42,5,7.28,4,0.04,1,29,6
28200,2005,인천광역시 남동구,10.65,5,35.22,5,-19.15,10,54.1,5,42.5,6,0.52,6,9221573,7,1057,6,95.55,5,13.13,4,7.67,6,19.88,1,59.17,4,-1.79,10,74.12,6,0.03,1,11.91,6,0.03,1,64,7
28237,2005,인천광역시 부평구,13.08,6,42.99,6,-10.01,10,54.7,5,36.5,6,0.23,5,5834178,6,695,6,48.33,3,5.07,1,8.57,7,16.48,1,-34.19,1,1.32,8,74.4,6,0.2,2,9.76,5,0.02,1,50,7
28245,2005,인천광역시 계양구,11.12,5,47.6,6,-12.9,10,53.7,5,35.8,6,0.19,4,2589506,5,269,3,32.56,1,5.33,1,4.93,6,18.38,1,9.58,1,-1.01,10,73.51,5,0.03,1,9.22,5,0,1,13,4
28260,2005,인천광역시 서구,9.5,5,29.66,5,-0.43,10,52.27,5,44.9,6,0.35,6,6993294,7,656,6,76.85,5,4.58,1,4.69,6,19.54,1,3.75,1,4.48,8,49.59,5,0.16,1,9.62,5,0.03,1,17,5
28710,2005,인천광역시 강화군,5.78,4,40.39,6,-17.83,10,66.33,6,14.4,3,0.23,4,1110726,2,26,1,35.13,1,8.23,1,0.19,1,114.72,6,11.36,1,0.94,9,81.34,6,1.04,6,9.17,5,0.52,6,17,5
28720,2005,인천광역시 옹진군,5.9,4,32.57,5,-18.88,10,73.23,6,21.1,5,0.21,4,214227,1,5,1,143.35,6,0,1,0.02,1,436.8,7,15.12,1,6.46,8,38.34,4,1.63,7,30.97,7,0,1,0,1
29110,2005,광주광역시 동구,18.89,6,46.33,6,-12.51,10,61.53,5,26.7,5,0.53,6,2076479,4,168,1,125.3,6,2.19,1,5,6,64.51,5,-28,1,-2.8,10,71.72,5,1.16,7,21.86,6,0.08,1,68,7
29140,2005,광주광역시 서구,21.37,6,40.23,6,0.71,10,61,5,31.7,6,0.31,5,4622198,6,212,2,63.38,4,13.81,4,6.91,6,18.03,1,-3.11,1,-1.97,10,45.7,4,0.41,5,10.58,5,0.03,1,29,6
29155,2005,광주광역시 남구,19.82,6,40.97,6,-20.39,10,61.17,5,23.8,5,0.18,4,1454949,3,200,2,27.5,1,7.39,1,4.15,6,36.26,3,699.34,7,0.34,10,85.55,6,0.65,6,6.48,4,0.05,1,47,7
29170,2005,광주광역시 북구,18.15,6,41.56,6,-15.91,10,58.67,5,26.7,5,0.29,5,5324996,6,730,6,48.51,3,17.88,5,4.64,6,25.39,1,-44.23,1,-1.4,10,57.23,5,0.07,1,8.33,5,0.02,1,62,7
29200,2005,광주광역시 광산구,13.83,6,34.89,5,16.31,9,60.53,5,29.6,5,0.38,6,5417501,6,856,6,64,4,10.67,3,2.92,5,30.11,1,8.45,1,2.58,8,74.39,6,0.23,3,8.89,5,0,1,20,5
30110,2005,대전광역시 동구,11.08,5,39.77,6,-19.48,10,54.43,5,23.6,5,0.19,4,2099533,4,234,2,46.41,3,33.64,6,3.12,5,35.59,2,-35.84,1,-2.1,10,82.02,6,0.43,5,7.13,4,0.09,1,27,6
30140,2005,대전광역시 중구,17.22,6,48.26,6,-10.28,10,55.97,5,27,5,0.27,5,3136189,5,215,2,55.55,4,60.05,7,6.69,6,29.11,1,-63.19,1,-0.19,10,80.46,6,0.16,1,10.74,5,0,1,82,7
30170,2005,대전광역시 서구,22.79,7,45.81,6,-5.62,10,56.77,5,38,6,0.23,4,5145783,6,622,6,81.19,5,17.11,5,4.84,6,17.31,1,-61.13,1,-0.43,10,66.29,5,0.35,5,7.89,5,0.02,1,49,7
30200,2005,대전광역시 유성구,29.21,7,33.65,5,24.96,9,59.17,5,44.1,6,0.36,6,5033247,6,5688,7,108.92,6,29.97,6,3.16,5,24.79,1,147.66,6,7.07,8,79.58,6,0.36,5,12.4,6,0.04,1,23,6
30230,2005,대전광역시 대덕구,13.2,6,32.55,5,-15.43,10,55.43,5,27.7,5,0.4,6,4615193,6,926,6,148.22,6,45.71,6,5.53,6,28.58,1,-3.17,1,-2.21,10,56.48,5,0.27,4,9,5,0.09,1,19,5
31110,2005,울산광역시 중구,10.94,5,51.98,6,-13.24,10,59.1,5,23.4,5,0.13,2,1690721,4,43,1,30.55,1,10.12,2,7.64,6,24.15,1,-8,1,-0.43,10,68.73,5,0.18,2,8.76,5,0.04,1,54,7
31140,2005,울산광역시 남구,15.3,6,34.74,5,-9.16,10,58.67,5,47.6,6,0.42,6,16552828,7,310,4,187.36,6,33.45,6,6.58,6,18.55,1,-36.08,1,-0.66,10,59.71,5,0.06,1,11.86,6,0.03,1,85,7
31170,2005,울산광역시 동구,9.07,5,21.36,4,-19.98,10,65.07,6,40.9,6,0.42,6,5810443,6,300,4,89.31,5,45.4,6,4.93,6,26.35,1,-83.62,1,-1.09,10,63.54,5,,0,8.63,5,0.06,1,17,5
31200,2005,울산광역시 북구,9.89,5,17.6,3,8.99,10,66.57,6,38.8,6,0.67,6,8854170,7,131,1,384.32,7,24.5,5,3.09,5,32.55,2,-32.24,1,3.99,8,84.71,6,0.14,1,7.57,4,0.21,4,10,3
31710,2005,울산광역시 울주군,9.82,5,29.55,5,-5.59,10,62.7,5,51.9,6,0.48,6,8789176,7,169,1,337.82,7,91.54,7,1.72,3,43.66,3,36.54,2,-0.54,10,61.35,5,0.18,2,9.8,5,0.3,5,13,4
36110,2005,세종특별자치시 세종시,,,,,,0,,,,,,,,,,,,,,,,,,,,,,,,,,,,,,,,
41110,2005,경기도 수원시,18.05,6,40.43,6,-2.44,10,56.61,5,64.8,7,0.28,5,13979635,7,20407,7,120.95,6,3.39,1,7.23,6,24.7,1,160.4,6,0.38,10,66.66,5,0.19,2,12.28,6,0.04,1,163,7
41130,2005,경기도 성남시,23.73,7,40.97,6,-11.4,10,56.72,5,70.2,7,0.29,5,10864554,7,3818,7,141.86,6,10.9,3,3.98,6,27.47,1,-3.9,1,0.03,10,53.68,5,0.11,1,10.9,5,0.02,1,65,7
41150,2005,경기도 의정부시,13.32,6,45.37,6,-0.29,10,56.63,5,53.3,6,0.2,4,3873223,6,279,3,36.51,2,1.28,1,3.97,6,29.18,1,-84.01,1,0.65,9,72.7,5,0.18,1,11.48,5,0.08,1,48,7
41170,2005,경기도 안양시,20.79,6,41.63,6,-6.08,10,59.78,5,66.9,7,0.31,5,8926071,7,1729,7,75.92,5,2.29,1,6.74,6,27.76,1,-56.47,1,0.04,10,49.43,5,0.21,3,10.37,5,0.02,1,49,7
41190,2005,경기도 부천시,14.31,6,44.33,6,-4.66,10,55.26,5,64.4,7,0.28,5,11495734,7,1287,7,53.81,4,3.12,1,10.71,7,28.37,1,-36.09,1,-0.71,10,65.34,5,0.15,1,11.5,5,0.05,1,44,6
41210,2005,경기도 광명시,15.12,6,39.85,6,-16.94,10,59.83,5,50.3,6,0.19,4,3778306,6,306,4,51.54,3,5.44,1,5.57,6,39.5,3,541.28,7,-1.84,10,53.33,5,0.06,1,6.71,4,0.12,2,21,5
41220,2005,경기도 평택시,10.17,5,34.91,5,0.1,10,57.83,5,44.9,6,0.44,6,7789186,7,1115,6,117.32,6,1.58,1,1.73,3,45.77,4,82.98,5,2.98,8,50.66,5,0.29,4,10.09,5,0.03,1,36,6
41250,2005,경기도 동두천시,6.38,4,44.5,6,-0.1,10,59.5,5,21.6,5,0.25,5,1200536,2,36,1,32.75,1,38.82,6,1.81,3,75.86,5,98.03,5,3.99,8,43.12,4,1.37,7,15.82,6,0.25,5,14,4
41270,2005,경기도 안산시,11.14,5,33.18,5,7.52,10,52.28,5,62.9,7,0.4,6,13183651,7,1518,7,94.6,5,8.09,1,6.08,6,27.49,1,-32.31,1,1,9,41.8,4,0.15,1,11.14,5,0.04,1,57,7
41280,2005,경기도 고양시,24.74,7,43.34,6,3.54,10,58.87,5,61.2,7,0.23,5,8870823,7,1236,7,62.64,4,4.9,1,2.63,5,29.11,1,-66.58,1,1.63,8,67.52,5,0.21,2,11.35,5,0.02,1,55,7
41290,2005,경기도 과천시,35.11,7,39.35,5,-18.93,10,67.83,6,43.9,6,0.46,6,1654609,3,357,4,189.4,6,111.85,7,1.52,2,157.29,6,174.79,6,-13.41,10,92.55,6,0.53,5,7.58,4,0.18,3,13,4
41310,2005,경기도 구리시,16.12,6,47.8,6,5.19,10,58.4,5,46.2,6,0.23,5,2019029,4,165,1,48.15,3,11.1,3,4.89,6,53.62,4,-8.44,1,-1.09,10,51.76,5,,0,12.27,6,0.11,1,19,5
41360,2005,경기도 남양주시,13.75,6,39.61,6,13.12,10,56.47,5,44.5,6,0.19,4,3726630,6,458,5,38.38,2,3.41,1,0.65,1,32.81,2,199.08,6,7.02,8,77.05,6,0.21,2,8.8,5,0.02,1,35,6
41370,2005,경기도 오산시,11.43,6,40.6,6,19.01,9,56.87,5,51.9,6,0.27,5,2268600,5,181,1,55.82,4,0.77,1,5.38,6,64.97,5,343.5,7,5.31,8,68.4,5,0.3,4,12.22,6,0,1,14,4
41390,2005,경기도 시흥시,10.34,5,28.59,5,10.81,10,53.23,5,60.1,6,0.45,6,6656589,6,922,6,80,5,2.28,1,4.57,6,27,1,-59.08,1,1.49,8,56.44,5,0.15,1,11.16,5,0,1,19,5
41410,2005,경기도 군포시,21.64,6,37.49,5,-9.87,10,61.83,5,56.4,6,0.34,5,3771013,6,519,5,81.02,5,1.96,1,4.7,6,38.18,3,-11.33,1,-0.06,10,57.81,5,0.11,1,9.55,5,0,1,27,6
41430,2005,경기도 의왕시,19.77,6,38.33,5,5.21,10,62.37,5,51.5,6,0.24,5,2070468,4,295,3,74.62,5,1.46,1,2.83,5,55.98,4,407.59,7,-0.27,10,65.24,5,0.21,2,7.01,4,0.14,2,12,4
41450,2005,경기도 하남시,12.86,6,37.25,5,-14.48,10,59.47,5,47.4,6,0.3,5,1657718,3,157,1,71.88,5,7.35,1,0.97,1,55.91,4,837.42,7,1.93,8,71.48,5,0.25,3,9.07,5,0.08,1,16,5
41460,2005,경기도 용인시,27.97,7,38.05,5,58.66,8,59.47,5,63.7,7,0.32,5,20088414,7,4715,7,179.59,6,7.57,1,1.13,1,28.55,1,39.12,2,7.03,8,80.64,6,0.35,4,9.22,5,0.04,1,22,5
41480,2005,경기도 파주시,11.69,6,35.96,5,25.63,9,58.43,5,40.7,6,0.36,6,3765081,6,342,4,70.22,4,2.34,1,0.73,1,51.73,4,136.19,6,5.98,8,90.21,6,0.45,5,12.92,6,0.29,5,24,6
41500,2005,경기도 이천시,9.8,5,41.91,6,-4.9,10,56.57,5,48.4,6,0.44,6,9613663,7,4509,7,143.45,6,8.57,2,0.91,1,51.81,4,57.6,4,0.11,10,81.09,6,0.58,6,9.86,5,0.21,4,21,5
41550,2005,경기도 안성시,10.44,5,35.8,5,8.7,10,60.53,5,34.3,6,0.4,6,3253759,5,541,5,91.2,5,0.62,1,0.96,1,60.93,5,195.98,6,0.81,9,77.89,6,0.88,6,12.56,6,0.06,1,12,4
41570,2005,경기도 김포시,15.17,6,30.71,5,19.76,9,59.77,5,38,6,0.51,6,3694128,6,521,5,82.2,5,3.95,1,1.52,2,49.29,4,-47.66,1,-0.97,10,85.2,6,0.36,5,9.81,5,0.1,1,14,4
41590,2005,경기도 화성시,11.41,6,26.17,4,45.72,8,57.13,5,64,7,0.83,7,8571137,7,1360,7,221.96,7,1.35,1,0.98,1,44.65,3,166.09,6,8.02,8,76.38,6,0.45,5,9.35,5,0.14,2,16,5
41610,2005,경기도 광주시,13.39,6,30.53,5,44.99,8,60.7,5,52.7,6,0.43,6,3110397,5,794,6,79.63,5,0.4,1,0.94,1,52.64,4,-75.07,1,3.69,8,70.18,5,0.78,6,12.41,6,0.15,3,18,5
41630,2005,경기도 양주시,8.91,5,29.98,5,29.03,9,58,5,35.3,6,0.46,6,2321836,5,283,3,55.88,4,0.26,1,1.48,2,51.97,4,-39.83,1,4.84,8,63.87,5,0.59,6,14.67,6,0,1,10,3
41650,2005,경기도 포천시,5.91,4,32.11,5,-8.5,10,60.23,5,34.1,6,0.51,6,2599932,5,264,3,59.9,4,0.78,1,0.66,1,57.6,4,5.51,1,3.36,8,78.33,6,1.27,7,12.87,6,0.14,2,18,5
41730,2005,경기도 여주시,7.17,4,39.43,6,-11.22,10,59.73,5,38.1,6,0.3,5,1755943,4,103,1,81.57,5,3.22,1,0.77,1,89.78,5,-16.24,1,0.02,10,85.89,6,1.52,7,13.04,6,0.3,5,18,5
41800,2005,경기도 연천군,5.7,4,39.83,6,-26.64,10,66.73,6,22.4,5,0.24,5,731138,1,39,1,43.98,3,2.15,1,0.47,1,160.49,6,-57.93,1,-3.83,10,82.94,6,1.68,7,9.87,5,0.48,6,10,3
41820,2005,경기도 가평군,7.42,4,46.64,6,-17.69,10,67.87,6,21.9,5,0.31,5,912926,1,27,1,105.44,5,0.88,1,0.42,1,194.23,7,101.38,5,0.07,10,82.27,6,2.02,7,14.93,6,0.4,6,7,1
41830,2005,경기도 양평군,9.49,5,43.92,6,-12.8,10,65.6,6,17.4,4,0.25,5,1110355,1,83,1,54.57,4,1.58,1,0.53,1,124.01,6,100.41,5,1.3,8,88.58,6,1.46,7,14.74,6,0.13,2,7,1
42110,2005,강원도 춘천시,15.26,6,42.86,6,-6.36,10,60.8,5,34.4,6,0.26,5,3279621,5,286,3,68.31,4,24.01,5,0.95,1,52.9,4,808.59,7,-0.03,10,62.77,5,0.65,6,12.53,6,0.23,4,55,7
42130,2005,강원도 원주시,12.93,6,40.37,6,-3.51,10,58,5,29.6,5,0.31,5,4258044,6,302,4,74.77,5,18.15,5,1.19,1,44.91,3,155.57,6,0.81,9,52.96,5,0.77,6,13.01,6,0.21,4,27,6
42150,2005,강원도 강릉시,13.2,6,42.98,6,-13.86,10,59.53,5,33.4,6,0.28,5,2718057,5,118,1,70.03,4,38.66,6,0.92,1,56.79,4,222.16,7,-1.42,10,81.84,6,0.54,6,12.15,6,0.27,5,33,6
42170,2005,강원도 동해시,10.38,5,41.05,6,-14.53,10,60.43,5,21.9,5,0.29,5,1794297,4,25,1,66.18,4,45.54,6,2.46,4,66.43,5,16,1,-2.02,10,79.02,6,0.43,5,13.74,6,0.43,6,13,4
42190,2005,강원도 태백시,8.45,5,36.75,5,-14.49,10,61.17,5,16.3,4,0.28,5,691525,1,19,1,51.74,3,85.84,7,0.99,1,105.88,6,-49.1,1,-1.54,10,90.67,6,0.36,5,12.65,6,0.9,7,7,1
42210,2005,강원도 속초시,9.76,5,49.03,6,-14.19,10,58.5,5,30.1,5,0.27,5,857969,1,27,1,46.18,3,9.97,2,2.23,4,67.25,5,287.64,7,-1.17,10,81.3,6,0.59,6,17.67,6,0.35,5,18,5
42230,2005,강원도 삼척시,8.5,5,32.03,5,-22.41,10,66.73,6,13.9,3,0.27,5,1205175,2,15,1,67.53,4,24.83,5,0.61,1,122.59,6,48.77,3,-1.53,10,84.44,6,0.29,4,12.33,6,0.73,7,8,2
42720,2005,강원도 홍천군,6.4,4,42.71,6,-16,10,66.37,6,17.6,4,0.22,4,1300773,2,112,1,55.56,4,19.66,5,0.37,1,105.48,6,247.56,7,-1.73,10,83.72,6,1.2,7,12.87,6,0.3,5,12,4
42730,2005,강원도 횡성군,6.14,4,36.74,5,-18.41,10,68.2,6,14.8,3,0.35,6,873145,1,77,1,60.33,4,13.13,4,0.46,1,149.92,6,79.71,5,-1.4,10,70.03,5,0.52,5,13.91,6,0.77,7,2,1
42750,2005,강원도 영월군,6.01,4,30.82,5,-28.84,10,64.93,6,12.9,3,0.29,5,858417,1,15,1,69.05,4,52.52,7,0.4,1,147.77,6,141.93,6,-2.02,10,86.46,6,0.54,6,13.75,6,1.08,7,2,1
42760,2005,강원도 평창군,7.03,4,39.96,6,-21.67,10,65.27,6,18.7,4,0.32,5,676423,1,18,1,55.96,4,34,6,0.38,1,154.18,6,63.79,4,-0.56,10,82.88,6,0.52,5,22.8,6,1.04,7,2,1
42770,2005,강원도 정선군,7.52,4,37.74,5,-31.83,10,65.57,6,27.8,5,0.34,5,938001,1,12,1,355.34,7,42.79,6,0.4,1,151.72,6,-3.01,1,-2.78,10,94.24,6,1.22,7,13.86,6,0.73,7,5,1
42780,2005,강원도 철원군,6.65,4,48.02,6,-19.86,10,68.07,6,13,3,0.19,4,809336,1,18,1,36.08,2,20.79,5,0.48,1,127.9,6,-23.62,1,-2.12,10,78.92,6,0.23,3,15.39,6,0.46,6,5,1
42790,2005,강원도 화천군,8.18,5,38.54,5,-13.48,10,71.2,6,12.7,3,0.19,4,529002,1,4,1,62.36,4,34.65,6,0.42,1,212.73,7,16.29,1,-2.92,10,58.84,5,0.92,6,21.64,6,1.84,7,3,1
42800,2005,강원도 양구군,9.24,5,42.83,6,-22.13,10,70.07,6,19.6,4,0.18,4,410483,1,9,1,44.8,3,11.07,3,0.46,1,214.29,7,-22.77,1,-1.31,10,54.37,5,0.51,5,34.94,7,2.57,7,2,1
42810,2005,강원도 인제군,9.06,5,44.31,6,-11.99,10,70.23,6,19.1,4,0.18,4,703757,1,7,1,41.14,2,34.04,6,0.28,1,168.04,6,-40.03,1,0.67,9,75.92,6,1.31,7,17.39,6,3.28,7,4,1
42820,2005,강원도 고성군,5.13,3,38.64,5,-27.11,10,68.43,6,17.5,4,0.25,5,554499,1,7,1,81.75,5,22.51,5,0.57,1,161.88,6,38.33,2,-1.28,10,83.4,6,0.34,4,24.01,7,2.74,7,2,1
42830,2005,강원도 양양군,7.46,4,43.18,6,-19.66,10,71.17,6,22.5,5,0.29,5,556118,1,40,1,56.21,4,8.68,2,0.46,1,160.38,6,23.33,1,-0.12,10,68.72,5,0.68,6,15.19,6,2.7,7,4,1
43110,2005,충청북도 청주시,15.43,6,44.87,6,-2.2,10,56.3,5,55.1,6,0.27,5,8354894,7,675,6,70.07,4,85.94,7,6.4,6,26.73,1,-1.03,1,0.38,10,50.22,5,0.26,3,10.59,5,0.03,1,118,7
43130,2005,충청북도 충주시,10.13,5,43.04,6,-16.5,10,60.47,5,21.2,5,0.26,5,3015999,5,152,1,53.02,3,33.29,6,1.07,1,62.55,5,98.5,5,-0.95,10,64.32,5,0.34,4,11.77,5,0.29,5,23,6
43150,2005,충청북도 제천시,7.9,5,39.56,6,-19.42,10,62.6,5,22.2,5,0.28,5,1462147,3,64,1,51.12,3,19.07,5,0.92,1,74.96,5,572.25,7,-0.65,10,51.7,5,0.6,6,10.46,5,0.23,4,16,5
43710,2005,충청북도 청원군,8.28,5,30.17,5,,,61.7,5,28.1,5,0.5,6,4298240,6,483,5,94.39,5,151.79,7,0.79,1,69.64,5,263.59,7,-0.18,10,15.92,1,0.89,6,9.23,5,0.18,3,2,1
43720,2005,충청북도 보은군,4.38,2,34.98,5,-29.57,10,70.73,6,9.8,1,0.28,5,559600,1,25,1,50.13,3,28.03,6,0.69,1,183.91,7,52.91,4,-2.31,10,82.17,6,0.92,6,9.23,5,1.54,7,6,1
43730,2005,충청북도 옥천군,6.11,4,36.62,5,-22.46,10,68.7,6,15.7,4,0.32,5,904771,1,53,1,63.54,4,23.4,5,0.73,1,117.68,6,120.9,6,-1.57,10,79.21,6,0.96,6,7.9,5,0.58,6,7,1
43740,2005,충청북도 영동군,5.5,3,37.04,5,-28.61,10,69.07,6,15.3,4,0.23,5,711900,1,42,1,49.31,3,23.62,5,0.62,1,126.71,6,63.31,4,-1.35,10,82.24,6,0.2,2,8.68,5,0.61,6,9,3
43745,2005,충청북도 증평군,8.26,5,38.85,5,-14.91,10,54.4,5,12.2,3,0.3,5,575989,1,15,1,45.08,3,13.93,4,0.98,1,110.87,6,403.5,7,-1.54,10,17.28,1,0.35,4,26.76,7,0.7,6,2,1
43750,2005,충청북도 진천군,6.72,4,34.8,5,-9.74,10,62.53,5,26.2,5,0.65,6,2442102,5,162,1,197.41,6,18.24,5,0.8,1,92.88,6,-11.07,1,-0.59,10,129.3,6,0.34,4,5.45,3,0.34,5,4,1
43760,2005,충청북도 괴산군,4.01,2,32.36,5,-33.4,10,64.37,6,13,3,0.29,5,619337,1,42,1,48.67,3,33.03,6,0.66,1,193.47,7,30.65,1,-2.26,10,27.89,2,2.17,7,21.67,6,0.62,6,10,3
43770,2005,충청북도 음성군,6.64,4,31.53,5,-13.21,10,62.6,5,21.9,5,0.55,6,2830362,5,191,1,123.3,6,13.56,4,0.77,1,74.36,5,-2.61,1,0.19,10,98.42,6,0.84,6,4.7,2,0.48,6,6,1
43800,2005,충청북도 단양군,6.1,4,25.79,4,-30.77,10,67,6,17.3,4,0.41,6,945179,1,33,1,128.69,6,70.22,7,0.5,1,182.46,7,7.63,1,-1.73,10,242.23,7,,0,12.45,6,1.31,7,4,1
44130,2005,충청남도 천안시,13.64,6,38.06,5,13.44,10,54.27,5,48.9,6,0.39,6,11437826,7,1957,7,145.61,6,18.93,5,1.53,2,37.08,3,26.47,1,1.06,9,63.11,5,0.25,3,10.92,5,0.04,1,61,7
44150,2005,충청남도 공주시,8.57,5,45.03,6,-14.79,10,61.8,5,19.2,4,0.23,5,1910719,4,193,1,63.81,4,23.33,5,0.82,1,96.71,6,-43.41,1,-0.47,10,57.54,5,0.87,6,7.24,4,0.55,6,18,5
44180,2005,충청남도 보령시,6.61,4,40.28,6,-23.01,10,62.67,5,20.5,5,0.28,5,2060990,4,46,1,75.24,5,20.37,5,0.93,1,120.09,6,186.38,6,-0.8,10,70.9,5,0.62,6,8.23,5,0.82,7,9,3
44200,2005,충청남도 아산시,8.2,5,33.55,5,3.55,10,55.1,5,39.9,6,0.47,6,10895991,7,832,6,275.9,7,30.14,6,1.43,2,61.9,5,95.88,5,1.15,8,69.32,5,0.43,5,13.05,6,0.1,1,19,5
44210,2005,충청남도 서산시,8.52,5,34.28,5,-10.15,10,58.7,5,23,5,0.3,5,5351167,6,155,1,282.07,7,66.71,7,0.99,1,82.79,5,-6.89,1,-0.25,10,75.51,6,0.28,4,9.16,5,0.49,6,9,3
44230,2005,충청남도 논산시,6.77,4,41.36,6,-18.65,10,57.23,5,14.7,3,0.27,5,1894419,4,143,1,44.19,3,20,5,0.9,1,91.28,6,18.67,1,-0.99,10,74.78,6,0.8,6,9.02,5,0.32,5,7,1
44250,2005,충청남도 계룡시,26.02,7,44.49,6,7.56,10,62.4,5,17.5,4,0.17,3,319543,1,31,1,61.83,4,205.64,7,2.05,4,97.48,6,1247.5,7,9.59,8,79.16,6,1.26,7,14.51,6,0.32,5,2,1
44710,2005,충청남도 금산군,4.63,3,35.1,5,-20.97,10,61.27,5,18.6,4,0.35,6,1095959,1,75,1,94.85,5,23.89,5,0.57,1,141.12,6,27.64,1,-2.85,10,66.49,5,0.93,6,11.2,5,0.75,7,9,3
44730,2005,충청남도 연기군,7.29,4,37.06,5,,,60.57,5,21.2,5,0.37,6,1555631,3,135,1,80.46,5,9.89,2,0.78,1,98.74,6,246.27,7,-0.4,10,78.67,6,1.24,7,11.51,5,0.25,5,8,2
44760,2005,충청남도 부여군,4.66,3,41.55,6,-25.35,10,64.5,6,12.4,3,0.22,4,1108092,1,63,1,67.41,4,34.78,6,0.68,1,145.92,6,-43.08,1,-2.03,10,74.63,6,0.82,6,7.9,5,0.27,5,7,1
44770,2005,충청남도 서천군,5.45,3,35.63,5,-27.15,10,64.4,6,10.1,2,0.33,5,1265932,2,16,1,89.77,5,44.81,6,1.02,1,149.81,6,249.14,7,-1.86,10,95.91,6,0.69,6,10.89,5,0.69,6,5,1
44790,2005,충청남도 청양군,4,2,42.29,6,-33.47,10,66.77,6,11.6,2,0.26,5,634645,1,35,1,50.62,3,16.34,4,0.72,1,220.97,7,71.82,5,-1.53,10,84.67,6,0,1,7.34,4,0.96,7,4,1
44800,2005,충청남도 홍성군,6.74,4,42.98,6,-19.91,10,64.33,6,11.5,2,0.25,5,1428351,3,68,1,42.43,2,26.41,6,0.7,1,107.38,6,108.39,6,-0.25,10,77.94,6,0.24,3,10.03,5,0.6,6,6,1
44810,2005,충청남도 예산군,6.4,4,38.54,5,-27.81,10,62.7,5,13.6,3,0.26,5,1344069,3,58,1,48.69,3,11.37,3,0.57,1,113.69,6,251.16,7,-1.01,10,88.5,6,0.24,3,12.69,6,0.24,5,10,3
44825,2005,충청남도 태안군,5.79,4,38.42,5,-27.64,10,62.63,5,25.5,5,0.21,4,1384022,3,17,1,96.69,5,27.65,6,0.61,1,129.9,6,108.77,6,0.35,10,72.6,5,0,1,6.64,4,0.34,5,8,2
44830,2005,충청남도 당진시,6.45,4,32.58,5,-17.15,10,60.4,5,32.5,6,0.35,6,3809955,6,96,1,128.56,6,12.61,3,0.67,1,83.87,5,209.5,7,2.45,8,79.62,6,0.53,5,6.62,4,0.79,7,15,5
45110,2005,전라북도 전주시,18.31,6,45.11,6,-8.53,10,60,5,43,6,0.25,5,6580921,6,504,5,51.82,3,24.42,5,2.94,5,29.76,1,40.16,2,-0.64,10,78.87,6,0.56,6,13.72,6,0.03,1,174,7
45130,2005,전라북도 군산시,11.81,6,35.73,5,-18.77,10,58.83,5,23.2,5,0.27,5,4623213,6,154,1,60.1,4,31.62,6,2.5,4,56.44,4,-17.48,1,-1.13,10,66.27,5,0.88,6,10.76,5,0.12,1,30,6
45140,2005,전라북도 익산시,12.16,6,42.54,6,-13.4,10,59.43,5,34.7,6,0.29,5,3994274,6,365,4,49.53,3,15.99,4,1.81,3,47.58,4,-26.62,1,-1.59,10,69.82,5,0.75,6,15.54,6,0.1,1,33,6
45180,2005,전라북도 정읍시,7.03,4,43.45,6,-19.88,10,66.27,6,14.1,3,0.26,5,1558478,3,114,1,36.79,2,38.19,6,0.85,1,90.53,6,260.91,7,-2.63,10,68.34,5,0.69,6,12.09,6,0.17,3,15,5
45190,2005,전라북도 남원시,6.85,4,45.17,6,-20.66,10,70.57,6,12.8,3,0.26,5,1107012,1,68,1,49.2,3,33.12,6,0.86,1,116.67,6,163.18,6,-2.83,10,86.44,6,0.7,6,19.87,6,0.81,7,13,4
45210,2005,전라북도 김제시,6.17,4,34.08,5,-24.02,10,68.53,6,16.1,4,0.29,5,1430632,3,52,1,45.53,3,13.85,4,1.21,1,109.1,6,98.25,5,-2.44,10,83.04,6,0.55,6,7.5,4,0.22,4,8,2
45710,2005,전라북도 완주군,8.47,5,27.07,5,-7.89,10,66.47,6,20.3,5,0.38,6,2143834,4,109,1,134.83,6,11.02,3,0.54,1,88.63,5,212.48,7,1.44,8,74.26,6,1.51,7,13.96,6,0.25,5,2,1
45720,2005,전라북도 진안군,4.68,3,41.5,6,-35.57,10,73.33,6,13.4,3,0.22,4,502483,1,27,1,32.67,1,21.39,5,0.58,1,234.66,7,-12.16,1,-6.65,10,91.7,6,0.42,5,25.43,7,0,1,10,3
45730,2005,전라북도 무주군,5.48,3,32.62,5,-31.31,10,72.03,6,15.4,4,0.27,5,394972,1,4,1,46.83,3,20.07,5,0.51,1,215.25,7,236.13,7,-0.95,10,84.73,6,0.45,5,24.11,7,3.57,7,6,1
45740,2005,전라북도 장수군,3.65,1,38.12,5,-24.78,10,73.53,6,9.1,1,0.23,5,340136,1,41,1,33.29,1,25.29,5,0.76,1,226.58,7,1987.56,7,-9.58,10,89.69,6,1.46,7,19.45,6,0.97,7,7,1
45750,2005,전라북도 임실군,3.35,1,38.18,5,-33.18,10,73.47,6,12.2,3,0.24,5,447227,1,16,1,34.86,1,60.84,7,0.79,1,234.89,7,137.18,6,-1.04,10,91.97,6,1.16,7,11.65,5,1.94,7,12,4
45770,2005,전라북도 순창군,4.2,2,40.89,6,-26.36,10,75.3,6,9,1,0.24,5,400748,1,12,1,29.87,1,9.52,2,0.73,1,220.27,7,99.87,5,1.28,8,96.91,6,0.76,6,6.08,4,0,1,8,2
45790,2005,전라북도 고창군,4.65,3,39.48,6,-26.97,10,71.43,6,9,1,0.24,5,966693,1,42,1,32.3,1,27.85,6,0.8,1,126.73,6,48.58,3,-2.08,10,86.42,6,1.25,7,11.04,5,1.25,7,11,3
45800,2005,전라북도 부안군,5.15,3,46.27,6,-26.65,10,67.43,6,13.3,3,0.23,4,730537,1,14,1,26.36,1,73.03,7,0.89,1,128.13,6,84.21,5,-2.57,10,83.74,6,0.36,5,12.47,6,0.36,6,6,1
46110,2005,전라남도 목포시,11.92,6,47.17,6,-13.86,10,60.13,5,29.7,5,0.24,5,,0,117,1,39.8,2,27.85,6,10.14,7,45.37,4,-11.82,1,0,10,72.51,5,0.9,6,14.41,6,0,1,49,7
46130,2005,전라남도 여수시,9.83,5,35,5,-19.12,10,63.67,6,33,6,0.3,5,,0,109,1,235.69,7,22.61,5,1.87,3,63.71,5,-5.53,1,-1.72,10,50.46,5,0.58,6,12.77,6,0.07,1,35,6
46150,2005,전라남도 순천시,12.26,6,45.42,6,-9.23,10,65.07,6,26.4,5,0.25,5,,0,202,2,43,3,36.08,6,1.13,1,49.14,4,-36.16,1,-0.11,10,56.74,5,0.38,5,11.45,5,0.08,1,29,6
46170,2005,전라남도 나주시,6.29,4,39.42,6,-24.06,10,71.73,6,13.8,3,0.29,5,,0,88,1,68.37,4,14.4,4,1.15,1,113.75,6,27.92,1,-1.34,10,88.28,6,1.38,7,13.87,6,0.11,1,13,4
46230,2005,전라남도 광양시,9.13,5,25.49,4,-7.69,10,67.23,6,49.4,6,0.42,6,,0,141,1,487.27,7,71.36,7,1.59,3,61.45,5,183.04,6,-0.29,10,97.43,6,0,1,8.76,5,0.07,1,15,5
46710,2005,전라남도 담양군,5.37,3,37.02,5,-33.69,10,72.2,6,12.2,3,0.34,5,,0,78,1,43.05,3,8.78,2,0.68,1,131.73,6,128.5,6,-0.15,10,76.94,6,0.92,6,8.95,5,0.23,4,5,1
46720,2005,전라남도 곡성군,3.14,1,26.83,5,-33.09,10,75.93,6,9.7,1,0.36,6,,0,13,1,99.82,5,16.66,4,0.47,1,185.93,7,21.28,1,-0.34,10,56.32,5,1.34,7,12.44,6,0.34,5,6,1
46730,2005,전라남도 구례군,4.38,2,45.51,6,-27.47,10,74.23,6,10.7,2,0.23,5,,0,9,1,36.59,2,17.86,5,0.47,1,205.7,7,-65.54,1,-2.07,10,75.12,6,0.4,5,12.93,6,0.4,6,2,1
46770,2005,전라남도 고흥군,3.13,1,48.55,6,-32.79,10,73.9,6,9.1,1,0.2,4,,0,10,1,22.53,1,20.79,5,0.75,1,106.33,6,33.55,1,-3.2,10,84.24,6,0.28,4,8.67,5,0.14,2,8,2
46780,2005,전라남도 보성군,4.1,2,46.6,6,-32.53,10,74.7,6,10.2,2,0.23,5,,0,18,1,29.55,1,13.77,4,0.64,1,130.75,6,-19.89,1,-1.94,10,80.59,6,0.44,5,12.4,6,0.87,7,5,1
46790,2005,전라남도 화순군,9.43,5,39.53,6,-11.93,10,67.27,6,15.7,4,0.31,5,,0,106,1,43.51,3,12.33,3,0.52,1,96.4,6,91.55,5,-2.27,10,79.92,6,0.59,6,11.04,5,0,1,12,4
46800,2005,전라남도 장흥군,4.53,3,47.48,6,-31.1,10,73.8,6,8.2,1,0.23,5,,0,12,1,30.87,1,23.21,5,0.52,1,136.85,6,36.54,2,-2,10,87.33,6,0.5,5,10.99,5,0,1,8,2
46810,2005,전라남도 강진군,4.67,3,45.33,6,-31.3,10,72.5,6,8.3,1,0.22,4,,0,6,1,41.05,2,64.74,7,0.55,1,154.72,6,32.4,1,-1.91,10,72.57,5,0.82,6,14.19,6,0.27,5,8,2
46820,2005,전라남도 해남군,4.22,2,46.57,6,-31.18,10,71.37,6,10,1,0.22,4,,0,27,1,30.25,1,14.06,4,0.63,1,98.94,6,41.42,3,-1.64,10,84.8,6,0.81,6,11.61,5,0,1,7,1
46830,2005,전라남도 영암군,5.19,3,22,4,-6.45,10,69.93,6,12.7,3,0.47,6,,0,54,1,78.47,5,56.57,7,0.68,1,111.66,6,-16.63,1,-0.67,10,24.73,2,0.49,5,14.2,6,0.16,3,2,1
46840,2005,전라남도 무안군,4.74,3,41.02,6,-25.56,10,70.73,6,6.9,1,0.22,4,,0,49,1,35.65,1,19.85,5,0.94,1,108.52,6,-21.27,1,-0.71,10,90.54,6,1.1,7,12.85,6,0.18,4,6,1
46860,2005,전라남도 함평군,3.77,1,39.08,5,-25.22,10,71.83,6,11.3,2,0.21,4,,0,21,1,29.6,1,28.91,6,0.86,1,146.46,6,63.98,4,0.5,10,78.84,6,1.38,7,9.4,5,0.55,6,1,1
46870,2005,전라남도 영광군,6.24,4,37,5,-21.17,10,73.7,6,18.4,4,0.28,5,,0,27,1,282.98,7,17.68,5,0.7,1,104.86,6,-34.95,1,-2.16,10,84.25,6,0.83,6,6.12,4,0.17,3,8,2
46880,2005,전라남도 장성군,6.81,4,37.44,5,-25.24,10,71.33,6,11,2,0.3,5,,0,67,1,70.42,4,17.8,5,0.73,1,140.14,6,241.61,7,-2.28,10,86.61,6,0.95,6,9.76,5,0.24,4,5,1
46890,2005,전라남도 완도군,4.18,2,47.87,6,-33.44,10,73.77,6,10.1,2,0.21,4,,0,22,1,25.73,1,26.55,6,0.76,1,131.32,6,-74.53,1,-1.86,10,70.85,5,0.58,6,11.5,5,0.19,4,6,1
46900,2005,전라남도 진도군,4.35,2,42.78,6,-30.04,10,73.07,6,11,2,0.17,4,,0,17,1,26.81,1,24.63,5,0.77,1,163.6,6,-10.49,1,-1.89,10,79.81,6,0,1,14.96,6,0.31,5,3,1
46910,2005,전라남도 신안군,2.96,1,29.91,5,-35.48,10,72.07,6,9.6,1,0.13,2,,0,15,1,21.93,1,1.31,1,0.65,1,195.25,7,25.85,1,-2.25,10,14.73,1,0.52,5,9.62,5,0,1,0,1
47110,2005,경상북도 포항시,11.26,5,32.61,5,-18.77,10,61.72,5,50.1,6,0.33,5,13885502,7,2363,7,243.19,7,22.88,5,0.77,1,52.83,4,213.65,7,-0.41,10,93.29,6,0.18,2,10.01,5,0.04,1,64,7
47130,2005,경상북도 경주시,10.39,5,35.48,5,-12.65,10,63.77,6,30,5,0.36,6,4992725,6,255,3,95.52,5,14.67,4,0.76,1,72.98,5,6.01,1,-1.24,10,77.12,6,0.6,6,11.83,6,0.04,1,37,6
47150,2005,경상북도 김천시,8.04,5,41.65,6,-19.74,10,66.43,6,20.6,5,0.27,5,2108634,4,38,1,73.26,5,24.99,5,0.88,1,105.28,6,-3.3,1,-1.28,10,58.45,5,0.66,6,12.95,6,0,1,13,4
47170,2005,경상북도 안동시,9.81,5,44.14,6,-17.83,10,66.7,6,16.7,4,0.24,5,1941798,4,94,1,49.4,3,28.84,6,0.64,1,95.59,6,70.48,5,-1.56,10,75.9,6,1.3,7,10.66,5,0.12,1,38,6
47190,2005,경상북도 구미시,10.89,5,37.4,5,0.13,10,56.07,5,57.9,6,0.52,6,20765840,7,1222,7,214.96,7,37.33,6,0.86,1,48.31,4,104.86,6,1.42,8,75.76,6,0.08,1,14.1,6,0,1,32,6
47210,2005,경상북도 영주시,7.76,5,39,5,-21.76,10,69.53,6,17.7,4,0.24,5,1565521,3,41,1,51.25,3,22.56,5,0.76,1,106.68,6,12.3,1,-2.04,10,79.76,6,0.79,6,9.99,5,0.35,5,13,4
47230,2005,경상북도 영천시,6.91,4,35.99,5,-20.6,10,63.7,6,22,5,0.33,5,1615165,3,80,1,59.88,4,17.26,5,0.61,1,117.68,6,4.4,1,-1.94,10,94.09,6,0.67,6,8.27,5,0.19,4,14,4
47250,2005,경상북도 상주시,7.49,4,44.51,6,-21.51,10,70.37,6,13.6,3,0.19,4,1191886,2,51,1,29.88,1,33.02,6,0.61,1,148.67,6,53.59,4,-1.7,10,76.9,6,0.66,6,11.71,5,0,1,11,3
47280,2005,경상북도 문경시,6.65,4,42.12,6,-33,10,69.7,6,15.2,4,0.22,4,904151,1,31,1,29.26,1,32.86,6,0.66,1,159.88,6,329.01,7,-1.6,10,81.93,6,0.28,4,11.14,5,0.42,6,19,5
47290,2005,경상북도 경산시,12.82,6,38.29,5,-8.18,10,57.2,5,35.1,6,0.32,5,3491096,6,379,4,62.26,4,15.38,4,1.93,3,52.75,4,-21.56,1,2.9,8,69.44,5,0.29,4,12.42,6,0.08,1,19,5
47720,2005,경상북도 군위군,4.24,2,33.77,5,-33.72,10,71.43,6,14.6,3,0.28,5,394452,1,28,1,41.64,2,16.25,4,0.42,1,253.75,7,53.4,4,-3.9,10,88.47,6,0.41,5,6.11,4,0,1,6,1
47730,2005,경상북도 의성군,3.3,1,41.08,6,-36,10,71.2,6,10,1,0.2,4,740989,1,43,1,27.78,1,18.46,5,0.44,1,193.96,7,58.95,4,-2.02,10,87.91,6,0.88,6,9.52,5,0.18,3,7,1
47750,2005,경상북도 청송군,5.81,4,39.81,6,-32.56,10,72.1,6,16.7,4,0.21,4,377518,1,5,1,40.98,2,15.61,4,0.43,1,244.84,7,60.29,4,-2.4,10,85.42,6,0.38,5,10.51,5,0.75,7,5,1
47760,2005,경상북도 영양군,4.02,2,40.41,6,-30.68,10,73.9,6,10.2,2,0.15,3,261048,1,3,1,32.37,1,28.4,6,0.44,1,337.72,7,7.66,1,-0.37,10,92.02,6,0.57,6,10.77,5,0.57,6,3,1
47770,2005,경상북도 영덕군,4,2,52.63,6,-23.13,10,69.2,6,11.6,2,0.22,4,452881,1,27,1,30.96,1,45.71,6,0.52,1,188.42,7,40.39,2,-1.4,10,80.84,6,0.74,6,9.87,5,0.99,7,6,1
47820,2005,경상북도 청도군,4.85,3,45.27,6,-35.56,10,70.7,6,11.5,2,0.22,4,574234,1,97,1,49.03,3,14.52,4,0.52,1,193.39,7,18.61,1,-1.31,10,95.07,6,0.25,3,9.1,5,0.25,5,7,1
47830,2005,경상북도 고령군,4.48,2,30.03,5,-27.81,10,68.47,6,15.9,4,0.46,6,695014,1,45,1,61.24,4,14.84,4,0.55,1,198.41,7,-8.83,1,-0.56,10,93.95,6,1.62,7,11.65,5,0.32,5,7,1
47840,2005,경상북도 성주군,3.3,1,35.15,5,-27.28,10,69.67,6,15.1,3,0.33,5,766296,1,31,1,38.14,2,112.08,7,0.54,1,183.96,7,-14.47,1,-1.27,10,87.91,6,1.26,7,12.85,6,0.25,5,6,1
47850,2005,경상북도 칠곡군,8.59,5,38.27,5,-3.17,10,60.33,5,30.2,5,0.46,6,1845886,4,123,1,66.71,4,32.71,6,0.75,1,77.79,5,55.82,4,0.44,10,70.88,5,0.73,6,10.46,5,0.09,1,17,5
47900,2005,경상북도 예천군,4.94,3,39.5,6,-33.94,10,74.3,6,13.2,3,0.19,4,689385,1,13,1,28.4,1,10.19,3,0.6,1,182.39,7,142.18,6,-1.76,10,98.42,6,0.65,6,10.42,5,0.22,4,9,3
47920,2005,경상북도 봉화군,4.14,2,28.99,5,-32.19,10,72.07,6,9,1,0.23,5,511974,1,8,1,33.99,1,34.87,6,0.4,1,240.64,7,-37.83,1,-2.32,10,71.21,5,0.31,4,8.02,5,0.62,6,5,1
47930,2005,경상북도 울진군,7.64,5,35.79,5,-24.6,10,70.9,6,20.2,5,0.29,5,1798205,4,9,1,278.87,7,26.82,6,0.41,1,160.49,6,10.03,1,-3.33,10,87.3,6,0.2,2,8.39,5,0.78,7,12,4
47940,2005,경상북도 울릉군,7.61,5,43.84,6,-36.19,10,78.2,6,18,4,0.33,5,187017,1,1,1,45.66,3,15.21,4,1.05,1,492.14,7,2561.28,7,4.18,8,77.94,6,0,1,8.4,5,2.4,7,5,1
48110,2005,경상남도 창원시,15.11,6,30.29,5,-14.89,10,61.83,5,67.7,7,0.52,6,14589307,7,1253,7,133.21,6,30.32,6,3.01,5,30.14,1,30.17,1,-1.31,10,79.4,6,0.2,2,9.79,5,0.12,1,100,7
48160,2005,경상남도 마산시,11.87,6,46.72,6,,,59.6,5,41.8,6,0.25,5,5068157,6,194,1,63.04,4,19.71,5,1.9,3,38.08,3,-18.5,1,-0.87,10,67.59,5,0.47,5,8.39,5,0.12,1,47,7
48170,2005,경상남도 진주시,14.2,6,42.93,6,-11.43,10,65.9,6,33.7,6,0.27,5,4210052,6,292,3,50.54,3,124.17,7,1.16,1,48.51,4,150.01,6,-0.65,10,71.97,5,0.27,4,11.48,5,0.18,3,47,7
48190,2005,경상남도 진해시,12.22,6,38.52,5,,,67.03,6,30.9,6,0.26,5,2358457,5,87,1,47.38,3,46.46,6,3.5,5,48.65,4,11.34,1,3.07,8,86.77,6,0.27,4,9.73,5,0.2,4,14,4
48220,2005,경상남도 통영시,7.31,4,39.59,6,-15,10,60.7,5,21.3,5,0.26,5,1851024,4,41,1,51.05,3,39.54,6,2.28,4,74.86,5,138.39,6,-0.26,10,70.08,5,0.33,4,12.42,6,0.49,6,12,4
48240,2005,경상남도 사천시,9.49,5,39.01,5,-14.97,10,64.23,6,21.1,5,0.31,5,2077652,4,59,1,75.86,5,20.1,5,1.7,3,79.27,5,70.25,5,-1.48,10,65.98,5,0.37,5,11.79,6,0.37,6,13,4
48250,2005,경상남도 김해시,12.56,6,35.97,5,20.55,9,57.2,5,47.7,6,0.4,6,7448692,7,622,6,62.33,4,33.3,6,2.52,4,29,1,-22.43,1,2.86,8,77.73,6,0.23,3,11.39,5,0.09,1,28,6
48270,2005,경상남도 밀양시,8.66,5,39.78,6,-22.32,10,65.17,6,21,5,0.24,5,1912382,4,84,1,47.04,3,14.93,4,0.86,1,85.12,5,47.26,3,-1.52,10,85.71,6,0.38,5,11.32,5,0.47,6,9,3
48310,2005,경상남도 거제시,8.7,5,25.67,4,1.09,10,62.13,5,33,6,0.5,6,4789222,6,37,1,127.37,6,75.06,7,1.48,2,47.33,4,116.36,6,1.99,8,71.25,5,0.36,5,11.86,6,0.41,6,15,5
48330,2005,경상남도 양산시,10.77,5,35.31,5,0.82,10,58.93,5,46.9,6,0.48,6,4764370,6,259,3,103.63,5,30.55,6,2.33,4,38.27,3,234.48,7,3.34,8,21.3,1,0.46,5,9.85,5,0.05,1,16,5
48720,2005,경상남도 의령군,4.31,2,31.75,5,-24.79,10,74.83,6,12.9,3,0.38,6,526692,1,19,1,40.89,2,42.62,6,0.9,1,204.33,7,-17.13,1,-3.76,10,80.87,6,2.17,7,12.66,6,0.72,7,3,1
48730,2005,경상남도 함안군,5.87,4,28.44,5,-16.87,10,67.83,6,17.5,4,0.52,6,1614085,3,45,1,89.22,5,16.54,4,1.06,1,105.45,6,50.4,3,-1.17,10,76.58,6,0.18,2,11.37,5,0.73,7,8,2
48740,2005,경상남도 창녕군,4.8,3,40.18,6,-24.69,10,68.47,6,18,4,0.28,5,1079959,1,43,1,40.8,2,49.25,6,0.91,1,117.5,6,17.44,1,-1.81,10,82.47,6,0.35,4,12.5,6,0.87,7,7,1
48820,2005,경상남도 고성군,5.47,3,38.09,5,-25.53,10,69,6,16.4,4,0.33,5,1382375,3,9,1,87.88,5,26.83,6,1.08,1,132.89,6,64.96,4,-1.8,10,57.45,5,1.41,7,9.09,5,0.61,6,7,1
48840,2005,경상남도 남해군,4.42,2,43.89,6,-24.41,10,75.6,6,16.6,4,0.22,4,545810,1,9,1,22.01,1,16.33,4,0.9,1,117.97,6,-7.09,1,-1.93,10,73.59,5,0.64,6,12.18,6,0.43,6,5,1
48850,2005,경상남도 하동군,5.29,3,37.33,5,-25.11,10,74.53,6,17.1,4,0.26,5,1164728,2,18,1,71.07,4,0,1,0.73,1,138.02,6,20.91,1,-3.17,10,54.06,5,0.22,3,15.46,6,1.99,7,4,1
48860,2005,경상남도 산청군,5.26,3,38.44,5,-30.76,10,73.23,6,13.8,3,0.27,5,547529,1,15,1,58.55,4,22.06,5,0.6,1,177.5,6,5.2,1,-1.04,10,84.46,6,0.62,6,9.86,5,1.23,7,9,3
48870,2005,경상남도 함양군,5.17,3,44.35,6,-22.54,10,73.33,6,9.4,1,0.25,5,550641,1,25,1,29.3,1,14.22,4,0.62,1,154.44,6,115.86,6,-0.57,10,81.9,6,0.81,6,11.82,6,0.81,7,6,1
48880,2005,경상남도 거창군,6.22,4,41.53,6,-18.32,10,71.93,6,13,3,0.23,5,937324,1,13,1,30.85,1,35.32,6,0.63,1,111.02,6,6.88,1,-0.96,10,82.01,6,0,1,10.56,5,0.82,7,7,1
48890,2005,경상남도 합천군,5.17,3,39.74,6,-26.89,10,73.53,6,12.6,3,0.22,4,832374,1,17,1,31.54,1,13,4,0.61,1,156.68,6,-37.18,1,1.49,8,90.99,6,0.84,6,7.95,5,0.84,7,6,1
49110,2005,제주특별자치도 제주시,14.91,6,46.3,6,2.38,10,63.97,6,37.4,6,0.34,6,,0,249,3,51.48,3,28.95,6,2.26,4,57.18,4,4.36,1,1.65,8,49.36,5,1.03,6,22.26,6,0.35,5,131,7
49130,2005,제주특별자치도 서귀포시,10.13,5,48.33,6,-12.47,10,66.93,6,18.8,4,0.31,5,,0,60,1,25.8,1,34.8,6,1.14,1,167.03,6,205.68,7,-1.4,10,69.56,5,1.28,7,37.9,7,1.66,7,29,6
49710,2005,제주특별자치도 북제주군,6,4,42.27,6,,,68.93,6,16.8,4,0.25,5,,0,,0,48.64,3,0,1,,0,,0,,0,-6,10,87.78,6,,0,,0,0.62,6,7,1
49720,2005,제주특별자치도 남제주군,5.63,3,46.82,6,,,69.47,6,15.2,4,0.24,5,,0,,0,31.02,1,0,1,,0,,0,,0,-0.01,10,69.07,5,,0,,0,1.46,7,12,4
11110,2000,서울특별시 종로구,17.34,7,37.84,5,-19.33,10,63.8,5,72.3,7,1.42,7,,0,,,619.7,7,32.83,6,11.22,7,77.18,6,-18.91,10,-0.68,10,35.16,4,0.41,6,12.81,5,0.06,1,,
11140,2000,서울특별시 중구,11.96,6,38.98,6,-13.46,10,64.05,5,95,7,3.05,7,,0,,,2034.09,7,12.92,3,10.96,7,89.51,6,-80.28,10,10.59,8,59.24,5,0.22,5,15.02,5,0.3,6,,
11170,2000,서울특별시 용산구,16.55,7,33.19,5,-17.56,10,60.3,5,51.8,6,0.57,6,,0,,,205.2,7,7.84,1,12.57,7,49.29,5,186.47,8,0.32,10,87.95,6,0.13,3,14.69,5,0.04,1,,
11200,2000,서울특별시 성동구,12.72,6,33.11,5,-12.01,10,61.95,5,42.2,6,0.39,6,,0,,,57.91,5,1.49,1,23.4,7,35.2,4,-69.76,10,-0.52,10,42.04,4,0.03,1,4.58,1,0,1,,
11215,2000,서울특별시 광진구,15.72,6,38.44,6,-11.37,10,60.23,5,42.3,6,0.26,5,,0,,,57.68,5,7.43,1,18.75,7,28.49,3,-57.81,10,-0.97,10,44.22,5,,0,1.91,1,0.03,1,,
11230,2000,서울특별시 동대문구,11.03,6,39.67,6,-22.41,10,61.35,5,37,6,0.32,6,,0,,,49.71,5,2.24,1,22.63,7,35.42,4,-88.01,10,2.93,8,50.28,5,0.05,1,3.81,1,0.05,1,,
11260,2000,서울특별시 중랑구,9.19,6,45.31,6,-9.39,10,58.76,5,35.1,6,0.17,4,,0,,,19.12,1,10.25,2,16.42,7,26.86,2,-41.29,10,-1.68,10,39.82,4,0.02,1,22.5,6,0.02,1,,
11290,2000,서울특별시 성북구,12.1,6,43.41,6,-15.46,10,60.13,5,43.7,6,0.17,4,,0,,,40.61,4,8.56,1,24.31,7,30.25,3,-59.5,10,-3.4,10,77.04,6,0.15,4,17.68,6,0,1,,
11305,2000,서울특별시 강북구,9.7,6,47.66,6,-23.87,10,57.76,5,30.4,5,0.13,3,,0,,,23.5,2,4.05,1,9.01,7,31.4,3,-66.93,10,-0.79,10,69.23,6,0.06,1,11.18,5,0.03,1,,
11320,2000,서울특별시 도봉구,14.71,6,38.54,6,-10.69,10,60.86,5,37.6,6,0.15,4,,0,,,20.64,1,2.83,1,11.83,7,28.21,3,51.86,8,-2.15,10,59.42,5,0.06,1,18.54,6,0,1,,
11350,2000,서울특별시 노원구,16.66,7,46.57,6,-4.94,10,60.8,5,33.5,6,0.14,3,,0,,,23.43,2,21.79,5,8,7,22.11,1,-92.56,10,1.51,8,53.52,5,0.16,4,18.37,6,0,1,,
11380,2000,서울특별시 은평구,13.64,6,43.34,6,-19.04,10,59.55,5,31.2,5,0.13,3,,0,,,24.38,2,11.07,3,10.88,7,26.57,2,-6.34,10,-1.69,10,51.19,5,0.16,4,5.08,2,0.02,1,,
11410,2000,서울특별시 서대문구,16.52,7,46,6,-10.29,10,59.79,5,39.1,6,0.22,5,,0,,,51.03,5,12.82,3,16.64,7,34.04,3,-79.43,10,-0.54,10,48.48,5,0.09,1,11.83,5,0,1,,
11440,2000,서울특별시 마포구,17.76,7,37.02,5,-15.61,10,60.95,5,46.7,6,0.38,6,,0,,,134.74,7,5.06,1,16.46,7,35.1,4,-50.37,10,-0.52,10,56.86,5,0.11,3,3.16,1,0.08,2,,
11470,2000,서울특별시 양천구,16.73,7,38.98,6,-12.15,10,61.76,5,58.2,6,0.2,5,,0,,,41.66,4,4.47,1,23.06,7,25.52,2,-7.07,10,0.61,10,64.5,5,0.09,1,11.31,5,0,1,,
11500,2000,서울특별시 강서구,14.06,6,36.71,5,-13.89,10,60.78,5,44,6,0.24,5,,0,,,48.34,5,4.76,1,8.83,7,24.64,2,-17.11,10,-0.71,10,43.16,4,0.18,4,14.53,5,0.02,1,,
11530,2000,서울특별시 구로구,11.7,6,32.67,5,-7.43,10,61.84,5,45.5,6,0.3,5,,0,,,42.07,4,6.15,1,13.53,7,29.55,3,-69.91,10,0.92,9,60.49,5,0.15,4,0.76,1,0,1,,
11545,2000,서울특별시 금천구,8.52,6,35.44,5,-17.48,10,59.78,5,37.6,6,0.44,6,,0,,,64.35,6,7.59,1,13.64,7,36.23,4,-17.03,10,-1.82,10,61.02,5,0.07,1,5.99,2,0,1,,
11560,2000,서울특별시 영등포구,16.13,7,32.57,5,-15.71,10,60.63,5,78.8,7,0.74,7,,0,,,535.39,7,1.24,1,15.35,7,34.1,3,20.5,8,-0.6,10,61.04,5,0.26,5,7.49,3,0,1,,
11590,2000,서울특별시 동작구,18.41,7,41.91,6,-16.1,10,61.55,5,39.2,6,0.21,5,,0,,,48.37,5,9.02,2,13.9,7,30.06,3,-15.87,10,-1.63,10,31.65,3,0.2,5,2.87,1,0,1,,
11620,2000,서울특별시 관악구,16.06,7,43.74,6,-21.95,10,60.31,5,31.4,5,0.18,4,,0,,,31.91,3,20.52,5,10.38,7,27.23,2,-62.33,10,0.23,10,21.51,1,0.1,2,5.9,2,0.02,1,,
11650,2000,서울특별시 서초구,33.05,7,31.77,5,-21.53,10,61.89,5,91.4,7,0.88,7,,0,,,273.4,7,37.16,6,7.36,7,34.83,4,34.08,8,-1.66,10,75.72,6,0.05,1,6.33,3,0,1,,
11680,2000,서울특별시 강남구,31.44,7,33.37,5,-22.61,10,60.59,5,90.8,7,1.15,7,,0,,,486.94,7,8.33,1,10.51,7,27.4,2,-39.08,10,-1.27,10,42.05,4,0.11,3,1.78,1,0,1,,
11710,2000,서울특별시 송파구,21.18,7,35.66,5,-13.2,10,60.6,5,68.4,7,0.31,6,,0,,,74.37,6,2.77,1,10.34,7,23.44,2,-47.5,10,-1.5,10,64,5,0.05,1,1.48,1,0.02,1,,
11740,2000,서울특별시 강동구,14.97,6,43.78,6,-15.71,10,61.09,5,41.8,6,0.19,4,,0,,,33.82,4,3.53,1,11.08,7,25.87,2,-65.14,10,0.34,10,61.26,5,0.15,4,9.38,4,0.02,1,,
26110,2000,부산광역시 중구,8.67,6,42.74,6,-22.76,10,62.28,5,55,6,1.11,7,,0,,,391.16,7,5.35,1,20.21,7,74.79,6,,0,-2.21,10,63.1,5,,0,43.4,7,0.34,6,,
26140,2000,부산광역시 서구,8.41,6,42.49,6,-27.58,10,61.25,5,25.7,5,0.25,5,,0,,,51.18,5,19.8,5,6.53,6,35.75,4,,0,-3,10,62.76,5,0.81,7,11.02,5,0.14,4,,
26170,2000,부산광역시 동구,6.93,5,45.48,6,-33.76,10,63.45,5,33.6,6,0.53,6,,0,,,156.61,7,16.8,4,6.9,6,44.23,4,,0,-3.14,10,78.78,6,0.08,1,14.5,5,0,1,,
26200,2000,부산광역시 영도구,7.11,5,31.72,5,-27.09,10,62.18,5,24.9,5,0.19,4,,0,,,38.28,4,4.77,1,7.27,7,29.96,3,,0,-2.53,10,68.52,6,0.17,4,7.7,4,0.11,4,,
26230,2000,부산광역시 부산진구,9.75,6,47.62,6,-19.79,10,61.11,5,53,6,0.31,6,,0,,,70.43,6,11.93,3,9.11,7,21.74,1,,0,-1.47,10,64.2,5,0.07,1,4.13,1,0,1,,
26260,2000,부산광역시 동래구,11.98,6,47.1,6,-20.33,10,59.21,5,51.7,6,0.24,5,,0,,,45.59,5,8.13,1,8.75,7,20.22,1,,0,-0.93,10,53.55,5,0.17,4,5.94,2,0.03,1,,
26290,2000,부산광역시 남구,9.36,6,36.58,5,-20.22,10,60.11,5,42.4,6,0.18,4,,0,,,31.32,3,7.84,1,7.36,7,21.74,1,,0,-0.44,10,64.61,5,0.17,4,5.63,2,0.03,1,,
26320,2000,부산광역시 북구,7.89,5,54.99,6,-3.26,10,56.88,5,27.5,5,0.11,2,,0,,,16.32,1,3.3,1,3.32,5,17.65,1,,0,-0.77,10,41.71,4,0.1,2,7.07,3,0.03,1,,
26350,2000,부산광역시 해운대구,13.54,6,47.96,6,20.2,8,60.25,5,48,6,0.16,4,,0,,,29.27,3,5.26,1,5.28,6,16.22,1,,0,-0.45,10,60.24,5,0.23,5,3.1,1,0.1,3,,
26380,2000,부산광역시 사하구,10.09,6,34.19,5,-12.07,10,58.13,5,41.1,6,0.31,6,,0,,,39.61,4,2.45,1,4.12,6,17.45,1,,0,-1.2,10,48.16,5,0.19,5,1.92,1,0,1,,
26410,2000,부산광역시 금정구,12.28,6,42.79,6,-21.24,10,59.81,5,36.9,6,0.28,5,,0,,,46.1,5,11.71,3,2.35,5,23.24,2,,0,-1.45,10,57.91,5,0.39,6,20.53,6,0.04,1,,
26440,2000,부산광역시 강서구,4.42,4,25.45,5,-32.68,10,64.13,5,36,6,0.57,6,,0,,,142.47,7,185.72,7,0.81,1,84.12,6,,0,-3.95,10,90.67,6,0.93,7,92.5,7,0,1,,
26470,2000,부산광역시 연제구,11.11,6,45.37,6,-26.07,10,62.1,5,39.8,6,0.24,5,,0,,,41.87,4,2.74,1,9.04,7,23.73,2,,0,-2.19,10,76.7,6,0.28,6,12.31,5,0,1,,
26500,2000,부산광역시 수영구,15.45,6,45.36,6,-26.5,10,60.03,5,49.7,6,0.19,4,,0,,,53.21,5,1.15,1,14.76,7,27.3,2,,0,-1.49,10,71.86,6,0.11,3,22.62,6,0,1,,
26530,2000,부산광역시 사상구,7.31,5,31.04,5,-11.84,10,57.94,5,40.6,6,0.46,6,,0,,,42.93,5,2.48,1,5.13,6,19.93,1,,0,0.87,9,67.43,6,0.07,1,14.99,5,0,1,,
26710,2000,부산광역시 기장군,6.9,5,33.66,5,-10.95,10,69.13,6,39.3,6,0.4,6,,0,,,80.04,6,227.55,7,0.62,1,60.94,5,,0,-0.08,10,74.61,6,,0,66.97,7,0.44,7,,
27110,2000,대구광역시 중구,11.29,6,49.64,6,-36.74,10,63.65,5,52.4,6,0.96,7,,0,,,225.46,7,2.86,1,15.63,7,70.81,6,-31.98,10,-4.25,10,65.19,5,0.23,5,43.23,7,0.12,4,,
27140,2000,대구광역시 동구,9.63,6,39.02,6,-16.22,10,59.35,5,29.8,5,0.21,5,,0,,,28.88,3,8.1,1,1.56,3,22.64,1,-26.07,10,-1.55,10,56.1,5,0.3,6,11.35,5,0.06,1,,
27170,2000,대구광역시 서구,5.73,5,37.24,5,-30.13,10,58.73,5,38.1,6,0.28,5,,0,,,33.99,4,1.56,1,10.74,7,24.17,2,-6.3,10,-3.22,10,26.99,3,0.14,4,10.07,4,0,1,,
27200,2000,대구광역시 남구,12.38,6,43.85,6,-28.74,10,59.95,5,32.6,5,0.18,4,,0,,,40.91,4,36.03,6,9.59,7,31.26,3,-51.67,10,-3.4,10,52.36,5,0.36,6,12.69,5,0.05,1,,
27230,2000,대구광역시 북구,10.26,6,35.14,5,2.24,10,59.86,5,36.4,6,0.27,5,,0,,,34.57,4,3.21,1,3.26,5,19.72,1,35.33,8,0.23,10,39.63,4,0.2,5,8.86,4,0.05,1,,
27260,2000,대구광역시 수성구,17.13,7,39.89,6,-9.06,10,61.2,5,35.2,6,0.2,4,,0,,,52.93,5,46.01,6,3.31,5,16.1,1,32.49,8,-0.91,10,71.65,6,0.33,6,8.22,4,0,1,,
27290,2000,대구광역시 달서구,11.34,6,36.07,5,12.72,9,58.21,5,41.1,6,0.25,5,,0,,,32.21,4,2.15,1,6.72,6,13.63,1,-68.78,10,2.5,8,46.09,5,0.09,1,6,2,0.02,1,,
27710,2000,대구광역시 달성군,7.06,5,31.2,5,26.21,8,65.38,5,41,6,0.39,6,,0,,,42.33,4,190.33,7,0.85,1,39.85,4,-65.68,10,6.51,8,63.65,5,0.2,5,24.91,6,0.07,1,,
28110,2000,인천광역시 중구,6.48,5,36.9,5,-11.38,10,60.63,5,46.7,6,0.72,7,,0,,,285.39,7,19.32,5,0.92,1,73.23,6,,0,-1.73,10,69.71,6,0.15,4,43.07,7,0.3,6,,
28140,2000,인천광역시 동구,4.32,4,21.94,4,-38.75,10,62.58,5,22.1,5,0.45,6,,0,,,59.92,5,2.77,1,8.25,7,61.38,5,,0,-5.4,10,83.67,6,0.14,4,67,7,0.14,4,,
28170,2000,인천광역시 미추홀구,7.56,5,40.42,6,-14.12,10,59.15,5,33.2,6,0.24,5,,0,,,37.19,4,6.53,1,15.41,7,17.34,1,,0,-0.17,10,69.56,6,0.07,1,9,4,0,1,,
28185,2000,인천광역시 연수구,11.19,6,49.9,6,12.74,9,60.18,5,33.9,6,0.12,3,,0,,,22.03,2,37.37,6,5.95,6,18.1,1,,0,-0.48,10,50.73,5,0.35,6,10.37,5,0,1,,
28200,2000,인천광역시 남동구,7.74,5,30.9,5,-4.88,10,58.21,5,38.3,6,0.46,6,,0,,,54.57,5,20.27,5,5.19,6,16.91,1,,0,1.48,8,40.89,4,,0,12.76,5,0,1,,
28237,2000,인천광역시 부평구,9.79,6,38.88,6,1.69,10,58.05,5,37.2,6,0.24,5,,0,,,32.77,4,9.64,2,7.13,7,14.73,1,,0,2.42,8,64.17,5,0.21,5,5.25,2,0.02,1,,
28245,2000,인천광역시 계양구,8.91,6,45.98,6,22.81,8,57.8,5,32.1,5,0.19,4,,0,,,26.14,3,10.99,3,3.36,5,15.84,1,,0,0.22,10,69.06,6,0.03,1,14.19,5,0,1,,
28260,2000,인천광역시 서구,6.43,5,27.48,5,8.35,10,57.23,5,52,6,0.39,6,,0,,,51.02,5,30.32,6,1.88,4,18.49,1,,0,0.47,10,71.57,6,0.15,4,14.07,5,0.03,1,,
28710,2000,인천광역시 강화군,3.59,3,38.82,6,-18.04,10,69.93,6,19.4,4,0.19,4,,0,,,23.79,2,53.32,7,0.14,1,106.84,6,-25.96,10,-1.13,10,79.46,6,0.66,7,145.11,7,0.17,5,,
28720,2000,인천광역시 옹진군,3.49,3,36.77,5,1.55,10,79.03,6,19.9,4,0.14,3,,0,,,40.42,4,0,1,0,1,370.45,7,985.74,8,-0.43,10,82.27,6,1.5,7,516.23,7,0,1,,
29110,2000,광주광역시 동구,14.79,6,47.6,6,-33.41,10,65.05,5,37.6,6,0.64,7,,0,,,138.61,7,1.65,1,5.03,6,59.82,5,-40.82,10,-4.24,10,20.47,1,1.12,7,38.96,7,0,1,,
29140,2000,광주광역시 서구,15.35,6,39.7,6,14.47,9,62.75,5,33.9,6,0.25,5,,0,,,84.33,6,13.69,4,6.82,6,17.73,1,-6.3,10,6.16,8,46.97,5,0.21,5,4.7,1,0.04,1,,
29155,2000,광주광역시 남구,13.99,6,35.73,5,-21.94,10,64.88,5,23.3,5,0.18,4,,0,,,17.36,1,6.06,1,4.15,6,30.37,3,-37.33,10,-3.19,10,58.45,5,0.48,6,3.88,1,0.04,1,,
29170,2000,광주광역시 북구,13.57,6,37.97,5,-5.61,10,61.44,5,31.5,5,0.27,5,,0,,,34.05,4,17.52,5,4.39,6,22.11,1,-13.97,10,-1.36,10,45.56,5,0.02,1,2.34,1,0.02,1,,
29200,2000,광주광역시 광산구,9.6,6,33,5,47.21,8,65.65,5,31,5,0.37,6,,0,,,36.25,4,9.46,2,2.58,5,29.84,3,-32.76,10,0.59,10,71.47,6,0.2,5,5.4,2,0,1,,
30110,2000,대전광역시 동구,8.05,6,39.72,6,-20.66,10,59.29,5,24.9,5,0.18,4,1735802,5,,,30.82,3,33.87,6,2.99,5,30.36,3,20.32,8,-1.71,10,66.17,6,0.32,6,14.27,5,0.08,2,,
30140,2000,대전광역시 중구,12.31,6,47.27,6,-15.53,10,58.1,5,37.5,6,0.33,6,2482165,6,,,57.54,5,59.77,7,6.41,6,28.35,3,123.76,8,2.5,8,55.52,5,0.12,3,9.76,4,0,1,,
30170,2000,대전광역시 서구,16.9,7,40.66,6,5.37,10,60.1,5,39.4,6,0.18,4,3313538,6,,,56.49,5,17.4,5,4.59,6,16.23,1,-31.43,10,0.08,10,55.34,5,0.28,6,5.08,2,0.02,1,,
30200,2000,대전광역시 유성구,23.91,7,34.24,5,25.92,8,62.93,5,45.8,6,0.4,6,2864045,6,,,91.92,6,38.03,6,1.89,4,30.14,3,83.01,8,1.37,9,41.94,4,0.55,7,11.03,5,0.06,1,,
30230,2000,대전광역시 대덕구,9.94,6,31,5,7.59,10,60.05,5,33.6,6,0.38,6,3612778,6,,,69.93,6,42.25,6,5.32,6,21.77,1,-57.37,10,1.65,8,61.68,5,0.26,5,10.1,4,0.09,2,,
31110,2000,울산광역시 중구,7.3,5,49.26,6,,0,63.28,5,30.5,5,0.15,3,,0,,,24.5,2,2.94,1,7.22,7,19.74,1,,0,-0.19,10,57.45,5,0.09,1,11.39,5,0,1,,
31140,2000,울산광역시 남구,10.73,6,31.64,5,,0,62.83,5,60.8,6,0.4,6,,0,,,121.56,6,32.13,6,6.21,6,15.42,1,,0,1.56,8,65.26,5,0.03,1,8.91,4,0.03,1,,
31170,2000,울산광역시 동구,5.99,5,21.43,4,,0,71.13,6,49.5,6,0.41,6,,0,,,155.71,7,49.06,6,4.66,6,22.18,1,,0,-1.79,10,69.44,6,,0,1.25,1,0.05,1,,
31200,2000,울산광역시 북구,6.88,5,16.49,3,,0,69.17,6,45.4,6,0.73,7,,0,,,95.88,6,11.24,3,2.9,5,28.5,3,,0,0.17,10,67.22,6,,0,12.09,5,0.08,2,,
31710,2000,울산광역시 울주군,6.47,5,27.05,5,,0,64.28,5,57.9,6,0.41,6,,0,,,148.36,7,56.23,7,1.64,3,31,3,,0,1.04,9,39.67,4,0.19,5,9.88,4,0.25,6,,
36110,2000,세종특별자치시 세종시,,,,,,0,,,,,,,,,,,,,,,,,,,,,,,,,,,,,,,,
41110,2000,경기도 수원시,12.63,6,40.3,6,20.05,8,58.62,5,72.9,7,0.26,5,12427833,7,,,66.68,6,2.01,1,7.23,7,22.26,1,-57.71,10,2.64,8,72.59,6,0.11,2,2.5,1,0.03,1,,
41130,2000,경기도 성남시,16.02,7,41.26,6,-5.22,10,61.46,5,72.9,7,0.2,5,7244954,7,,,65.33,6,5.53,1,3.51,6,24.37,2,-46,10,-0.63,10,48.01,5,0.04,1,0.7,1,0.02,1,,
41150,2000,경기도 의정부시,9.33,6,44.8,6,21.18,8,60.63,5,61.9,6,0.19,4,,0,,,24.29,2,2.51,1,4.09,6,21.47,1,2.84,9,3.45,8,46.64,5,0.14,4,6.19,3,0.06,1,,
41170,2000,경기도 안양시,13.92,6,40.68,6,-9.55,10,62.37,5,72.5,7,0.3,6,5949305,7,,,52.81,5,1.67,1,6.88,6,26.56,2,68.65,8,-1.23,10,46.64,5,0.09,1,5.24,2,0,1,,
41190,2000,경기도 부천시,9.38,6,40.99,6,-9.73,10,59.69,5,69,7,0.3,5,7777764,7,,,36.1,4,2.57,1,9.34,7,25.79,2,126.59,8,-1.09,10,61.05,5,0.08,1,3.14,1,0.05,1,,
41210,2000,경기도 광명시,11.14,6,38.52,6,-10.68,10,63.79,5,62.9,6,0.18,4,2581667,6,,,49.52,5,1.43,1,4.13,6,23.23,2,-8.53,10,-1.75,10,62.88,5,0.03,1,6.64,3,0.06,1,,
41220,2000,경기도 평택시,7.24,5,35.87,5,8.52,10,63.55,5,53.1,6,0.35,6,6488445,7,,,70.68,6,10.1,2,1.36,2,40.2,4,-3.09,10,0.14,10,81.65,6,0.29,6,10.57,5,0,1,,
41250,2000,경기도 동두천시,4.18,4,42.08,6,-3.4,10,67.05,5,44.4,6,0.27,5,,0,,,27.97,3,1.34,1,0.82,1,61.36,5,58.92,8,0.28,10,40.13,4,0.68,7,43.54,7,0.27,6,,
41270,2000,경기도 안산시,7.75,5,31.26,5,5.41,10,57.23,5,68.1,7,0.45,6,9866970,7,,,64.24,5,9.19,2,5.09,6,22.44,1,-43.6,10,1.88,8,56.26,5,0.02,1,7.69,4,0.04,1,,
41280,2000,경기도 고양시,19.23,7,38.68,6,45.57,8,60.25,5,67.6,7,0.21,5,,0,,,36.03,4,24.09,5,2.43,5,22.21,1,20.09,8,2.18,8,46.29,5,0.12,3,1.54,1,0.03,1,,
41290,2000,경기도 과천시,29.85,7,38.06,5,-1.67,10,66.28,5,47.5,6,0.43,6,1312682,4,,,135.82,7,98.81,7,1.31,2,64.46,5,-78.1,10,-1.05,10,52.99,5,0.45,6,20.24,6,0.15,5,,
41310,2000,경기도 구리시,9.43,6,42.76,6,7.17,10,61.63,5,47.4,6,0.23,5,,0,,,29.7,3,19.18,5,3.51,6,34.01,3,3.94,8,0.83,9,56.07,5,0,1,4.54,1,0.06,1,,
41360,2000,경기도 남양주시,8.85,6,33.93,5,43.68,8,58.63,5,54.3,6,0.2,4,,0,,,19.73,1,0.22,1,0.59,1,27.84,3,0.74,10,5.95,8,64.71,5,0.09,1,15.46,6,0.03,1,,
41370,2000,경기도 오산시,7.65,5,37.75,5,37.85,8,65.68,5,40,6,0.31,6,1469759,4,,,52.8,5,4.79,1,1.87,4,37.1,4,175.85,8,19.12,8,68.41,6,0.29,6,17.92,6,0,1,,
41390,2000,경기도 시흥시,8.53,6,26.9,5,133.83,8,60.38,5,62.6,6,0.47,6,4666331,7,,,35.76,4,4.41,1,4.61,6,20.51,1,-40.54,10,6.58,8,47.81,5,0.07,1,15.3,6,0,1,,
41410,2000,경기도 군포시,16.55,7,33.26,5,5.47,10,63.15,5,67.3,7,0.29,5,2809753,6,,,49.24,5,2.03,1,4.3,6,23.2,2,12.68,8,-1.34,10,53.3,5,0,1,19.56,6,0,1,,
41430,2000,경기도 의왕시,13.47,6,33.54,5,3.04,10,64.28,5,53.7,6,0.25,5,1214586,4,,,44.93,5,1.51,1,3.13,5,37.26,4,117.22,8,3.15,8,31.21,3,0.08,1,23.68,6,0,1,,
41450,2000,경기도 하남시,8.12,6,35.74,5,-7.08,10,60.85,5,42.5,6,0.22,5,984576,3,,,35.75,4,0.34,1,0.83,1,40.41,4,-90.3,10,-1.03,10,71.63,6,0.17,4,25.72,6,0.08,2,,
41460,2000,경기도 용인시,14.94,6,35.55,5,51.52,8,62.15,5,75.3,7,0.43,6,10216125,7,,,109.86,6,0.89,1,1.05,1,25.64,2,83.3,8,7.83,8,80.52,6,0.16,4,1.71,1,0.03,1,,
41480,2000,경기도 파주시,5.58,5,35.03,5,4.63,10,65.3,5,43.9,6,0.35,6,,0,,,34.36,4,0.03,1,0.64,1,44.67,4,23.67,8,5.11,8,88.39,6,0.28,6,0.95,1,0.17,5,,
41500,2000,경기도 이천시,7.43,5,39.61,6,6.43,10,62.65,5,49.8,6,0.41,6,5025837,7,,,83.74,6,2.97,1,0.86,1,40.23,4,-36.48,10,0.49,10,80.16,6,0.22,5,18.7,6,0.22,6,,
41550,2000,경기도 안성시,6.33,5,36.36,5,3.69,10,68.53,6,31.7,5,0.32,6,2284235,6,,,45.74,5,0.58,1,0.71,1,53.96,5,-21.03,10,2.64,8,53.27,5,0.22,5,17.61,6,0,1,,
41570,2000,경기도 김포시,9.6,6,29.69,5,37.05,8,63.68,5,56.4,6,0.5,6,2528599,6,,,32.84,4,0.26,1,0.93,1,39.22,4,-0.32,10,8.92,8,67.64,6,0,1,8.12,4,0.13,4,,
41590,2000,경기도 화성시,4.99,4,26.17,5,13.51,9,63.68,5,62.8,6,0.68,7,5928373,7,,,121.05,6,0.92,1,0.88,1,41.43,4,137.58,8,3.59,8,86.31,6,,0,32.35,7,0,1,,
41610,2000,경기도 광주시,6.72,5,30.07,5,36.03,8,61.28,5,55,6,0.42,6,2053820,5,,,42.56,4,0.55,1,0.59,1,46.77,5,269.25,8,11.53,8,83.87,6,,0,16.99,6,0.16,5,,
41630,2000,경기도 양주시,5.03,4,26.46,5,8.39,10,64.9,5,,0,0.57,6,,0,,,31.5,3,0.34,1,0.96,1,48.32,5,172.19,8,7.38,8,53.98,5,0.27,6,26.65,6,0,1,,
41650,2000,경기도 포천시,4.3,4,30.5,5,9.48,9,66.65,5,,0,0.47,6,,0,,,30.58,3,0.79,1,0.52,1,48.03,5,528.82,8,-0.03,10,60.29,5,0.43,6,21.64,6,0.07,1,,
41730,2000,경기도 여주시,4.43,4,34.82,5,-2.69,10,66.75,5,28.4,5,0.3,6,1311302,4,,,46.44,5,1.69,1,0.71,1,61.67,5,2.93,9,1.66,8,91.4,6,0.41,6,38.62,7,0.31,6,,
41800,2000,경기도 연천군,4.39,4,39.68,6,-15.42,10,69.83,6,22.1,5,0.2,4,,0,,,24.54,2,2.76,1,0.44,1,110.14,6,548.15,8,-2.57,10,77.68,6,0,1,40.22,7,0.4,6,,
41820,2000,경기도 가평군,5.69,5,43.89,6,-7.34,10,71.63,6,28.5,5,0.21,5,,0,,,33.43,4,0.07,1,0.4,1,95.31,6,-30.48,10,-0.53,10,82.23,6,0.96,7,13.42,5,0.19,5,,
41830,2000,경기도 양평군,5.99,5,42.06,6,-3.8,10,70.5,6,27.6,5,0.19,4,689586,1,,,27.28,3,0,1,0.48,1,86.78,6,-24.79,10,1.04,9,81.4,6,0.4,6,14,5,0.13,4,,
42110,2000,강원도 춘천시,11.31,6,41.15,6,0.69,10,66.16,5,35.4,6,0.24,5,2191978,5,,,49.84,5,22.97,5,0.6,1,53.06,5,-76.85,10,0.46,10,72.35,6,0.4,6,12.08,5,0.24,6,,
42130,2000,강원도 원주시,9.49,6,39.37,6,6.18,10,64.38,5,40.7,6,0.29,5,2962570,6,,,40.83,4,18.84,5,0.75,1,44.49,4,-75.84,10,1.02,9,70.62,6,0.41,6,13.27,5,0.22,6,,
42150,2000,강원도 강릉시,9.38,6,40.09,6,-6.68,10,66.41,5,31.9,5,0.25,5,1991086,5,,,50.28,5,44.68,6,0.45,1,52.23,5,-75.67,10,-0.19,10,33.77,4,0.31,6,10.56,5,0.22,5,,
42170,2000,강원도 동해시,7.16,5,43.15,6,-9.78,10,69.48,6,27.5,5,0.24,5,1189318,4,,,40,4,42.88,6,2.83,5,56.99,5,-52.06,10,-0.82,10,94.75,6,0,1,14.48,5,0.31,6,,
42190,2000,강원도 태백시,4.75,4,41.15,6,-26.72,10,70,6,22.1,5,0.22,5,542196,1,,,35.65,4,74.48,7,0.83,1,100.56,6,-13.8,10,-3.35,10,79.17,6,0.18,5,12.92,5,0.92,7,,
42210,2000,강원도 속초시,7.03,5,46.45,6,2.09,10,64.33,5,30.8,5,0.28,5,684184,1,,,29.29,3,9.5,2,2.05,4,58.99,5,-74.47,10,0.58,10,66.13,6,0.11,3,15.8,6,0.34,6,,
42230,2000,강원도 삼척시,5.53,5,32.08,5,-23.45,10,74.93,6,18.2,4,0.25,5,1121238,4,,,30.03,3,21.66,5,0.48,1,107.21,6,-87.93,10,-3.45,10,70.33,6,0,1,12.95,5,0.26,6,,
42720,2000,강원도 홍천군,4.69,4,39.37,6,-11.93,10,72.13,6,17.5,4,0.21,5,1043506,3,,,28.81,3,18.74,5,0.31,1,94.48,6,-34.6,10,-1.25,10,89.55,6,0.3,6,12.05,5,0.15,5,,
42730,2000,강원도 횡성군,3.99,4,36.99,5,-11.51,10,73.38,6,15.1,3,0.28,5,647535,1,,,40.04,4,12.79,3,0.47,1,122.22,6,20.37,8,-2,10,81.57,6,0,1,13.17,5,0.24,6,,
42750,2000,강원도 영월군,4.66,4,30.17,5,-23.58,10,70,6,13.9,3,0.24,5,805218,2,,,48.14,5,46.56,6,0.37,1,129.32,6,-71.24,10,-3.02,10,93.33,6,0,1,11.88,5,0.69,7,,
42760,2000,강원도 평창군,4.15,4,40.6,6,-19.17,10,71.3,6,21.7,4,0.22,5,596924,1,,,41.36,4,30.37,6,0.35,1,131.52,6,-65.94,10,-2.34,10,73.48,6,0,1,20.14,6,0.73,7,,
42770,2000,강원도 정선군,4.19,4,30.95,5,-34.09,10,71.5,6,13,2,0.24,5,574532,1,,,31.36,3,40.98,6,0.37,1,135.42,6,184.02,8,-2.58,10,94.02,6,0,1,17.36,6,0.65,7,,
42780,2000,강원도 철원군,4.79,4,44.69,6,-13.28,10,73.65,6,18.1,4,0.19,4,608272,1,,,21.04,1,16.96,4,0.49,1,102.9,6,33.45,8,-2.12,10,80.78,6,0,1,14.16,5,0.42,6,,
42790,2000,강원도 화천군,6.23,5,43.96,6,-15.39,10,75.5,6,13.4,3,0.17,4,373615,1,,,33.28,4,28.98,6,0.42,1,180.57,7,-59,10,-2.13,10,82.02,6,0.44,6,21.09,6,0.44,6,,
42800,2000,강원도 양구군,6.06,5,47.87,6,-10.57,10,74.15,6,25.5,5,0.21,5,294010,1,,,21.83,2,10.52,3,0.52,1,180.96,7,-69.22,10,-2.34,10,32.51,3,0,1,19.84,6,1.89,7,,
42810,2000,강원도 인제군,6.21,5,46.48,6,-12.73,10,73.38,6,17.7,4,0.17,4,490084,1,,,25.45,2,32.79,6,0.27,1,141.2,7,-21.09,10,-2.55,10,74.41,6,0.32,6,22.72,6,0.97,7,,
42820,2000,강원도 고성군,3.91,3,43.28,6,-19.61,10,73.08,6,17.1,4,0.21,5,407372,1,,,33.92,4,21.17,5,0.52,1,135.21,6,-75.67,10,-3.36,10,67.1,6,0,1,18.92,6,1.86,7,,
42830,2000,강원도 양양군,4.92,4,41.55,6,-11.15,10,74.9,6,10.8,1,0.25,5,440797,1,,,35.4,4,8.31,1,0.43,1,150.7,7,-6.4,10,-3.1,10,83.69,6,0.69,7,18.19,6,2.75,7,,
43110,2000,충청북도 청주시,11.23,6,44.2,6,2.57,10,61.69,5,69.9,7,0.29,5,6486072,7,,,53.56,5,42.98,6,5.36,6,26.67,2,-34.57,10,0.87,9,61.2,5,0.26,5,10.31,5,0,1,,
43130,2000,충청북도 충주시,7.38,5,42.78,6,-2.21,10,67.4,5,25.6,5,0.24,5,2182397,5,,,34.93,4,31.92,6,1.01,1,53.14,5,-86.14,10,-1.26,10,69.83,6,0.18,5,10.97,5,0.23,6,,
43150,2000,충청북도 제천시,5.32,5,44.15,6,-5.82,10,67.9,6,25.9,5,0.23,5,1275775,4,,,27.26,3,18.41,5,0.86,1,64.5,5,-53.78,10,-0.69,10,67.65,6,0.35,6,10.3,5,0.14,4,,
43710,2000,충청북도 청원군,5.68,5,32.29,5,,,70.45,6,23.9,5,0.31,6,2850778,6,,,48.98,5,2.49,1,0.76,1,62.26,5,-46.32,10,0.61,10,73.43,6,0.6,7,5.68,2,0.09,2,,
43720,2000,충청북도 보은군,3.47,3,35.1,5,-21.6,10,77.38,6,9.6,1,0.25,5,464416,1,,,21.62,2,31.84,6,0.73,1,142.7,7,-27.48,10,-3.28,10,83.52,6,0.26,5,11.22,5,0.78,7,,
43730,2000,충청북도 옥천군,4.4,4,35.93,5,-18.74,10,74.43,6,19.6,4,0.29,5,763152,2,,,39.81,4,4.98,1,0.73,1,98.11,6,-63.05,10,-1.87,10,61.7,5,0.69,7,6.43,3,0.52,7,,
43740,2000,충청북도 영동군,4,4,36.12,5,-16.1,10,75.7,6,19.1,4,0.2,5,696715,1,,,26.21,3,23.91,5,0.63,1,97.08,6,-29.85,10,-2.26,10,85.86,6,0,1,8.1,4,0.17,5,,
43745,2000,충청북도 증평군,5.64,5,42.59,6,-12.82,10,,0,,0,0.26,5,,0,,,38.06,4,14.09,4,0.74,1,,0,15.27,8,,0,82.42,6,0.34,6,21.89,6,0.34,6,,
43750,2000,충청북도 진천군,4.67,4,33.08,5,1.6,10,70.4,6,26,5,0.52,6,1404101,4,,,58.12,5,18.06,5,0.78,1,79.92,6,-32.89,10,1.41,9,83.07,6,0.17,4,5.73,2,0.35,6,,
43760,2000,충청북도 괴산군,2.79,2,37.97,5,-25.46,10,72.38,6,18.4,4,0.22,5,964159,3,,,26.52,3,23.79,5,0.56,1,146.11,7,-41.29,10,-5.78,10,61.79,5,1.3,7,19.27,6,0,1,,
43770,2000,충청북도 음성군,4.53,4,32.35,5,2.31,10,70.1,6,28,5,0.51,6,1826714,5,,,70.52,6,12.56,3,0.75,1,66.09,5,18.07,8,-0.27,10,77.51,6,0.12,3,4.15,1,0.47,7,,
43800,2000,충청북도 단양군,4.06,4,24.71,4,-22.38,10,72.63,6,17.4,4,0.28,5,927234,3,,,52.68,5,60.96,7,0.48,1,134.37,6,-84.61,10,-3.15,10,57.27,5,0.28,6,9.42,4,1.11,7,,
44130,2000,충청남도 천안시,9.55,6,36.46,5,21.37,8,58.99,5,46.4,6,0.35,6,6982906,7,,,62,5,22.67,5,1.46,3,32,3,16.56,8,3.29,8,55.63,5,0.17,4,12.09,5,0,1,,
44150,2000,충청남도 공주시,5.83,5,42.73,6,-11.77,10,70.13,6,17,4,0.22,5,1432737,4,,,37.34,4,22.61,5,0.64,1,67.19,5,34.43,8,-1.09,10,65.54,6,0.38,6,8.21,4,0.31,6,,
44180,2000,충청남도 보령시,4.31,4,40.26,6,-22.13,10,66.75,5,17.8,4,0.22,5,1499644,5,,,49.71,5,18.71,5,0.58,1,73.77,6,-49.26,10,-2.32,10,73.73,6,0.46,6,8.58,4,0.27,6,,
44200,2000,충청남도 아산시,5.34,5,32.68,5,13.97,9,62.85,5,32.4,5,0.38,6,5385336,7,,,81.08,6,29.02,6,1.32,2,47.58,5,-37.18,10,0.58,10,72.25,6,0.33,6,12.34,5,0.11,4,,
44210,2000,충청남도 서산시,5.88,5,31.13,5,0.32,10,66.15,5,28.2,5,0.26,5,3197544,6,,,43.29,5,68.93,7,0.59,1,58.89,5,247.62,8,-1.41,10,57.99,5,0.14,4,8.52,4,0.07,1,,
44230,2000,충청남도 논산시,4.73,4,40.85,6,-16.69,10,67.3,5,21.2,4,0.22,5,1538872,5,,,28.56,3,17.09,4,0.78,1,56.53,5,23.27,8,-1.32,10,86.04,6,0.65,7,10.55,5,0.15,4,,
44250,2000,충청남도 계룡시,21.26,7,47.5,6,61.86,8,,0,,0,0.13,3,176402,1,,,39.08,4,260.07,7,,0,,0,-88.66,10,,0,46.02,5,,0,11.8,5,0,1,,
44710,2000,충청남도 금산군,3.4,3,37.6,5,-20.12,10,65.68,5,15.5,3,0.29,5,742187,1,,,35.37,4,19.4,5,0.56,1,91.32,6,,0,-1.37,10,83.29,6,0.17,4,9.67,4,0.69,7,,
44730,2000,충청남도 연기군,4.81,4,36.3,5,,,69.45,6,32,5,0.36,6,1099894,3,,,51.41,5,10,2,0.61,1,62.73,5,18.87,8,-0.95,10,83.46,6,0.75,7,11.62,5,0.12,4,,
44760,2000,충청남도 부여군,3.09,2,39.99,6,-25.32,10,71.8,6,15.8,3,0.2,4,1018896,3,,,26.84,3,30.76,6,0.58,1,86.63,6,95.31,8,-2.72,10,82.33,6,0.36,6,7.41,3,0.12,4,,
44770,2000,충청남도 서천군,4.14,4,34.59,5,-31.56,10,71.15,6,15.8,3,0.24,5,1042667,3,,,52.9,5,39.09,6,0.88,1,91.74,6,-73.76,10,-3.85,10,21.41,1,0.3,6,9.41,4,0.45,7,,
44790,2000,충청남도 청양군,2.9,2,34.78,5,-14.51,10,72.85,6,11.6,2,0.21,5,535305,1,,,22.42,2,14.18,4,0.67,1,125.39,6,-52.7,10,-2.41,10,83.78,6,,0,9.33,4,0.78,7,,
44800,2000,충청남도 홍성군,4.87,4,41.52,6,-18.73,10,68.1,6,17.8,4,0.22,5,1000440,3,,,28.59,3,25.06,5,0.63,1,67.51,5,-29.85,10,-2.28,10,67.95,6,0.55,7,7.5,3,0.22,6,,
44810,2000,충청남도 예산군,4.21,4,39.83,6,-17.38,10,69.78,6,17.8,4,0.19,4,869680,2,,,22.49,2,10.94,3,0.52,1,65.32,5,-3.09,10,-2.3,10,69.9,6,0.31,6,10.03,4,0.2,5,,
44825,2000,충청남도 태안군,3.69,3,36.39,5,-9.91,10,69.3,6,20.7,4,0.16,4,936175,3,,,63.54,5,26.34,6,0.59,1,83.42,6,158.33,8,-0.73,10,72.6,6,0.15,4,6.52,3,0.15,5,,
44830,2000,충청남도 당진시,4.1,4,32.94,5,-1.79,10,68.3,6,28,5,0.25,5,1818449,5,,,60.31,5,14.51,4,0.58,1,55.25,5,,0,-2.2,10,19.65,1,0.17,4,10.79,5,0.42,6,,
45110,2000,전라북도 전주시,13.61,6,44.23,6,0.71,10,61.55,5,51,6,0.25,5,,0,,,44.72,5,5.3,1,1.84,4,29.28,3,-64.29,10,0.61,10,49.75,5,0.21,5,12.96,5,0.03,1,,
45130,2000,전라북도 군산시,8.72,6,34.35,5,-7.16,10,66.83,5,31.7,5,0.26,5,,0,,,41.76,4,7.82,1,1.41,3,48.55,5,-25.37,10,-1.61,10,62.84,5,0.44,6,21.16,6,0.04,1,,
45140,2000,전라북도 익산시,9.15,6,42.46,6,-8.13,10,65.04,5,31.6,5,0.29,5,,0,,,33.54,4,2.62,1,0.97,1,43.75,4,-36.72,10,-1.09,10,52.15,5,0.49,6,9.33,4,0.03,1,,
45180,2000,전라북도 정읍시,4.96,4,41.58,6,-17.93,10,72.33,6,15.2,3,0.23,5,,0,,,20.35,1,0.44,1,0.82,1,73.71,6,-67.99,10,0.31,10,72.56,6,0.23,5,22.07,6,0.15,5,,
45190,2000,전라북도 남원시,4.93,4,43.37,6,-19.03,10,77.25,6,16.2,3,0.23,5,,0,,,23.88,2,2.58,1,0.7,1,97.44,6,-68.52,10,-1.41,10,79,6,0.21,5,11.38,5,0.74,7,,
45210,2000,전라북도 김제시,4.8,4,32.79,5,-23.26,10,72.88,6,16.5,4,0.22,5,,0,,,21.39,1,2.48,1,0.88,1,89.48,6,-36.38,10,-2.68,10,90.77,6,0.29,6,6.04,2,0.1,3,,
45710,2000,전라북도 완주군,4.92,4,26.91,5,-10.21,10,70.75,6,23.8,5,0.29,5,,0,,,54.13,5,6.97,1,0.56,1,80.11,6,-76.87,10,-2.35,10,74.02,6,0.76,7,6.07,2,0.13,4,,
45720,2000,전라북도 진안군,3.08,2,39.44,6,-19.65,10,77.25,6,13.5,3,0.16,4,,0,,,20.82,1,4.44,1,0.55,1,167.13,7,33.68,8,-7.62,10,55.32,5,0,1,6.94,3,0,1,,
45730,2000,전라북도 무주군,3.95,3,37.01,5,-20.29,10,78.28,6,18.6,4,0.19,4,,0,,,28.02,3,0,1,0.45,1,150.39,7,-83.71,10,-9.05,10,77.2,6,0,1,4.37,1,2.91,7,,
45740,2000,전라북도 장수군,2.65,2,41.11,6,-28.43,10,78.43,6,13.5,3,0.16,4,,0,,,16.6,1,0.08,1,0.69,1,182.71,7,-81.18,10,-0.17,10,81.77,6,0.43,6,5.15,2,0.43,6,,
45750,2000,전라북도 임실군,2.59,1,35.7,5,-33.44,10,75.73,6,12.4,2,0.19,4,,0,,,17.81,1,1.28,1,0.72,1,178.25,7,-63.59,10,-5.17,10,85.36,6,0.32,6,7.79,4,1.3,7,,
45770,2000,전라북도 순창군,2.76,2,41.6,6,-27.77,10,78.03,6,10.4,1,0.18,4,,0,,,17.33,1,0,1,0.67,1,163.53,7,-22.05,10,-3.44,10,82.36,6,0.33,6,12.13,5,0,1,,
45790,2000,전라북도 고창군,3.2,3,36.73,5,-29.51,10,74.3,6,12.9,2,0.17,4,,0,,,14.94,1,6.42,1,0.72,1,100.25,6,,0,-2.74,10,77.26,6,0.62,7,3.08,1,0.62,7,,
45800,2000,전라북도 부안군,3.05,2,34.3,5,-25.69,10,70.9,6,20.1,4,0.2,5,,0,,,16.45,1,3.08,1,0.75,1,96.77,6,-15.64,10,-4.12,10,89.57,6,0,1,5.26,2,0.15,5,,
46110,2000,전라남도 목포시,8.08,6,45.09,6,-10.19,10,66.03,5,30.7,5,0.24,5,,0,,,38.17,4,27.52,6,4.73,6,42.12,4,100.18,8,-1.34,10,71.95,6,0.68,7,11.62,5,0,1,,
46130,2000,전라남도 여수시,6.74,5,31.16,5,42.86,8,68.23,6,33.5,6,0.29,5,,0,,,84.1,6,21.29,5,1.06,1,56.85,5,-32.38,10,-1.8,10,61.17,5,0.26,5,11.38,5,0.07,1,,
46150,2000,전라남도 순천시,8.61,6,42.21,6,-0.38,10,68.09,6,28.4,5,0.23,5,,0,,,35.08,4,33.92,6,0.64,1,47.08,5,-2.28,10,0.08,10,50.04,5,0.34,6,11.54,5,0.08,2,,
46170,2000,전라남도 나주시,4.23,4,36.92,5,-17.56,10,77.9,6,16.9,4,0.24,5,,0,,,30.8,3,13.36,4,0.77,1,100.37,6,-32.07,10,-1.85,10,69.64,6,0.5,6,11.25,5,0,1,,
46230,2000,전라남도 광양시,6.01,5,23.84,4,5.78,10,72.48,6,38.1,6,0.4,6,,0,,,228.68,7,1.5,1,1.14,1,60.69,5,-76.36,10,-1.46,10,79,6,0,1,8.59,4,0.08,2,,
46710,2000,전라남도 담양군,3.77,3,37.29,5,-21.84,10,75.1,6,14.7,3,0.23,5,,0,,,23.03,2,6.87,1,0.58,1,104.04,6,11.45,8,-2.63,10,69.87,6,0.18,5,8.79,4,0.18,5,,
46720,2000,전라남도 곡성군,2.51,1,25.62,5,-16.09,10,78.25,6,11.7,2,0.23,5,,0,,,31.56,3,21.28,5,0.46,1,136.17,6,-22.1,10,-0.87,10,77.27,6,0.26,5,10.51,5,0,1,,
46730,2000,전라남도 구례군,3.24,3,41.71,6,-31.29,10,76.18,6,13.1,3,0.2,5,,0,,,16.21,1,47.87,6,0.43,1,160.95,7,-31.02,10,-2.14,10,79.73,6,0,1,13.24,5,0.35,6,,
46770,2000,전라남도 고흥군,1.95,1,47.27,6,-31.58,10,77.28,6,10.4,1,0.15,4,,0,,,12.32,1,18.44,5,0.7,1,86.62,6,-55.32,10,-1.37,10,77.64,6,0,1,8.09,4,0.11,4,,
46780,2000,전라남도 보성군,2.51,1,35.34,5,-28.92,10,78.9,6,10.6,1,0.19,4,,0,,,17.53,1,23.38,5,0.64,1,110.15,6,-9.47,10,-2.69,10,62.4,5,0.18,4,8.58,4,0.36,6,,
46790,2000,전라남도 화순군,6.98,5,36.5,5,11.51,9,74.45,6,16,3,0.2,5,,0,,,23.04,2,10.06,2,0.5,1,86.33,6,-90.95,10,-0.11,10,70.39,6,0.28,6,8.87,4,0,1,,
46800,2000,전라남도 장흥군,2.76,2,45.23,6,-19.83,10,77,6,8.5,1,0.21,5,,0,,,15.56,1,21.82,5,0.49,1,113.45,6,58.44,8,-4.14,10,13.76,1,0,1,10.14,5,0,1,,
46810,2000,전라남도 강진군,3.13,2,44.34,6,-22.55,10,76.53,6,10.1,1,0.18,4,,0,,,23.05,2,65.89,7,0.54,1,123.48,6,,0,-4.09,10,80.01,6,0.45,6,12.03,5,0.23,6,,
46820,2000,전라남도 해남군,2.82,2,44.79,6,-20.27,10,78.53,6,12.4,2,0.19,4,,0,,,20.79,1,18.21,5,0.59,1,79.91,6,25.02,8,-1.84,10,63.75,5,0.56,7,7.7,4,0,1,,
46830,2000,전라남도 영암군,3.64,3,26.7,5,3.01,10,74.33,6,15,3,0.35,6,,0,,,38.21,4,47.42,6,0.67,1,102.75,6,-24.66,10,-1.74,10,34.83,4,0.33,6,12.43,5,0.17,5,,
46840,2000,전라남도 무안군,2.94,2,35.28,5,-20.26,10,76.58,6,14.7,3,0.19,4,,0,,,18.11,1,24.21,5,0.87,1,85.32,6,111.32,8,-1.62,10,75.68,6,0.16,4,8.5,4,0.16,5,,
46860,2000,전라남도 함평군,2.28,1,38.2,6,-28.85,10,74.58,6,12.3,2,0.16,4,,0,,,18.66,1,30.33,6,0.78,1,124.72,6,114.79,8,-3.42,10,83.22,6,0.97,7,5.81,2,0.24,6,,
46870,2000,전라남도 영광군,5.21,4,29.22,5,-15.78,10,74.15,6,16.1,3,0.3,6,,0,,,106.43,6,50.54,6,0.58,1,91.56,6,-16.98,10,-3.32,10,71.68,6,0.61,7,11.45,5,0.15,5,,
46880,2000,전라남도 장성군,6.12,5,36.84,5,-16.32,10,73.05,6,11.7,2,0.19,4,,0,,,28.18,3,16.05,4,0.63,1,112.27,6,-89.6,10,-1.13,10,88.16,6,0.6,7,8.25,4,0.2,5,,
46890,2000,전라남도 완도군,2.87,2,37.03,5,-19.24,10,78.98,6,12,2,0.43,6,,0,,,14.76,1,46.93,6,0.69,1,105.17,6,4.73,8,-2.82,10,6.34,1,0,1,9.27,4,0.16,5,,
46900,2000,전라남도 진도군,2.48,1,36.99,5,-26.36,10,80.13,6,11.6,2,0.14,3,,0,,,15.66,1,20.7,5,0.56,1,126.89,6,80.94,8,-2.73,10,82.28,6,0,1,12.48,5,0.26,6,,
46910,2000,전라남도 신안군,1.6,1,28.76,5,-49.55,10,76.23,6,10.3,1,0.13,3,,0,,,14.5,1,3.98,1,0.55,1,151.57,7,-37.19,10,-3.41,10,58.08,5,0.22,5,8.2,4,0,1,,
47110,2000,경상북도 포항시,7.55,5,26.96,5,-8.64,10,67.86,6,51.5,6,0.33,6,8190260,7,,,113.2,6,4.3,1,0.46,1,36.61,4,-63.09,10,-0.27,10,93.33,6,0.1,2,10.41,5,0.02,1,,
47130,2000,경상북도 경주시,7.64,5,35.71,5,-6.04,10,67.61,6,29.1,5,0.32,6,3663636,6,,,63.58,5,11.05,3,0.58,1,50.86,5,-40.49,10,-1.19,10,68.07,6,0.36,6,10.84,5,0.04,1,,
47150,2000,경상북도 김천시,5.46,5,40.9,6,-9.97,10,70.7,6,24.5,5,0.22,5,1555842,5,,,45.16,5,81.07,7,0.55,1,69.8,6,-24.4,10,-1.34,10,49.72,5,0.34,6,10.62,5,0,1,,
47170,2000,경상북도 안동시,6.91,5,41.36,6,-16.38,10,72.71,6,18.9,4,0.2,5,1526329,5,,,31.73,3,9.16,2,0.47,1,67.66,5,4.8,8,-1.47,10,73.44,6,0.55,7,10.82,5,0.11,3,,
47190,2000,경상북도 구미시,6.99,5,35.64,5,6.87,10,63.65,5,64.1,6,0.51,6,11100608,7,,,186.09,7,8.84,2,0.64,1,38.65,4,-27.56,10,-1.22,10,71.47,6,0.06,1,13.09,5,0,1,,
47210,2000,경상북도 영주시,5.4,5,41.6,6,-15.53,10,73.63,6,21.8,4,0.19,4,1184806,4,,,27.41,3,24.26,5,0.56,1,74.07,6,-37.23,10,-2.25,10,75.86,6,0.4,6,11.54,5,0.16,5,,
47230,2000,경상북도 영천시,5.03,4,39.87,6,-12.19,10,70.53,6,19.2,4,0.27,5,1383091,4,,,32.63,4,6.48,1,0.46,1,79.09,6,-67.69,10,-2.21,10,81.08,6,0.45,6,7.63,4,0,1,,
47250,2000,경상북도 상주시,5.02,4,39.83,6,-17.38,10,74.45,6,14.7,3,0.18,4,1003786,3,,,23.38,2,36.16,6,0.45,1,91.25,6,-0.81,10,-2.01,10,84.22,6,0.17,4,11.85,5,0,1,,
47280,2000,경상북도 문경시,4.6,4,44.69,6,-18.63,10,73.58,6,16.7,4,0.14,3,656650,1,,,20.91,1,56.86,7,0.46,1,92.13,6,-72.52,10,-0.22,10,82.38,6,0.11,3,11.89,5,0.22,6,,
47290,2000,경상북도 경산시,9.35,6,38.91,6,30.26,8,61.75,5,37.4,6,0.32,6,2729285,6,,,38.7,4,15.04,4,0.64,1,38.17,4,-53.71,10,-0.44,10,62.99,5,0.13,3,11.52,5,0.09,2,,
47720,2000,경상북도 군위군,2.94,2,35.68,5,-17.62,10,77.4,6,12.9,2,0.23,5,354152,1,,,20.11,1,13.24,4,0.42,1,152.02,7,-72.89,10,3.44,8,66.49,6,0.35,6,6.26,3,0,1,,
47730,2000,경상북도 의성군,2.73,2,41.63,6,-29.24,10,77.73,6,14.5,3,0.17,4,729854,1,,,19.64,1,17.46,5,0.4,1,108.41,6,-34.6,10,-2.89,10,81.76,6,0.29,6,7.31,3,0.15,4,,
47750,2000,경상북도 청송군,3.99,4,41.25,6,-26.36,10,78.2,6,13.4,3,0.16,4,330625,1,,,16.41,1,6.13,1,0.4,1,151.75,7,-68.98,10,-2.01,10,76.02,6,,0,10.54,5,0.32,6,,
47760,2000,경상북도 영양군,2.61,1,36.52,5,-27.96,10,78.1,6,9.4,1,0.12,3,247249,1,,,14.04,1,89.36,7,0.4,1,196.29,7,8.21,8,-2.48,10,86.1,6,,0,10.61,5,0,1,,
47770,2000,경상북도 영덕군,2.59,1,51.34,6,-30.63,10,75.33,6,14.2,3,0.19,4,397115,1,,,16.49,1,0,1,0.5,1,119.76,6,-60.87,10,-3.19,10,87.45,6,0.23,5,9.06,4,0.91,7,,
47820,2000,경상북도 청도군,3.87,3,46.34,6,-18.38,10,74.28,6,14.5,3,0.17,4,472614,1,,,28.14,3,14.67,4,0.52,1,105.12,6,,0,-5.7,10,75.83,6,0.21,5,9.75,4,0.21,5,,
47830,2000,경상북도 고령군,3.2,3,32.51,5,8.68,10,68.95,6,18.8,4,0.32,6,571581,1,,,25.75,3,61.43,7,0.54,1,128.39,6,,0,-1.98,10,61.86,5,1.13,7,10.98,5,0,1,,
47840,2000,경상북도 성주군,2.37,1,41.03,6,-13.77,10,75.5,6,17.9,4,0.22,5,648104,1,,,15.76,1,3.01,1,0.52,1,109.69,6,-34.8,10,-2.48,10,72.15,6,0.85,7,10.4,5,0,1,,
47850,2000,경상북도 칠곡군,6.26,5,38.83,6,20.91,8,68.48,6,29.9,5,0.42,6,1552613,5,,,32.7,4,636.46,7,0.73,1,55.34,5,-34.09,10,9.01,8,33.75,4,0.3,6,8.27,4,0.1,3,,
47900,2000,경상북도 예천군,3.64,3,39.62,6,-30.12,10,77.9,6,13.2,3,0.13,3,560280,1,,,16.9,1,236.81,7,0.57,1,111.62,6,,0,-3.14,10,66.02,6,0.37,6,9.03,4,0.18,5,,
47920,2000,경상북도 봉화군,2.87,2,35.58,5,-28.74,10,75.08,6,9.4,1,0.16,4,433416,1,,,24.79,2,45.89,6,0.38,1,135.21,6,-9.43,10,-3.56,10,14.59,1,0.26,5,8.11,4,0.52,7,,
47930,2000,경상북도 울진군,5.35,5,36.77,5,-19.39,10,76.13,6,21.7,4,0.23,5,984728,3,,,87.17,6,54.07,7,0.42,1,96.48,6,-74.8,10,-1.72,10,91.49,6,0.33,6,12.16,5,0.5,7,,
47940,2000,경상북도 울릉군,5.32,5,39.97,6,-20.29,10,77.93,6,17.7,4,0.24,5,100702,1,,,27.29,3,16.2,4,1.12,1,286.7,7,-98.29,10,-2.06,10,33.09,4,0,1,13.79,5,0.99,7,,
48110,2000,경상남도 창원시,11.26,6,29.2,5,2.25,10,61.79,5,69.1,7,0.47,6,9050994,7,,,104.79,6,26.28,6,2.33,5,23.42,2,-33.43,10,-0.53,10,60.95,5,0.14,4,8.18,4,0.06,1,,
48160,2000,경상남도 마산시,8.42,6,47.53,6,,,62.94,5,50,6,0.29,5,4060896,6,,,49.14,5,18.77,5,1.86,4,38.06,4,-67.15,10,-1.12,10,68.55,6,0.25,5,9.21,4,0.09,3,,
48170,2000,경상남도 진주시,9.56,6,40.56,6,-6.83,10,69.4,6,38.7,6,0.24,5,2955205,6,,,35.21,4,119.09,7,1.2,2,41.23,4,-67.68,10,-0.62,10,69.69,6,0.09,1,11.68,5,0.03,1,,
48190,2000,경상남도 진해시,8.23,6,39.66,6,,,73,6,37.3,6,0.23,5,1490621,4,,,28.08,3,53.68,7,3.55,6,48.05,5,120.82,8,-0.49,10,86.59,6,0.16,4,11.44,5,0.24,6,,
48220,2000,경상남도 통영시,4.48,4,44.53,6,-18.45,10,67.6,6,19.6,4,0.23,5,1236951,4,,,27.21,3,37.81,6,1.75,4,67.99,5,-49.86,10,-2.24,10,48.17,5,0.24,5,11.22,5,0.4,6,,
48240,2000,경상남도 사천시,6.43,5,37.94,5,-13.44,10,72.93,6,23,5,0.26,5,1514806,5,,,26.28,3,16.55,4,1.29,2,73.55,6,48.24,8,-0.85,10,68.17,6,0.27,6,10.62,5,0.09,3,,
48250,2000,경상남도 김해시,7.94,6,34,5,26.65,8,59.68,5,39.1,6,0.38,6,4784863,7,,,34.92,4,36.65,6,1.46,3,29.25,3,77.87,8,4.1,8,62.59,5,0.24,5,10.45,5,0.09,3,,
48270,2000,경상남도 밀양시,5.65,5,40.28,6,-16.3,10,70.43,6,19.4,4,0.21,5,1396173,4,,,25.35,2,11.82,3,0.62,1,68.56,5,-39.22,10,-1.9,10,70.95,6,0.26,5,9.49,4,0.17,5,,
48310,2000,경상남도 거제시,5.39,5,25.55,5,6.67,10,67.4,5,32.9,6,0.46,6,3046397,6,,,53.04,5,73.4,7,1.53,3,48.09,5,-13.8,10,-0.27,10,79.6,6,0.36,6,12.14,5,0.42,6,,
48330,2000,경상남도 양산시,7.74,5,33.2,5,12.86,9,61.9,5,61.5,6,0.48,6,3078915,6,,,71.58,6,29.23,6,1.58,3,33.34,3,120.33,8,3.8,8,67.74,6,0.31,6,9.64,4,0,1,,
48720,2000,경상남도 의령군,2.69,2,39.87,6,-29.37,10,73.65,6,14,3,0.21,5,426603,1,,,18.06,1,40.4,6,0.93,1,149.71,7,10.26,8,-2.18,10,68.6,6,1.59,7,9.24,4,0.64,7,,
48730,2000,경상남도 함안군,4.08,4,28.91,5,-11.96,10,68.7,6,20.4,4,0.4,6,1124383,4,,,37.64,4,13.81,4,1.01,1,84.59,6,-26.26,10,-1.92,10,73.33,6,0,1,8.85,4,0.51,7,,
48740,2000,경상남도 창녕군,3.37,3,39.24,6,-21.5,10,74.2,6,19.9,4,0.22,5,901135,3,,,28.82,3,44.29,6,0.93,1,92.7,6,-1.31,10,-2.28,10,83,6,0,1,8.57,4,0.76,7,,
48820,2000,경상남도 고성군,3.93,3,37.97,5,-19.03,10,72.55,6,14.6,3,0.26,5,1081553,3,,,54.53,5,24.6,5,0.91,1,103.93,6,-83.12,10,-2.31,10,66.06,6,0.9,7,7.88,4,0.54,7,,
48840,2000,경상남도 남해군,2.83,2,43.29,6,-25.31,10,74.78,6,15.6,3,0.17,4,406655,1,,,12.55,1,15.76,4,0.84,1,91.07,6,35.21,8,-3.32,10,53.53,5,0.19,5,10.54,5,0,1,,
48850,2000,경상남도 하동군,3.32,3,33.37,5,-19.5,10,75.78,6,16.3,3,0.26,5,938021,3,,,58.2,5,8.23,1,0.72,1,105.46,6,-17.79,10,-2.36,10,14.46,1,0,1,14.73,5,0.97,7,,
48860,2000,경상남도 산청군,3.58,3,39.28,6,-25.6,10,75.65,6,12.3,2,0.17,4,441888,1,,,26.71,3,19.47,5,0.59,1,130.92,6,60.82,8,-2.66,10,86.28,6,0.26,5,8.38,4,0.52,7,,
48870,2000,경상남도 함양군,3.45,3,39.01,6,-20.09,10,76.68,6,12.6,2,0.18,4,459579,1,,,16.35,1,13.19,4,0.58,1,114.92,6,-57.22,10,-2.68,10,75.43,6,0.48,6,11.92,5,0.24,6,,
48880,2000,경상남도 거창군,4.21,4,40.58,6,-15.65,10,75.5,6,14.4,3,0.19,4,612972,1,,,17.92,1,33.62,6,0.61,1,85.96,6,50.91,8,-1.86,10,66.2,6,0,1,9.7,4,0.3,6,,
48890,2000,경상남도 합천군,2.89,2,40.78,6,-27.07,10,77.55,6,16.2,3,0.18,4,591738,1,,,14.74,1,12.32,3,0.6,1,124.58,6,-45.67,10,-3.12,10,79.83,6,0.55,7,6.62,3,0.55,7,,
49110,2000,제주특별자치도 제주시,11.33,6,43.6,6,2.55,10,68.9,6,40.3,6,0.33,6,,0,,,56.95,5,24.65,5,3.6,6,36.64,4,-25.28,10,0.28,10,74.79,6,0.32,6,15.86,6,0.25,6,,
49130,2000,제주특별자치도 서귀포시,7.52,5,45.45,6,-8.27,10,73.68,6,,0,0.3,5,,0,,,37.09,4,43.01,6,1.23,2,71.61,6,-15.31,10,-1.49,10,80.01,6,0.62,7,15.58,6,1.24,7,,
49710,2000,제주특별자치도 북제주군,4.21,4,34.55,5,,,75.55,6,,0,0.23,5,,0,,,25.77,3,28.33,6,0.69,1,76.23,6,87.02,8,-1.42,10,93.05,6,0.46,6,9.16,4,0.11,4,,
49720,2000,제주특별자치도 남제주군,4.2,4,43.49,6,,,77.18,6,,0,0.19,4,,0,,,26.72,3,22.49,5,0.66,1,87.64,6,-0.85,10,-1.05,10,87.02,6,0.31,6,11.69,5,0.92,7,,
